-- phpMyAdmin SQL Dump
-- version 4.5.4.1deb2ubuntu2.1
-- http://www.phpmyadmin.net
--
-- Хост: localhost
-- Время создания: Авг 08 2019 г., 13:56
-- Версия сервера: 5.7.26-0ubuntu0.16.04.1
-- Версия PHP: 7.0.33-0ubuntu0.16.04.4

SET SQL_MODE = "NO_AUTO_VALUE_ON_ZERO";
SET time_zone = "+00:00";


/*!40101 SET @OLD_CHARACTER_SET_CLIENT=@@CHARACTER_SET_CLIENT */;
/*!40101 SET @OLD_CHARACTER_SET_RESULTS=@@CHARACTER_SET_RESULTS */;
/*!40101 SET @OLD_COLLATION_CONNECTION=@@COLLATION_CONNECTION */;
/*!40101 SET NAMES utf8mb4 */;

--
-- База данных: `GarageShelves`
--

-- --------------------------------------------------------

--
-- Структура таблицы `catalog`
--

CREATE TABLE `catalog` (
  `id` int(11) NOT NULL,
  `type_id` int(11) NOT NULL,
  `title` text COLLATE utf8_general_mysql500_ci NOT NULL,
  `title_eng` text COLLATE utf8_general_mysql500_ci,
  `description` text COLLATE utf8_general_mysql500_ci NOT NULL,
  `created` timestamp NOT NULL DEFAULT CURRENT_TIMESTAMP,
  `owner_id` int(11) DEFAULT NULL,
  `company_id` int(11) DEFAULT NULL,
  `year` int(11) DEFAULT NULL
) ENGINE=InnoDB DEFAULT CHARSET=utf8 COLLATE=utf8_general_mysql500_ci;

--
-- Дамп данных таблицы `catalog`
--

INSERT INTO `catalog` (`id`, `type_id`, `title`, `title_eng`, `description`, `created`, `owner_id`, `company_id`, `year`) VALUES
(1, 2, '', 'ZX Spectrum', '', '2018-09-01 13:19:27', NULL, NULL, 1982),
(2, 2, '', 'ZX Spectrum 48k', '', '2018-09-01 13:19:43', NULL, NULL, NULL),
(3, 3, 'ZX Spectrum+', 'ZX Spectrum+', '', '2018-09-01 13:20:08', NULL, 98, 1984),
(4, 5, 'Ленинград 1', NULL, '', '2018-09-01 14:07:09', NULL, NULL, NULL),
(5, 2, 'x86 PC', NULL, '', '2018-09-01 14:09:25', NULL, NULL, NULL),
(6, 2, 'IBM ThinkPad', NULL, '', '2018-09-01 14:09:40', NULL, NULL, NULL),
(7, 3, 'IBM ThinkPad T60', NULL, '', '2018-09-01 14:11:01', NULL, 500, 2006),
(8, 3, 'IBM ThinkPad T60p', NULL, '', '2018-09-01 14:11:07', NULL, 500, 2006),
(9, 3, 'IBM ThinkPad iSeries 1161', NULL, '', '2018-09-01 14:13:39', NULL, 48, 2000),
(10, 2, 'Радио 86РК', 'Radio 86RK', '', '2018-09-01 17:25:00', NULL, NULL, NULL),
(11, 2, 'Amiga', NULL, '', '2018-09-01 17:25:54', NULL, 339, NULL),
(12, 4, 'Апогей БК01', NULL, '', '2018-09-01 17:27:09', NULL, NULL, NULL),
(13, 3, 'Апогей БК01', 'Apogey BK01', '', '2018-09-01 17:27:50', NULL, NULL, 1988),
(14, 8, 'Руководство по эксплуатации ПЭВМ Апогей-БК01. Приложение 1. Система команд и программирование на ассемблере', NULL, '', '2018-09-05 09:48:15', NULL, NULL, NULL),
(15, 8, 'Руководство по эксплуатации ПЭВМ Апогей-БК01. Приложение 2. Интерпретатор языка Бейсик. Руководство пользователя', NULL, '', '2018-09-05 09:48:44', NULL, NULL, NULL),
(16, 8, 'Персональная электронная вычислительная машина Апогей-БК01. Руководство по эксплуатации', NULL, '', '2018-09-05 09:49:03', NULL, NULL, NULL),
(17, 8, 'Руководство по эксплуатации ПЭВМ Апогей-БК01. Приложение 3. Системные и прикладные программы', NULL, '', '2018-09-05 09:49:26', NULL, NULL, NULL),
(18, 13, 'Блок питания Апогей-БК01. Паспорт', NULL, '', '2018-09-05 10:01:55', NULL, NULL, NULL),
(19, 12, 'Блок питания. Схема электрическая принципиальная', NULL, '', '2018-09-05 10:02:23', NULL, NULL, NULL),
(20, 12, 'Плата микро-ЭВМ', NULL, '', '2018-09-05 10:02:34', NULL, NULL, NULL),
(21, 12, 'Плата микро-ЭВМ. Схема электрическая принципиальная', NULL, '', '2018-09-05 10:02:44', NULL, NULL, NULL),
(22, 12, 'Персональная ЭВМ Апогей-БК01. Схема электрическая принципиальная', NULL, '', '2018-09-05 10:02:54', NULL, NULL, NULL),
(23, 15, 'Audio cable DIN5-2DIN5', NULL, '', '2018-09-05 10:39:05', NULL, NULL, NULL),
(24, 15, 'Self-test connector', NULL, '', '2018-09-05 10:40:09', NULL, NULL, NULL),
(25, 15, 'TV Modulator', NULL, '', '2018-09-05 10:40:22', NULL, NULL, NULL),
(26, 13, 'Expansion slot cover', NULL, '', '2018-09-05 10:41:42', NULL, NULL, NULL),
(27, 13, 'Box', NULL, '', '2018-09-05 10:46:00', NULL, NULL, NULL),
(28, 13, 'Power adapter box', NULL, '', '2018-09-05 10:46:07', NULL, NULL, NULL),
(29, 6, 'Power adapter', NULL, '', '2018-09-05 10:46:42', NULL, NULL, NULL),
(30, 16, 'Cassette "Программное обеспечение для ПЭВМ Апогей БК01"', NULL, 'Тетрис, Клад, XO 1X,M, РАКМА, Лестница, Удав, Цирк, Рикошет, Вулкан, Шахматы, Гонки, Реверси, Крестики-нолики, Угадай число, Лабиринт 1-4, Королевство Эйфория, Орегонская тропа, Шашки, Посадка на Луну, Кубик, Морской бой', '2018-09-05 10:53:12', NULL, NULL, NULL),
(31, 3, 'Микроша', 'Mikrosha', '', '2018-09-05 12:56:24', NULL, NULL, 1987),
(32, 2, 'Apple II', NULL, '', '2018-09-05 13:09:04', NULL, NULL, NULL),
(33, 2, 'Amstrad CPC', NULL, '', '2018-09-05 13:10:59', NULL, NULL, NULL),
(34, 3, 'Schneider CPC 464', NULL, '', '2018-09-05 13:11:19', NULL, NULL, 1985),
(35, 3, 'Compaq Presario 425', NULL, '', '2018-09-05 13:16:06', NULL, NULL, NULL),
(36, 2, 'Электроника БК', 'Electronika BK', 'БК (бытовой компьютер) — семейство советских 16-разрядных домашних и учебных ЭВМ, совместимых по системе команд и частично по архитектуре с СМ ЭВМ, PDP-11 и ДВК.', '2018-09-05 13:19:36', NULL, NULL, 1983),
(37, 4, 'ZX Spectrum+', NULL, '', '2018-09-06 08:04:22', NULL, 98, NULL),
(38, 13, 'Box', NULL, '', '2018-09-06 08:05:52', NULL, NULL, NULL),
(39, 6, 'Power adapter', NULL, '', '2018-09-06 08:07:16', NULL, NULL, NULL),
(40, 15, 'TV cable', NULL, '', '2018-09-06 08:07:40', NULL, NULL, NULL),
(41, 15, 'Audio cable', NULL, '', '2018-09-06 08:07:51', NULL, NULL, NULL),
(42, 16, 'Sinclair ZX Spectrum+ User Guide Companion Cassette', NULL, '', '2018-09-06 08:08:53', NULL, NULL, NULL),
(43, 8, 'ZX Spectrum+ User Guide', NULL, '', '2018-09-06 08:09:23', NULL, NULL, NULL),
(44, 11, 'Programmiamo con lo Spectrum plus', NULL, '', '2018-09-06 08:09:34', NULL, NULL, NULL),
(45, 2, 'Commodore 64', NULL, '', '2018-09-07 10:54:09', NULL, NULL, NULL),
(46, 4, 'Commodore 64C kit', NULL, '', '2018-09-07 11:02:24', NULL, NULL, NULL),
(47, 3, 'Commodore 64C', NULL, '', '2018-09-07 11:02:51', NULL, NULL, 1987),
(48, 15, 'TV cable', NULL, '', '2018-09-07 11:03:28', NULL, NULL, NULL),
(49, 13, 'Box', NULL, '', '2018-09-07 11:03:40', NULL, NULL, NULL),
(50, 6, 'Power adapter', NULL, '', '2018-09-07 11:03:50', NULL, NULL, NULL),
(51, 13, 'Power adapter box', NULL, '', '2018-09-07 11:03:57', NULL, NULL, NULL),
(52, 8, 'Commodore 64C Personal computer introductory guide', NULL, '', '2018-09-07 11:04:46', NULL, NULL, NULL),
(53, 2, 'Корвет', 'Korvet', '«Корвет» — советский 8-разрядный персональный компьютер.\r\n\r\nРазработан в 1985 году сотрудниками Института ядерной физики Московского государственного университета: Николаем Роем, Александром Скурихиным и Олегом Щербаковым.\r\n\r\n<https://ru.wikipedia.org/wiki/%D0%9A%D0%BE%D1%80%D0%B2%D0%B5%D1%82_(%D0%BA%D0%BE%D0%BC%D0%BF%D1%8C%D1%8E%D1%82%D0%B5%D1%80)>', '2018-09-07 12:53:13', NULL, NULL, NULL),
(54, 3, 'Корвет ПК 8010', 'Korvet PK 8010', '', '2018-09-07 13:00:17', NULL, NULL, 1987),
(55, 4, 'Robotron 1715M kit', NULL, '', '2018-09-07 13:11:58', NULL, NULL, NULL),
(56, 3, '1715M', NULL, '', '2018-09-07 13:12:15', NULL, 114, 1985),
(57, 6, 'Keyboard', NULL, '', '2018-09-07 13:12:30', NULL, NULL, NULL),
(58, 6, 'Monitor', NULL, '', '2018-09-07 13:12:36', NULL, NULL, NULL),
(59, 2, 'ZX80', NULL, 'The Sinclair ZX80 is a home computer brought to market in 1980 by Science of Cambridge Ltd. (later to be better known as Sinclair Research). It is notable for being the first computer (unless one counts the MK14) available in the United Kingdom for less than a hundred pounds. It was available in kit form for £79.95, where purchasers had to assemble and solder it together, and as a ready-built version at £99.95. The ZX80 was very popular straight away, and for some time there was a waiting list of several months for either version of the machine.\n\n#### Name\nThe ZX80 was named after the Z80 processor with the \'X\' for "the mystery ingredient".\n\n#### Hardware\nInternally, the machine was designed by Jim Westwood around a Z80 central processing unit with a clock speed of 3.25 MHz, and was equipped with 1 KB of static RAM and 4 KB of read-only memory (ROM).\nThe ZX80 was designed around readily available TTL chips; the only proprietary technology was the firmware. The successor ZX81 used a semi-custom chip (a ULA or Uncommitted Logic Array) which combined the functions of much of the earlier hardware onto a single chip reducing the chip-count from 21 to 4. However this was mainly a cost-reduction effort; the hardware functionality and system programs were very similar, with the only significant difference being the NMI-generator necessary for slow mode in the ZX81, and the 4K integer-only Sinclair BASIC upgraded to 8K floating-point-capable, with the upgraded ROM also available as upgrade for the ZX80. Both computers can be made by hobbyists using commercially available discrete logic chips or FPGAs.\n\n#### Firmware\nThe ROM contained the Sinclair BASIC programming language, editor, and operating system. BASIC commands were not entered by typing them out but were instead selected somewhat similarly to a programmable graphing calculator - each key had a few different functions selected by both context and modes as well as with the shift key.\n\n#### Case\nThe machine was mounted in a small white plastic case, with a one-piece blue membrane keyboard on the front. There were problems with durability, reliability and overheating (despite appearances, the black stripes visible on the top rear of the case are merely cosmetic, and are not ventilation slots).\n\n#### Video output\nDisplay was over an RF connection to a household television, and simple offline program storage was possible using a cassette recorder. The video display generator of the ZX80 used minimal hardware plus a combination of software to generate a video signal. This was an idea that was popularised by Don Lancaster in his 1978 book The TV Cheap Video Cookbook and his "TV Typewriter". As a result of this approach the ZX80 could only generate a picture when it was idle, i.e. waiting for a key to be pressed. When running a BASIC program, or even when pressing a key for any input, the display would, therefore, blank out momentarily while the processor was busy. This made moving graphics difficult since the program had to introduce a pause for input to display the next change in graphical output. The later ZX81 improved on this somewhat because it could run in a "slow" mode while creating a video signal, or in a "fast" mode without generating a video signal (typically used for lengthy calculations). Another issue was that the main RAM was used to store the screen display, with the result that the available screen size would gradually decrease as the size of a program increased (and vice versa); with 1 KB RAM, running a 990 byte program would result in only one row of characters being visible on the screen; a full screen (32×24) would leave only 384 bytes to the programmer.\n\nVideo output was black-and-white, character-based. However, the ZX80 character set included some simple block-based graphics glyphs, allowing crude graphics to be accomplished, with some effort. One advantage to using monochrome video is that different colour broadcast standards (e.g. PAL, NTSC) simply weren\'t an issue when the system was sold outside the UK.\n\n#### Expansion\nOther than the built-in cassette and video ports, the only provided means of expansion was a slot opening at the rear of the case, which exposed an expansion bus edge connector on the motherboard. The same slot bus was continued on the ZX81, and later the ZX Spectrum, which encouraged a small cottage industry of expansion devices, including memory packs, printers and even floppy drives. The original Sinclair ZX80 RAM Pack held either 1, 2 or 3 KB of static RAM and a later model held 16 KB of dynamic RAM (DRAM).\n\nFollowing the ZX81\'s release, a ZX81 8 KB ROM was available to upgrade the ZX80 at a cost of around 20% of a real ZX81. It came with a thin keyboard overlay and a ZX81 manual. Simply taking off the top cover of the ZX80 and prying the old ROM from its socket and carefully inserting the new ROM and adding the keyboard overlay, the ZX80 would now function almost identically to the proper ZX81 – except for SLOW mode, due to the differences in hardware between the two models. The process was easily reversed to get the ZX80 back to its old self.\n\nOne of the most common modifications by hobbyist users was to move the motherboard into a larger case, with a full-size keyboard. This had the dual advantages of making the machine easier to type on, while increasing ventilation to the motherboard (reducing the likelihood of overheating).\n\n#### Versions\nThe UK version of the machine was the standard, and only changes that were absolutely necessary to sell units in other markets were made. In fact, the only real change made in most markets involved the video output frequency (the ZX80 used an external power transformer, so differences in AC line frequency and outlet were not an issue to the machine itself). One outcome of this is that the machine had some keyboard keys and characters that were distinctly British: "Newline" was used instead of "Enter", "Rubout" instead of "Backspace" or "Delete", and the character set and keyboard included the Pound symbol.\n\n#### Reception\nThe ZX80 was widely advertised as the first personal computer for under £100 GBP (US$200). Kilobaud Microcomputing liked the design of the preassembled version, and said that the screen flickering during input or output was annoying but was useful as an indicator of the computer functioning correctly. It praised the documentation as excellent for novices, and noted that purchasing the computer was cheaper than taking a college class on BASIC. The magazine concluded, "The ZX-80 is a real computer and an excellent value", but only for beginners who could learn from the documentation or programmers experienced with writing Z-80 software. BYTE called the ZX80 a "remarkable device". It praised the real-time, interactive BASIC syntax checking, and reported that the computer performed better on benchmarks than some competitors, including the TRS-80 Model I. The screen blanking during program execution, the small RAM size and inadequate built-in Sinclair BASIC, and the keyboard received criticism, and the review recommended against buying the kit version of the computer given the difficulty of assembly and because purchasers did not save money. BYTE concluded that "the ZX80 might be summarized as a high-performance, very low-cost, portable personal computer system ... the ZX80 is a good starting point".\n\nSales of the ZX80 reached about 50,000, which contributed significantly to the UK leading the world in home computer ownership through the 1980s. Owing to the unsophisticated design and the tendency for the units to overheat, surviving machines in good condition are sought after and can fetch high prices by collectors.\n\n#### Clones\nThere were also clones of the ZX80, such as the American MicroAce, and from Brazil the Nova Eletrônica/Prológica NE-Z80 and the Microdigital TK82.\n\n<https://en.wikipedia.org/wiki/ZX80>', '2018-09-09 18:30:46', NULL, NULL, 1980),
(60, 2, 'Atari 8-bit', NULL, '', '2018-09-09 18:35:08', NULL, NULL, NULL),
(61, 3, '800XL', NULL, '<http://www.museo8bits.com/atari_xl.htm>', '2018-09-09 18:37:39', NULL, 75, 1983),
(62, 4, 'NCR PC4 kit', NULL, '', '2018-09-10 12:28:48', NULL, NULL, NULL),
(63, 3, 'NCR PC4', NULL, '', '2018-09-10 12:29:00', NULL, NULL, 1985),
(64, 6, 'Keyboard', NULL, '', '2018-09-10 12:29:33', NULL, NULL, NULL),
(65, 4, 'Base 64A kit', NULL, '', '2018-09-10 12:35:54', NULL, NULL, NULL),
(66, 3, 'Base 64A', NULL, '<http://www.museo8bits.com/base64a.htm>', '2018-09-10 12:36:09', NULL, NULL, 1983),
(67, 13, 'Box', NULL, '', '2018-09-10 12:36:21', NULL, NULL, NULL),
(68, 8, 'Micro computer user\'s manual', NULL, '', '2018-09-10 12:36:37', NULL, NULL, NULL),
(69, 19, 'NES', NULL, '', '2018-09-10 12:52:46', NULL, NULL, NULL),
(70, 20, 'TI-81/82/83/84/85/86', NULL, '', '2018-09-11 11:34:55', NULL, NULL, NULL),
(71, 4, 'TI-82 kit', NULL, '', '2018-09-11 11:36:52', NULL, NULL, NULL),
(72, 21, 'TI-82', NULL, '', '2018-09-11 11:40:59', NULL, NULL, 1993),
(73, 13, 'Back lid', NULL, '', '2018-09-11 11:41:35', NULL, NULL, NULL),
(74, 15, 'Link cable', NULL, '', '2018-09-11 11:42:50', NULL, NULL, NULL),
(75, 13, 'Package', NULL, '', '2018-09-11 11:43:27', NULL, NULL, NULL),
(76, 8, 'Guidebook', NULL, '', '2018-09-11 11:46:06', NULL, NULL, NULL),
(77, 3, 'LTE 5280', NULL, '', '2018-09-12 04:55:20', NULL, 456, 1995),
(78, 2, '', 'ZX Spectrum 128k', '', '2018-09-12 05:00:00', NULL, NULL, NULL),
(79, 2, 'Sun Fire', NULL, '', '2018-09-12 05:02:54', NULL, NULL, NULL),
(80, 3, 'Sun Fire V100', NULL, 'CPU UltraSPARC IIe/IIi', '2018-09-12 05:03:52', NULL, NULL, 2006),
(81, 3, 'Onyx Jr', NULL, '<http://www.museo8bits.com/onyx.htm>', '2018-09-13 11:39:03', NULL, 1, 1985),
(82, 3, 'TK-95', NULL, '<http://www.old-computers.com/museum/computer.asp?st=1&c=916>', '2018-09-13 11:39:03', NULL, 1, 1986),
(83, 3, 'TK-82', NULL, '<http://www.old-computers.com/museum/computer.asp?st=1&c=912>', '2018-09-13 11:39:03', NULL, 1, 1981),
(84, 3, 'TK EXTENDED', NULL, '<http://www.old-computers.com/museum/computer.asp?st=1&c=946>', '2018-09-13 11:39:03', NULL, 1, 1988),
(85, 3, 'TK 82C', NULL, '<http://www.museo8bits.com/tk82.htm>', '2018-09-13 11:39:03', NULL, 1, 1981),
(86, 3, 'TK-3000', NULL, '<http://www.old-computers.com/museum/computer.asp?st=1&c=947>', '2018-09-13 11:39:03', NULL, 1, 1985),
(87, 3, 'TK 80', NULL, '<http://www.museo8bits.com/tk80.htm>', '2018-09-13 11:39:03', NULL, 1, 1981),
(88, 3, 'TK-2000', NULL, '<http://www.old-computers.com/museum/computer.asp?st=1&c=1161>', '2018-09-13 11:39:03', NULL, 1, 1984),
(89, 3, 'TK-85', NULL, '<http://www.old-computers.com/museum/computer.asp?st=1&c=976>', '2018-09-13 11:39:03', NULL, 1, 1983),
(90, 3, 'TK-83', NULL, '<http://www.old-computers.com/museum/computer.asp?st=1&c=1019>', '2018-09-13 11:39:03', NULL, 1, 1981),
(91, 3, 'TK-90X', NULL, '<http://www.old-computers.com/museum/computer.asp?st=1&c=945>', '2018-09-13 11:39:03', NULL, 1, 1985),
(92, 3, 'MicroAce', NULL, '<http://www.old-computers.com/museum/computer.asp?st=1&c=1179>', '2018-09-13 11:39:03', NULL, 2, 1980),
(93, 3, 'ATTACHE', NULL, '<http://www.old-computers.com/museum/computer.asp?st=1&c=1227>', '2018-09-13 11:39:03', NULL, 3, 1982),
(94, 18, 'TELE-MULTIPLAY 6000', NULL, '<http://www.old-computers.com/museum/computer.asp?st=3&c=1154>', '2018-09-13 11:39:03', NULL, 4, 1977),
(95, 18, 'TELE-MULTIPLAY 8000', NULL, '<http://www.old-computers.com/museum/computer.asp?st=3&c=742>', '2018-09-13 11:39:03', NULL, 4, 1978),
(96, 3, 'LASER 2001', NULL, '<http://www.old-computers.com/museum/computer.asp?st=1&c=43>', '2018-09-13 11:39:03', NULL, 5, 1983),
(97, 3, 'LASER 100/110', NULL, '<http://www.old-computers.com/museum/computer.asp?st=1&c=448>', '2018-09-13 11:39:03', NULL, 5, 1983),
(98, 3, 'LASER 3000', NULL, '<http://www.old-computers.com/museum/computer.asp?st=1&c=156>', '2018-09-13 11:39:03', NULL, 5, 1983),
(99, 3, 'LASER 350 / 500 / 700 / 750', NULL, '<http://www.old-computers.com/museum/computer.asp?st=1&c=449>', '2018-09-13 11:39:03', NULL, 5, 1985),
(100, 3, 'LASER 50 / ONE', NULL, '<http://www.old-computers.com/museum/computer.asp?st=1&c=447>', '2018-09-13 11:39:03', NULL, 5, 1985),
(101, 3, 'LASER 200 / 210', NULL, '<http://www.old-computers.com/museum/computer.asp?st=1&c=155>', '2018-09-13 11:39:03', NULL, 5, 1983),
(102, 3, 'LASER 310', NULL, '<http://www.old-computers.com/museum/computer.asp?st=1&c=157>', '2018-09-13 11:39:03', NULL, 5, 1984),
(103, 3, 'LASER 128 / 128EX / 128EX2', NULL, '<http://www.old-computers.com/museum/computer.asp?st=1&c=13>', '2018-09-13 11:39:03', NULL, 5, 1988),
(104, 3, 'VG 5000', NULL, '<http://www.old-computers.com/museum/computer.asp?st=1&c=1073>', '2018-09-13 11:39:03', NULL, 6, 1984),
(105, 3, 'Laser 2001', NULL, '<http://www.museo8bits.com/laser201.htm>', '2018-09-13 11:39:03', NULL, 7, 1984),
(106, 3, 'Laser 128, 128 EX', NULL, '<http://www.museo8bits.com/laser128.htm>', '2018-09-13 11:39:03', NULL, 7, 1988),
(107, 3, 'Laser 200', NULL, '<http://www.museo8bits.com/laser200.htm>', '2018-09-13 11:39:03', NULL, 7, 1984),
(108, 3, 'Socrates Educational Video System', NULL, '<http://www.museo8bits.com/socrates.htm>', '2018-09-13 11:39:03', NULL, 7, 1988),
(109, 3, 'MUPID', NULL, '<http://www.old-computers.com/museum/computer.asp?st=1&c=1112>', '2018-09-13 11:39:03', NULL, 8, 1981),
(110, 3, 'MUPID 2', NULL, '<http://www.old-computers.com/museum/computer.asp?st=1&c=1119>', '2018-09-13 11:39:03', NULL, 8, 1983),
(111, 18, 'NEO GEO ADVANCED ENTERTAINMENT SYSTEM (AES)', NULL, '<http://www.old-computers.com/museum/computer.asp?st=2&c=1225>', '2018-09-13 11:39:03', NULL, 9, 1990),
(112, 18, 'Neo Geo Pocket Color', NULL, '<http://www.museo8bits.com/ngpc.htm><http://www.old-computers.com/museum/computer.asp?st=2&c=1265>', '2018-09-13 11:39:03', NULL, 9, 1999),
(113, 18, 'Neo Geo Pocket', NULL, '<http://www.museo8bits.com/ngp.htm><http://www.old-computers.com/museum/computer.asp?st=2&c=1264>', '2018-09-13 11:39:03', NULL, 9, 1998),
(114, 3, '1500', NULL, '<http://www.old-computers.com/museum/computer.asp?st=1&c=639>', '2018-09-13 11:39:03', NULL, 10, 1983),
(115, 3, '1000', NULL, '<http://www.museo8bits.com/zx81.htm> <http://www.old-computers.com/museum/computer.asp?st=1&c=477>', '2018-09-13 11:39:03', NULL, 10, 1982),
(116, 3, '2068', NULL, '<http://www.old-computers.com/museum/computer.asp?st=1&c=634>', '2018-09-13 11:39:03', NULL, 10, 1983),
(117, 3, 'Exidy Sorcerer', NULL, '<http://www.museo8bits.com/exidy_sorcerer.htm>', '2018-09-13 11:39:04', NULL, 11, 1978),
(118, 3, 'SORCERER', NULL, '<http://www.old-computers.com/museum/computer.asp?st=1&c=214>', '2018-09-13 11:39:04', NULL, 11, 1978),
(119, 3, 'MCM 70 / 700', NULL, '<http://www.old-computers.com/museum/computer.asp?st=1&c=346>', '2018-09-13 11:39:04', NULL, 12, 1974),
(120, 3, 'MCM 800', NULL, '<http://www.old-computers.com/museum/computer.asp?st=1&c=1297>', '2018-09-13 11:39:04', NULL, 12, 1976),
(121, 3, 'ICON', NULL, '<http://www.old-computers.com/museum/computer.asp?st=1&c=971>', '2018-09-13 11:39:04', NULL, 13, 1983),
(122, 3, 'M 170', NULL, '<http://www.old-computers.com/museum/computer.asp?st=1&c=469>', '2018-09-13 11:39:04', NULL, 15, 1978),
(123, 3, 'IS-11C', NULL, '<http://www.old-computers.com/museum/computer.asp?st=1&c=481>', '2018-09-13 11:39:04', NULL, 15, 1985),
(124, 3, 'M223 SERIES', NULL, '<http://www.old-computers.com/museum/computer.asp?st=1&c=219>', '2018-09-13 11:39:04', NULL, 15, 1979),
(125, 3, 'M23 MARK III', NULL, '<http://www.old-computers.com/museum/computer.asp?st=1&c=212>', '2018-09-13 11:39:04', NULL, 15, 1982),
(126, 3, 'M 68 / M 68 MX', NULL, '<http://www.old-computers.com/museum/computer.asp?st=1&c=218>', '2018-09-13 11:39:04', NULL, 15, 1982),
(127, 3, 'M 5', NULL, '<http://www.old-computers.com/museum/computer.asp?st=1&c=217>', '2018-09-13 11:39:04', NULL, 15, 1982),
(128, 3, 'M203 MARK II', NULL, '<http://www.old-computers.com/museum/computer.asp?st=1&c=216>', '2018-09-13 11:39:04', NULL, 15, 1980),
(129, 3, 'M-100ACE', NULL, '<http://www.old-computers.com/museum/computer.asp?st=1&c=791>', '2018-09-13 11:39:04', NULL, 15, 1978),
(130, 3, 'SORD M5, M5 Pro, M5 Jr.', NULL, '<http://www.museo8bits.com/sord_m5.htm>', '2018-09-13 11:39:04', NULL, 15, 1982),
(131, 3, 'IS 11', NULL, '<http://www.old-computers.com/museum/computer.asp?st=1&c=215>', '2018-09-13 11:39:04', NULL, 15, 1983),
(132, 3, 'PC8', NULL, '<http://www.old-computers.com/museum/computer.asp?st=1&c=541>', '2018-09-13 11:39:04', NULL, 16, 1986),
(133, 3, 'PC6', NULL, '<http://www.old-computers.com/museum/computer.asp?st=1&c=540>', '2018-09-13 11:39:04', NULL, 16, 1985),
(134, 3, 'DECISION MATE V', NULL, '<http://www.old-computers.com/museum/computer.asp?st=1&c=299>', '2018-09-13 11:39:04', NULL, 16, 1984),
(135, 3, 'MENTOR 2000', NULL, '<http://www.old-computers.com/museum/computer.asp?st=1&c=882>', '2018-09-13 11:39:04', NULL, 17, 1986),
(136, 3, 'GOUPIL 2', NULL, '<http://www.old-computers.com/museum/computer.asp?st=1&c=131>', '2018-09-13 11:39:04', NULL, 18, 1981),
(137, 3, 'GOUPIL G4', NULL, '<http://www.old-computers.com/museum/computer.asp?st=1&c=537>', '2018-09-13 11:39:04', NULL, 18, 1985),
(138, 3, 'GOUPIL 3', NULL, '<http://www.old-computers.com/museum/computer.asp?st=1&c=132>', '2018-09-13 11:39:04', NULL, 18, 1983),
(139, 3, 'ACTRIX DS', NULL, '<http://www.old-computers.com/museum/computer.asp?st=1&c=502>', '2018-09-13 11:39:04', NULL, 19, 1983),
(140, 3, 'SKS 2500', NULL, '<http://www.old-computers.com/museum/computer.asp?st=1&c=211>', '2018-09-13 11:39:04', NULL, 21, 1982),
(141, 18, 'TV SCOREBOARD (HANDHELD)', NULL, '<http://www.old-computers.com/museum/computer.asp?st=3&c=719>', '2018-09-13 11:39:04', NULL, 22, 1981),
(142, 3, 'MICRO M16', NULL, '<http://www.old-computers.com/museum/computer.asp?st=1&c=390>', '2018-09-13 11:39:04', NULL, 23, 1977),
(143, 3, 'PROTEUS III', NULL, '<http://www.old-computers.com/museum/computer.asp?st=1&c=197>', '2018-09-13 11:39:04', NULL, 24, 1978),
(144, 3, 'MICROWRITER', NULL, '<http://www.old-computers.com/museum/computer.asp?st=1&c=558>', '2018-09-13 11:39:04', NULL, 25, 1980),
(145, 18, 'TV-9010', NULL, '<http://www.old-computers.com/museum/computer.asp?st=3&c=1103>', '2018-09-13 11:39:04', NULL, 26, 1977),
(146, 18, 'TELE-SPORTS', NULL, '<http://www.old-computers.com/museum/computer.asp?st=3&c=1158>', '2018-09-13 11:39:04', NULL, 26, 1977),
(147, 18, 'VIDEO 3000', NULL, '<http://www.old-computers.com/museum/computer.asp?st=3&c=687>', '2018-09-13 11:39:04', NULL, 27, 1978),
(148, 18, 'VIDEO 2400', NULL, '<http://www.old-computers.com/museum/computer.asp?st=3&c=686>', '2018-09-13 11:39:04', NULL, 27, 1975),
(149, 18, 'VC 4000', NULL, '<http://www.old-computers.com/museum/computer.asp?st=2&c=726>', '2018-09-13 11:39:04', NULL, 27, 1978),
(150, 3, 'Dragon 200', NULL, '<http://www.museo8bits.com/dragon.htm><http://www.old-computers.com/museum/computer.asp?st=1&c=941>', '2018-09-13 11:39:04', NULL, 28, 1982),
(151, 3, 'Dragon 64', NULL, '<http://www.museo8bits.com/dragon.htm><http://www.old-computers.com/museum/computer.asp?st=1&c=503>', '2018-09-13 11:39:04', NULL, 28, 1982),
(152, 3, 'MSX-64', NULL, '<http://www.old-computers.com/museum/computer.asp?st=1&c=1149>', '2018-09-13 11:39:04', NULL, 28, 1985),
(153, 3, 'Dragon 32', NULL, '<http://www.museo8bits.com/dragon.htm><http://www.old-computers.com/museum/computer.asp?st=1&c=117>', '2018-09-13 11:39:04', NULL, 28, 1982),
(154, 3, 'Dragon MSX', NULL, '<http://www.museo8bits.com/dragonmsx.htm>', '2018-09-13 11:39:04', NULL, 28, 1985),
(155, 3, 'TV COMPUTER', NULL, '<http://www.old-computers.com/museum/computer.asp?st=1&c=39>', '2018-09-13 11:39:04', NULL, 29, 1983),
(156, 3, '801', NULL, '<http://www.old-computers.com/museum/computer.asp?st=1&c=127>', '2018-09-13 11:39:04', NULL, 30, 1981),
(157, 3, 'GALAXY', NULL, '<http://www.old-computers.com/museum/computer.asp?st=1&c=385>', '2018-09-13 11:39:04', NULL, 30, 1983),
(158, 3, 'CHALLENGER', NULL, '<http://www.old-computers.com/museum/computer.asp?st=1&c=874>', '2018-09-13 11:39:04', NULL, 30, 1985),
(159, 3, 'IPDS', NULL, '<http://www.old-computers.com/museum/computer.asp?st=1&c=816>', '2018-09-13 11:39:04', NULL, 32, 1982),
(160, 3, 'SDK-86', NULL, '<http://www.old-computers.com/museum/computer.asp?st=1&c=570>', '2018-09-13 11:39:04', NULL, 32, 1979),
(161, 3, 'INTELLEC SERIES', NULL, '<http://www.old-computers.com/museum/computer.asp?st=1&c=754>', '2018-09-13 11:39:04', NULL, 32, 1973),
(162, 3, 'SDK-85', NULL, '<http://www.old-computers.com/museum/computer.asp?st=1&c=805>', '2018-09-13 11:39:04', NULL, 32, 1977),
(163, 3, 'Goldstar GDO202P', NULL, '<http://www.museo8bits.com/3do.htm>', '2018-09-13 11:39:04', NULL, 33, 1994),
(164, 3, 'FC-80 / FC-200', NULL, '<http://www.old-computers.com/museum/computer.asp?st=1&c=425>', '2018-09-13 11:39:04', NULL, 33, 1984),
(165, 18, '3DO INTERACTIVE MULTIPLAYER', NULL, '<http://www.old-computers.com/museum/computer.asp?st=2&c=1160>', '2018-09-13 11:39:04', NULL, 33, 1993),
(166, 3, 'MICROTIM+', NULL, '<http://www.old-computers.com/museum/computer.asp?st=1&c=649>', '2018-09-13 11:39:04', NULL, 34, 1994),
(167, 3, 'MICROTIM', NULL, '<http://www.old-computers.com/museum/computer.asp?st=1&c=622>', '2018-09-13 11:39:05', NULL, 34, 1986),
(168, 3, 'UNIX PC', NULL, '<http://www.old-computers.com/museum/computer.asp?st=1&c=1164>', '2018-09-13 11:39:05', NULL, 35, 1985),
(169, 3, 'PC 6300', NULL, '<http://www.old-computers.com/museum/computer.asp?st=1&c=531>', '2018-09-13 11:39:05', NULL, 35, 1984),
(170, 3, 'COMX-35', NULL, '<http://www.museo8bits.com/comx-35.htm>', '2018-09-13 11:39:05', NULL, 36, 1983),
(171, 3, 'COMX PC-1', NULL, '<http://www.museo8bits.com/comx_pc1.htm>', '2018-09-13 11:39:05', NULL, 36, 1983),
(172, 18, 'SATURN', NULL, '<http://www.old-computers.com/museum/computer.asp?st=2&c=1275>', '2018-09-13 11:39:05', NULL, 38, 1994),
(173, 3, 'SPC-1000', NULL, '<http://www.old-computers.com/museum/computer.asp?st=1&c=803>', '2018-09-13 11:39:05', NULL, 38, 1982),
(174, 3, 'Samsung 3DO', NULL, '<http://www.museo8bits.com/3do.htm>', '2018-09-13 11:39:05', NULL, 38, 1994),
(175, 3, 'MEK-6802-D5', NULL, '<http://www.old-computers.com/museum/computer.asp?st=1&c=504>', '2018-09-13 11:39:05', NULL, 39, 1982),
(176, 3, 'EXORSET 30', NULL, '<http://www.old-computers.com/museum/computer.asp?st=1&c=124>', '2018-09-13 11:39:05', NULL, 39, 1982),
(177, 3, 'WDR-1-BIT COMPUTER', NULL, '<http://www.old-computers.com/museum/computer.asp?st=1&c=834>', '2018-09-13 11:39:05', NULL, 39, 1981),
(178, 3, 'AVT DPC-200 MSX', NULL, '<http://www.museo8bits.com/avt_dpc200.htm>', '2018-09-13 11:39:05', NULL, 40, 1985),
(179, 3, 'COMP 2', NULL, '<http://www.old-computers.com/museum/computer.asp?st=1&c=520>', '2018-09-13 11:39:05', NULL, 40, 1982),
(180, 3, 'MICROLAB', NULL, '<http://www.old-computers.com/museum/computer.asp?st=1&c=1134>', '2018-09-13 11:39:05', NULL, 41, 1985),
(181, 3, 'CHALLENGER 1P', NULL, '<http://www.old-computers.com/museum/computer.asp?st=1&c=813>', '2018-09-13 11:39:05', NULL, 42, 1979),
(182, 3, 'CHALLENGER III', NULL, '<http://www.old-computers.com/museum/computer.asp?st=1&c=47>', '2018-09-13 11:39:05', NULL, 42, 1978),
(183, 3, 'SUPERBOARD II', NULL, '<http://www.old-computers.com/museum/computer.asp?st=1&c=860>', '2018-09-13 11:39:05', NULL, 42, 1978),
(184, 3, 'MODEL 500', NULL, '<http://www.old-computers.com/museum/computer.asp?st=1&c=49>', '2018-09-13 11:39:05', NULL, 42, 1977),
(185, 3, 'CHALLENGER II', NULL, '<http://www.old-computers.com/museum/computer.asp?st=1&c=46>', '2018-09-13 11:39:05', NULL, 42, 1978),
(186, 3, 'CHALLENGER 4P', NULL, '<http://www.old-computers.com/museum/computer.asp?st=1&c=572>', '2018-09-13 11:39:05', NULL, 42, 1979),
(187, 3, 'HX-10', NULL, '<http://www.old-computers.com/museum/computer.asp?st=1&c=438>', '2018-09-13 11:39:05', NULL, 43, 1983),
(188, 3, 'T100-X  DYNAPAD', NULL, '<http://www.old-computers.com/museum/computer.asp?st=1&c=801>', '2018-09-13 11:39:05', NULL, 43, 1993),
(189, 3, 'HX-52', NULL, '<http://www.old-computers.com/museum/computer.asp?st=1&c=1056>', '2018-09-13 11:39:05', NULL, 43, 1985),
(190, 3, 'PASOPIA', NULL, '<http://www.old-computers.com/museum/computer.asp?st=1&c=412>', '2018-09-13 11:39:05', NULL, 43, 1981),
(191, 3, 'HX-20 / HX-21 / PASOPIA IQ', NULL, '<http://www.old-computers.com/museum/computer.asp?st=1&c=580>', '2018-09-13 11:39:05', NULL, 43, 1984),
(192, 3, 'PASOPIA 7', NULL, '<http://www.old-computers.com/museum/computer.asp?st=1&c=413>', '2018-09-13 11:39:05', NULL, 43, 1983),
(193, 3, 'T 1200', NULL, '<http://www.old-computers.com/museum/computer.asp?st=1&c=917>', '2018-09-13 11:39:05', NULL, 43, 1987),
(194, 3, 'T 200', NULL, '<http://www.old-computers.com/museum/computer.asp?st=1&c=232>', '2018-09-13 11:39:05', NULL, 43, 1980),
(195, 3, 'PASOPIA 16 / T300 / PAP', NULL, '<http://www.old-computers.com/museum/computer.asp?st=1&c=414>', '2018-09-13 11:39:05', NULL, 43, 1982),
(196, 3, 'T 100', NULL, '<http://www.old-computers.com/museum/computer.asp?st=1&c=231>', '2018-09-13 11:39:05', NULL, 43, 1982),
(197, 3, 'Z9001 / KC85/1 / KC87', NULL, '<http://www.museo8bits.com/kc85_1.htm>', '2018-09-13 11:39:05', NULL, 44, 1984),
(198, 3, 'KC Compact', NULL, '<http://www.museo8bits.com/kc_compact.htm>', '2018-09-13 11:39:05', NULL, 44, 1989),
(199, 3, 'KC85/2 / KC85/3', NULL, '<http://www.museo8bits.com/kc85_2.htm>', '2018-09-13 11:39:05', NULL, 44, 1987),
(200, 3, 'MICROCONTROLLER', NULL, '<http://www.old-computers.com/museum/computer.asp?st=1&c=1303>', '2018-09-13 11:39:05', NULL, 45, 1982),
(201, 18, 'G7000', NULL, '<http://www.old-computers.com/museum/computer.asp?st=2&c=1081>', '2018-09-13 11:39:05', NULL, 46, 1979),
(202, 3, 'PERSONAL MINI PM/4T', NULL, '<http://www.old-computers.com/museum/computer.asp?st=1&c=411>', '2018-09-13 11:39:05', NULL, 47, 1984),
(203, 3, 'TS-803', NULL, '<http://www.old-computers.com/museum/computer.asp?st=1&c=1077>', '2018-09-13 11:39:05', NULL, 47, 1983),
(204, 3, 'TS-802', NULL, '<http://www.old-computers.com/museum/computer.asp?st=1&c=610>', '2018-09-13 11:39:05', NULL, 47, 1982),
(205, 3, 'PC XT 286', NULL, '<http://www.old-computers.com/museum/computer.asp?st=1&c=260>', '2018-09-13 11:39:05', NULL, 48, 1986),
(206, 3, 'PC XT - MODEL 5160', NULL, '<http://www.old-computers.com/museum/computer.asp?st=1&c=286>', '2018-09-13 11:39:05', NULL, 48, 1983),
(207, 3, 'PC JUNIOR', NULL, '<http://www.old-computers.com/museum/computer.asp?st=1&c=186>', '2018-09-13 11:39:05', NULL, 48, 1983),
(208, 3, '5100', NULL, '<http://www.old-computers.com/museum/computer.asp?st=1&c=795>', '2018-09-13 11:39:05', NULL, 48, 1975),
(209, 3, 'PS/2 MODEL 25', NULL, '<http://www.old-computers.com/museum/computer.asp?st=1&c=1183>', '2018-09-13 11:39:05', NULL, 48, 1987),
(210, 3, 'PC AT', NULL, '<http://www.old-computers.com/museum/computer.asp?st=1&c=185>', '2018-09-13 11:39:05', NULL, 48, 1984),
(211, 3, 'AN/FSQ-7', NULL, '<http://www.old-computers.com/museum/computer.asp?st=1&c=1050>', '2018-09-13 11:39:05', NULL, 48, 1958),
(212, 3, 'PC PORTABLE - MODEL 5155', NULL, '<http://www.old-computers.com/museum/computer.asp?st=1&c=446>', '2018-09-13 11:39:05', NULL, 48, 1984),
(213, 2, 'PS/1', NULL, '<http://www.old-computers.com/museum/computer.asp?st=1&c=1274>', '2018-09-13 11:39:05', NULL, 48, 1990),
(214, 3, 'PC - MODEL 5150', NULL, '<http://www.old-computers.com/museum/computer.asp?st=1&c=274>', '2018-09-13 11:39:05', NULL, 48, 1981),
(215, 3, 'RT (6150)', NULL, '<http://www.old-computers.com/museum/computer.asp?st=1&c=867>', '2018-09-13 11:39:05', NULL, 48, 1986),
(216, 3, 'INSTRUMENTS COMPUTER SYSTEM', NULL, '<http://www.old-computers.com/museum/computer.asp?st=1&c=623>', '2018-09-13 11:39:05', NULL, 48, 1982),
(217, 3, 'PC JX', NULL, '<http://www.old-computers.com/museum/computer.asp?st=1&c=187>', '2018-09-13 11:39:05', NULL, 48, 1984),
(218, 3, '5120', NULL, '<http://www.old-computers.com/museum/computer.asp?st=1&c=794>', '2018-09-13 11:39:05', NULL, 48, 1980),
(219, 3, '5140 CONVERTIBLE', NULL, '<http://www.old-computers.com/museum/computer.asp?st=1&c=1182>', '2018-09-13 11:39:05', NULL, 48, 1986),
(220, 3, 'MC-810', NULL, '<http://www.old-computers.com/museum/computer.asp?st=1&c=435>', '2018-09-13 11:39:05', NULL, 49, 1984),
(221, 18, 'TELELUDE', NULL, '<http://www.old-computers.com/museum/computer.asp?st=3&c=771>', '2018-09-13 11:39:05', NULL, 49, 1978),
(222, 3, 'PRIMO A-32', NULL, '<http://www.old-computers.com/museum/computer.asp?st=1&c=38>', '2018-09-13 11:39:06', NULL, 50, 1984),
(223, 3, 'ROBIK', NULL, '<http://www.old-computers.com/museum/computer.asp?st=1&c=776>', '2018-09-13 11:39:06', NULL, NULL, 1991),
(224, 18, 'SUPERGAME VG 3000', NULL, '<http://www.old-computers.com/museum/computer.asp?st=2&c=1126>', '2018-09-13 11:39:06', NULL, 51, 1985),
(225, 3, 'MC 1000', NULL, '<http://www.old-computers.com/museum/computer.asp?st=1&c=331>', '2018-09-13 11:39:06', NULL, 51, 1985),
(226, 18, 'SD-290', NULL, '<http://www.old-computers.com/museum/computer.asp?st=2&c=823>', '2018-09-13 11:39:06', NULL, 52, 1983),
(227, 3, 'NEW BRAIN', NULL, '<http://www.old-computers.com/museum/computer.asp?st=1&c=176>', '2018-09-13 11:39:06', NULL, 53, 1980),
(228, 3, 'Grundy New Brain', NULL, '<http://www.museo8bits.com/newbrain.htm>', '2018-09-13 11:39:06', NULL, 53, 1981),
(229, 3, '832', NULL, '<http://www.old-computers.com/museum/computer.asp?st=1&c=884>', '2018-09-13 11:39:06', NULL, 54, 1971),
(230, 3, 'MAC 512', NULL, '<http://www.old-computers.com/museum/computer.asp?st=1&c=997>', '2018-09-13 11:39:06', NULL, 55, 1985),
(231, 3, 'EC-1', NULL, '<http://www.old-computers.com/museum/computer.asp?st=1&c=787>', '2018-09-13 11:39:06', NULL, 56, 1960),
(232, 3, 'H8', NULL, '<http://www.old-computers.com/museum/computer.asp?st=1&c=134>', '2018-09-13 11:39:06', NULL, 56, 1977),
(233, 3, 'TC-2048', NULL, '<http://www.old-computers.com/museum/computer.asp?st=1&c=935>', '2018-09-13 11:39:06', NULL, 57, 1984),
(234, 3, 'MB-6885 / BASIC MASTER JR', NULL, '<http://www.old-computers.com/museum/computer.asp?st=1&c=329>', '2018-09-13 11:39:06', NULL, 58, 1982),
(235, 3, 'H1 / H1E', NULL, '<http://www.old-computers.com/museum/computer.asp?st=1&c=426>', '2018-09-13 11:39:06', NULL, 58, 1983),
(236, 3, 'MB-6890 / BASIC MASTER LEVEL 3', NULL, '<http://www.old-computers.com/museum/computer.asp?st=1&c=2>', '2018-09-13 11:39:06', NULL, 58, 1980),
(237, 3, 'H2', NULL, '<http://www.old-computers.com/museum/computer.asp?st=1&c=581>', '2018-09-13 11:39:06', NULL, 58, 1984),
(238, 3, 'MB-6891 / BASIC MASTER LEVEL 3 MARK 2', NULL, '<http://www.old-computers.com/museum/computer.asp?st=1&c=386>', '2018-09-13 11:39:06', NULL, 58, 1982),
(239, 3, 'MB-16000', NULL, '<http://www.old-computers.com/museum/computer.asp?st=1&c=138>', '2018-09-13 11:39:06', NULL, 58, 1982),
(240, 3, 'MB 6892 / BASIC MASTER LEVEL-3 MARK-5', NULL, '<http://www.old-computers.com/museum/computer.asp?st=1&c=388>', '2018-09-13 11:39:06', NULL, 58, 1983),
(241, 3, 'B16 EX', NULL, '<http://www.old-computers.com/museum/computer.asp?st=1&c=387>', '2018-09-13 11:39:06', NULL, 58, 1983),
(242, 3, 'AH-200', NULL, '<http://www.old-computers.com/museum/computer.asp?st=1&c=788>', '2018-09-13 11:39:06', NULL, 58, 1984),
(243, 3, 'Fujitsu / Secoinsa FM-7', NULL, '<http://www.museo8bits.com/fm7.htm>', '2018-09-13 11:39:06', NULL, 59, 1982),
(244, 3, 'WHIRLWIND', NULL, '<http://www.old-computers.com/museum/computer.asp?st=1&c=1047>', '2018-09-13 11:39:06', NULL, 61, 1951),
(245, 18, 'TELESCORE (MODEL 750)', NULL, '<http://www.old-computers.com/museum/computer.asp?st=3&c=772>', '2018-09-13 11:39:06', NULL, 62, 1977),
(246, 3, 'BRUC 100', NULL, '<http://www.old-computers.com/museum/computer.asp?st=1&c=1285>', '2018-09-13 11:39:06', NULL, 63, 1987),
(247, 3, '1000 SERIES', NULL, '<http://www.old-computers.com/museum/computer.asp?st=1&c=606>', '2018-09-13 11:39:06', NULL, 64, 1982),
(248, 18, 'BLACK POINT (FS-1003/FS-2000)', NULL, '<http://www.old-computers.com/museum/computer.asp?st=2&c=880>', '2018-09-13 11:39:06', NULL, 65, 1982),
(249, 3, 'BFM 186', NULL, '<http://www.old-computers.com/museum/computer.asp?st=1&c=70>', '2018-09-13 11:39:06', NULL, 66, 1983),
(250, 18, '502', NULL, '<http://www.old-computers.com/museum/computer.asp?st=3&c=1098>', '2018-09-13 11:39:06', NULL, 68, 1978),
(251, 3, 'MECIPT', NULL, '<http://www.old-computers.com/museum/computer.asp?st=1&c=1188>', '2018-09-13 11:39:06', NULL, 69, 1961),
(252, 3, 'Kyocera Kyotronic 85', NULL, '<http://www.museo8bits.com/kyotronic85.htm>', '2018-09-13 11:39:06', NULL, 70, 1983),
(253, 3, 'KYOTRONIC 85', NULL, '<http://www.old-computers.com/museum/computer.asp?st=1&c=1079>', '2018-09-13 11:39:06', NULL, 70, 1983),
(254, 3, '08', NULL, '<http://www.old-computers.com/museum/computer.asp?st=1&c=923>', '2018-09-13 11:39:06', NULL, 71, 1987),
(255, 3, 'EXECUTIVE', NULL, '<http://www.old-computers.com/museum/computer.asp?st=1&c=573>', '2018-09-13 11:39:06', NULL, 71, 1982),
(256, 3, 'OSBORNE 1', NULL, '<http://www.old-computers.com/museum/computer.asp?st=1&c=181>', '2018-09-13 11:39:06', NULL, 71, 1981),
(257, 3, 'VIXEN', NULL, '<http://www.old-computers.com/museum/computer.asp?st=1&c=351>', '2018-09-13 11:39:06', NULL, 71, 1984),
(258, 3, 'ENCORE', NULL, '<http://www.old-computers.com/museum/computer.asp?st=1&c=122>', '2018-09-13 11:39:06', NULL, 71, 1983),
(259, 3, 'JOLT', NULL, '<http://www.old-computers.com/museum/computer.asp?st=1&c=875>', '2018-09-13 11:39:06', NULL, 72, 1975),
(260, 3, 'HX-20 / HC-20', '', '<http://www.museo8bits.com/epson_hx.htm>\r\n\r\n<http://www.old-computers.com/museum/computer.asp?st=1&c=143>', '2018-09-13 11:39:06', NULL, 73, 1982),
(261, 3, 'Epson PX-4', NULL, '<http://www.museo8bits.com/epson_px4.htm>', '2018-09-13 11:39:06', NULL, 73, 1985),
(262, 3, 'QX 10', NULL, '<http://www.old-computers.com/museum/computer.asp?st=1&c=200>', '2018-09-13 11:39:06', NULL, 73, 1982),
(263, 3, 'Epson PX-16', NULL, '<http://www.museo8bits.com/epson_px16.htm>', '2018-09-13 11:39:06', NULL, 73, 1988),
(267, 3, 'PX-8 / HC-88 / Geneva', '', '<http://www.museo8bits.com/epson_px8.htm>\r\n\r\n<http://www.old-computers.com/museum/computer.asp?st=1&c=198>', '2018-09-13 11:39:06', NULL, 73, 1984),
(268, 3, 'SAGE IV', NULL, '<http://www.old-computers.com/museum/computer.asp?st=1&c=647>', '2018-09-13 11:39:06', NULL, 74, 1983),
(269, 3, 'SAGE II', NULL, '<http://www.old-computers.com/museum/computer.asp?st=1&c=607>', '2018-09-13 11:39:06', NULL, 74, 1982),
(272, 3, 'Atari LYNX', NULL, '<http://www.museo8bits.com/atari_lx.htm>', '2018-09-13 11:39:06', NULL, 75, 1989),
(274, 3, '1200XL', NULL, '<http://www.old-computers.com/museum/computer.asp?st=1&c=16>\r\n\r\n<http://www.museo8bits.com/atari_12.htm>', '2018-09-13 11:39:06', NULL, 75, 1982),
(275, 3, 'PORTFOLIO', NULL, '<http://www.old-computers.com/museum/computer.asp?st=1&c=356>', '2018-09-13 11:39:06', NULL, 75, 1989),
(276, 3, 'MEGA STE', NULL, '<http://www.old-computers.com/museum/computer.asp?st=1&c=164>', '2018-09-13 11:39:06', NULL, 75, 1991),
(277, 18, 'VIDEO PINBALL (MODEL C-380)', NULL, '<http://www.old-computers.com/museum/computer.asp?st=2&c=1111>', '2018-09-13 11:39:06', NULL, 75, 1977),
(279, 3, '130XE', NULL, '<http://www.museo8bits.com/atari_xe.htm>', '2018-09-13 11:39:06', NULL, 75, 1985),
(280, 3, '600', NULL, '<http://www.old-computers.com/museum/computer.asp?st=1&c=27>', '2018-09-13 11:39:06', NULL, 75, 1982),
(281, 3, 'ABAQ ATWTRANSPUTER 800', NULL, '<http://www.old-computers.com/museum/computer.asp?st=1&c=33>', '2018-09-13 11:39:06', NULL, 75, 1987),
(282, 18, 'JAGUAR', NULL, '<http://www.old-computers.com/museum/computer.asp?st=2&c=1224>', '2018-09-13 11:39:06', NULL, 75, 1993),
(283, 3, 'Atari MegaSTE', NULL, '<http://www.museo8bits.com/atari_MegaSTE.htm>', '2018-09-13 11:39:06', NULL, 75, 1990),
(284, 18, 'STUNT CYCLE (MODEL SC-450)', NULL, '<http://www.old-computers.com/museum/computer.asp?st=2&c=1280>', '2018-09-13 11:39:06', NULL, 75, 1977),
(285, 3, '800XE', NULL, '<http://www.old-computers.com/museum/computer.asp?st=1&c=982>\r\n\r\n<http://www.museo8bits.com/atari_xe.htm>', '2018-09-13 11:39:07', NULL, 75, 1985),
(286, 3, '520 ST / ST+ / STM ', NULL, '<http://www.old-computers.com/museum/computer.asp?st=1&c=20>\r\n\r\n<http://www.museo8bits.com/atari_st.htm>', '2018-09-13 11:39:07', NULL, 75, 1985),
(287, 3, 'Consola Atari Jaguar', NULL, '<http://www.museo8bits.com/jaguar.htm>', '2018-09-13 11:39:07', NULL, 75, 1994),
(288, 18, 'VCS CX2600 (Light Sixer)', NULL, '<http://www.museo8bits.com/2600.htm>\r\n\r\n<http://www.old-computers.com/museum/computer.asp?st=2&c=878>\r\n\r\nSecond edition of Atari 2600. These models were introduced in 1978 and stayed in production for about two years. The thick molding on the sides and curved molding on the front gave way to thinner and more sharply angled molding reducing the weight of the system. The front right and left molding are angular and overlap the woodgrain. The thick RF shielding remained until the four switch models came out. Atari also produced a version of the "Light Sixer" for Sears, which had some minor aesthetic differences to the Atari-branded console.', '2018-09-13 11:39:07', NULL, 75, 1978),
(289, 3, 'PC', NULL, '<http://www.old-computers.com/museum/computer.asp?st=1&c=77>', '2018-09-13 11:39:07', NULL, 75, 1987),
(290, 3, '400', NULL, '<http://www.old-computers.com/museum/computer.asp?st=1&c=76>\r\n\r\n<http://www.museo8bits.com/atari_52.htm>', '2018-09-13 11:39:07', NULL, 75, 1979),
(291, 18, '5200', NULL, '<http://www.museo8bits.com/atari_52.htm>', '2018-09-13 11:39:07', NULL, 75, 1979),
(292, 3, '65XE', NULL, '<http://www.old-computers.com/museum/computer.asp?st=1&c=21>\r\n\r\n<http://www.museo8bits.com/atari_xe.htm>', '2018-09-13 11:39:07', NULL, 75, 1985),
(293, 3, 'FX-1 SPARROW', NULL, '<http://www.old-computers.com/museum/computer.asp?st=1&c=635>', '2018-09-13 11:39:07', NULL, 75, 1991),
(294, 3, '130 ST / 260 ST ', NULL, '<http://www.old-computers.com/museum/computer.asp?st=1&c=922>\r\n\r\n<http://www.museo8bits.com/atari_st.htm>', '2018-09-13 11:39:07', NULL, 75, 1985),
(298, 3, '1400XL', NULL, '<http://www.old-computers.com/museum/computer.asp?st=1&c=264>\r\n\r\n<http://www.museo8bits.com/atari_12.htm>', '2018-09-13 11:39:07', NULL, 75, 1983),
(299, 3, '600XL', NULL, '<http://www.museo8bits.com/atari_xl.htm>', '2018-09-13 11:39:07', NULL, 75, 1983),
(300, 18, '5200 SUPERSYSTEM', NULL, '<http://www.old-computers.com/museum/computer.asp?st=2&c=901>', '2018-09-13 11:39:07', NULL, 75, 1982),
(301, 18, '7800', NULL, '<http://www.museo8bits.com/7800.htm>', '2018-09-13 11:39:07', NULL, 75, 1986),
(303, 3, '65XEP / 65XEM', NULL, '<http://www.old-computers.com/museum/computer.asp?st=1&c=958>', '2018-09-13 11:39:07', NULL, 75, 1985),
(304, 3, '1450XLD', NULL, '<http://www.old-computers.com/museum/computer.asp?st=1&c=22>\r\n\r\n<http://www.museo8bits.com/atari_12.htm>', '2018-09-13 11:39:07', NULL, 75, 1982),
(305, 3, 'Consola Atari XE', NULL, '<http://www.museo8bits.com/atari_xe.htm>', '2018-09-13 11:39:07', NULL, 75, 1985),
(306, 18, 'ULTRA PONG DOUBLES (MODEL C-402)', NULL, '<http://www.old-computers.com/museum/computer.asp?st=3&c=1279>', '2018-09-13 11:39:07', NULL, 75, 1977),
(307, 3, 'STACY', NULL, '<http://www.old-computers.com/museum/computer.asp?st=1&c=225>', '2018-09-13 11:39:07', NULL, 75, 1989),
(308, 3, 'ST BOOK', NULL, '<http://www.old-computers.com/museum/computer.asp?st=1&c=283>', '2018-09-13 11:39:07', NULL, 75, 1990),
(310, 3, 'Atari PC3', NULL, '<http://www.museo8bits.com/atari_pc3.htm>', '2018-09-13 11:39:07', NULL, 75, 1988),
(311, 3, '520 / 1040 STE', NULL, '<http://www.old-computers.com/museum/computer.asp?st=1&c=24>', '2018-09-13 11:39:07', NULL, 75, 1990),
(312, 3, 'FALCON 030 MICROBOX', NULL, '<http://www.old-computers.com/museum/computer.asp?st=1&c=270>', '2018-09-13 11:39:07', NULL, 75, 1993),
(313, 18, 'LYNX/LYNX II', NULL, '<http://www.old-computers.com/museum/computer.asp?st=2&c=1241>', '2018-09-13 11:39:07', NULL, 75, 1989),
(315, 3, '520 / 1040 STF / STFM', NULL, '<http://www.old-computers.com/museum/computer.asp?st=1&c=25>\r\n\r\n<http://www.museo8bits.com/atari_st.htm>', '2018-09-13 11:39:07', NULL, 75, 1985),
(316, 3, 'STYLUS - ST PAD', NULL, '<http://www.old-computers.com/museum/computer.asp?st=1&c=269>', '2018-09-13 11:39:07', NULL, 75, 1991),
(318, 18, 'SUPER PONG (MODEL C-140)', NULL, '<http://www.old-computers.com/museum/computer.asp?st=3&c=1007>', '2018-09-13 11:39:07', NULL, 75, 1976),
(319, 18, 'PONG (MODEL C-100)', NULL, '<http://www.old-computers.com/museum/computer.asp?st=3&c=872>', '2018-09-13 11:39:07', NULL, 75, 1976),
(320, 3, 'MEGA ST', NULL, '<http://www.old-computers.com/museum/computer.asp?st=1&c=165>', '2018-09-13 11:39:07', NULL, 75, 1987),
(321, 3, 'TT 030', NULL, '<http://www.old-computers.com/museum/computer.asp?st=1&c=245>', '2018-09-13 11:39:07', NULL, 75, 1990),
(322, 3, '4160 STE', NULL, '<http://www.old-computers.com/museum/computer.asp?st=1&c=272>', '2018-09-13 11:39:07', NULL, 75, 1988),
(323, 3, '800', NULL, '<http://www.old-computers.com/museum/computer.asp?st=1&c=460>\r\n\r\n<http://www.museo8bits.com/atari_52.htm>', '2018-09-13 11:39:07', NULL, 75, 1979),
(324, 3, 'FALCON 030', NULL, '<http://www.old-computers.com/museum/computer.asp?st=1&c=125>', '2018-09-13 11:39:07', NULL, 75, 1992),
(325, 18, 'PADDLE IV', NULL, '<http://www.old-computers.com/museum/computer.asp?st=3&c=722>', '2018-09-13 11:39:07', NULL, 76, 1976),
(326, 18, 'RALLY IV', NULL, '<http://www.old-computers.com/museum/computer.asp?st=3&c=1058>', '2018-09-13 11:39:07', NULL, 76, 1977),
(327, 3, 'Daewoo DPC-100 MSX', NULL, '<http://www.museo8bits.com/daewoo_dpc100.htm>', '2018-09-13 11:39:07', NULL, 77, 1985),
(328, 3, 'Daewoo DPC-200 MSX', NULL, '<http://www.museo8bits.com/daewoo_dpc200.htm>', '2018-09-13 11:39:07', NULL, 77, 1985),
(329, 3, '2683', NULL, '<http://www.old-computers.com/museum/computer.asp?st=1&c=1061>', '2018-09-13 11:39:07', NULL, 78, 1982),
(330, 18, 'SD-290 PROGRAMMABLE COLOUR VIDEO GAME', NULL, '<http://www.old-computers.com/museum/computer.asp?st=2&c=1294>', '2018-09-13 11:39:07', NULL, 79, 1983),
(331, 18, 'VICTORY MPT-02', NULL, '<http://www.old-computers.com/museum/computer.asp?st=2&c=1221>', '2018-09-13 11:39:07', NULL, 79, 1978),
(332, 18, 'SOUNDICVISION SD-200', NULL, '<http://www.old-computers.com/museum/computer.asp?st=2&c=828>', '2018-09-13 11:39:07', NULL, 79, 1983),
(333, 3, 'MICRO COMPUTER (?)', NULL, '<http://www.old-computers.com/museum/computer.asp?st=1&c=1263>', '2018-09-13 11:39:07', NULL, 80, 1984),
(334, 18, 'TUTOR VISION', NULL, '<http://www.old-computers.com/museum/computer.asp?st=2&c=1214>', '2018-09-13 11:39:07', NULL, 81, 1989),
(335, 3, 'SC 3000 / SC 3000H', NULL, '<http://www.museo8bits.com/sc3000.htm> <http://www.old-computers.com/museum/computer.asp?st=1&c=206>', '2018-09-13 11:39:07', NULL, 82, 1983),
(336, 3, 'Teradrive', NULL, '<http://www.museo8bits.com/teradrive.htm> <http://www.old-computers.com/museum/computer.asp?st=1&c=518>', '2018-09-13 11:39:07', NULL, 82, 1991),
(337, 18, 'Mega Drive PlayTV 6-in-1', NULL, '<http://www.museo8bits.com/megadrive_playtv.htm>', '2018-09-13 11:39:07', NULL, 82, 2004),
(338, 18, 'Sega Mega Jet', NULL, '<http://www.museo8bits.com/megajet.htm>', '2018-09-13 11:39:07', NULL, 82, 1993),
(339, 18, 'Game Joy', NULL, '<http://www.museo8bits.com/gamejoy.htm>', '2018-09-13 11:39:07', NULL, 82, 2004),
(340, 18, 'Mega Drive II', NULL, '<http://www.museo8bits.com/megadrive2.htm> <http://www.old-computers.com/museum/computer.asp?st=2&c=843>', '2018-09-13 11:39:07', NULL, 82, 1993),
(341, 18, 'NOMAD', NULL, '<http://www.museo8bits.com/nomad.htm> <http://www.old-computers.com/museum/computer.asp?st=2&c=1233>', '2018-09-13 11:39:07', NULL, 82, 1995),
(342, 18, 'GENESIS', NULL, '<http://www.museo8bits.com/megadrive1.htm> <http://www.old-computers.com/museum/computer.asp?st=2&c=837>', '2018-09-13 11:39:07', NULL, 82, 1989),
(343, 18, 'MEGA DRIVE', NULL, '<http://www.museo8bits.com/megadrive1.htm> <http://www.old-computers.com/museum/computer.asp?st=2&c=1247>', '2018-09-13 11:39:07', NULL, 82, 1988),
(344, 18, 'MASTER SYSTEM II', NULL, '<http://www.old-computers.com/museum/computer.asp?st=2&c=1252>', '2018-09-13 11:39:07', NULL, 82, 1990),
(345, 18, 'MARK III', NULL, '<http://www.old-computers.com/museum/computer.asp?st=2&c=806>', '2018-09-13 11:39:07', NULL, 82, 1985);
INSERT INTO `catalog` (`id`, `type_id`, `title`, `title_eng`, `description`, `created`, `owner_id`, `company_id`, `year`) VALUES
(346, 18, 'MASTER SYSTEM', NULL, '<http://www.museo8bits.com/sega8_ms.htm> <http://www.old-computers.com/museum/computer.asp?st=2&c=840>', '2018-09-13 11:39:07', NULL, 82, 1986),
(347, 18, 'WONDERMEGA', NULL, '<http://www.old-computers.com/museum/computer.asp?st=2&c=1237>', '2018-09-13 11:39:07', NULL, 82, 1992),
(348, 18, 'Genesis 3', NULL, '<http://www.museo8bits.com/genesis3.htm><http://www.old-computers.com/museum/computer.asp?st=2&c=1251>', '2018-09-13 11:39:07', NULL, 82, 1998),
(349, 18, 'SG-1000', NULL, '<http://www.museo8bits.com/sg1000.htm> <http://www.old-computers.com/museum/computer.asp?st=2&c=1257>', '2018-09-13 11:39:07', NULL, 82, 1981),
(350, 18, 'SATURN', NULL, '<http://www.museo8bits.com/saturn.htm> <http://www.old-computers.com/museum/computer.asp?st=2&c=1236>', '2018-09-13 11:39:07', NULL, 82, 1994),
(351, 18, 'SG-1000 MARK II', NULL, '<http://www.museo8bits.com/sg1000.htm> <http://www.old-computers.com/museum/computer.asp?st=2&c=1266>', '2018-09-13 11:39:07', NULL, 82, 1984),
(352, 18, 'MASTER SYSTEM III', NULL, '<http://www.old-computers.com/museum/computer.asp?st=2&c=1253>', '2018-09-13 11:39:07', NULL, 82, 2003),
(353, 18, 'GENESIS 2', NULL, '<http://www.museo8bits.com/megadrive2.htm> <http://www.old-computers.com/museum/computer.asp?st=2&c=1250>', '2018-09-13 11:39:07', NULL, 82, 1994),
(354, 18, 'DREAMCAST', NULL, '<http://www.museo8bits.com/dreamcas.htm> <http://www.old-computers.com/museum/computer.asp?st=2&c=1246>', '2018-09-13 11:39:07', NULL, 82, 1998),
(355, 18, 'GAME GEAR', NULL, '<http://www.museo8bits.com/sega8_gg.htm> <http://www.old-computers.com/museum/computer.asp?st=2&c=1109>', '2018-09-13 11:39:07', NULL, 82, 1990),
(356, 3, 'Bit 60', NULL, '<http://www.museo8bits.com/bit_60.htm><http://www.old-computers.com/museum/computer.asp?st=1&c=367>', '2018-09-13 11:39:07', NULL, 83, 1983),
(357, 3, 'Gamate', NULL, '<http://www.museo8bits.com/gamate.htm>', '2018-09-13 11:39:07', NULL, 83, 1990),
(358, 3, 'Bit 90', NULL, '<http://www.museo8bits.com/bit_90.htm><http://www.old-computers.com/museum/computer.asp?st=1&c=93>', '2018-09-13 11:39:07', NULL, 83, 1984),
(359, 3, 'ACCESS COMPUTER', NULL, '<http://www.old-computers.com/museum/computer.asp?st=1&c=359>', '2018-09-13 11:39:07', NULL, 84, 1982),
(360, 3, 'DECISION 1', NULL, '<http://www.old-computers.com/museum/computer.asp?st=1&c=648>', '2018-09-13 11:39:07', NULL, 86, 1982),
(361, 3, 'MICRO DECISION', NULL, '<http://www.old-computers.com/museum/computer.asp?st=1&c=613>', '2018-09-13 11:39:07', NULL, 86, 1982),
(362, 3, 'EAGLE', NULL, '<http://www.old-computers.com/museum/computer.asp?st=1&c=526>', '2018-09-13 11:39:07', NULL, 87, 1980),
(363, 3, 'SPIRIT', NULL, '<http://www.old-computers.com/museum/computer.asp?st=1&c=530>', '2018-09-13 11:39:07', NULL, 87, 1983),
(364, 3, 'EAGLE PC', NULL, '<http://www.old-computers.com/museum/computer.asp?st=1&c=529>', '2018-09-13 11:39:07', NULL, 87, 1982),
(365, 3, 'ACS-1007', NULL, '<http://www.old-computers.com/museum/computer.asp?st=1&c=490>', '2018-09-13 11:39:07', NULL, 88, 1979),
(366, 3, 'RS 128', NULL, '<http://www.old-computers.com/museum/computer.asp?st=1&c=202>', '2018-09-13 11:39:07', NULL, 89, 1984),
(367, 3, 'Memotech MTX-500, MTX-512', NULL, '<http://www.museo8bits.com/memotech.htm>', '2018-09-13 11:39:07', NULL, 89, 1983),
(368, 3, 'MTX 500 /512', NULL, '<http://www.old-computers.com/museum/computer.asp?st=1&c=168>', '2018-09-13 11:39:08', NULL, 89, 1983),
(369, 3, 'SIG-NET', NULL, '<http://www.old-computers.com/museum/computer.asp?st=1&c=810>', '2018-09-13 11:39:08', NULL, 90, 1981),
(370, 3, 'Exelvision EXL 100', NULL, '<http://www.museo8bits.com/exelv100.htm>', '2018-09-13 11:39:08', NULL, 91, 1984),
(371, 3, 'EXELTEL', NULL, '<http://www.old-computers.com/museum/computer.asp?st=1&c=521>', '2018-09-13 11:39:08', NULL, 91, 1986),
(372, 3, 'EXL 100', NULL, '<http://www.old-computers.com/museum/computer.asp?st=1&c=123>', '2018-09-13 11:39:08', NULL, 91, 1984),
(373, 3, 'INSTRUCTOR 50', NULL, '<http://www.old-computers.com/museum/computer.asp?st=1&c=1029>', '2018-09-13 11:39:08', NULL, 92, 1978),
(374, 3, 'CELLATRON 8205', NULL, '<http://www.old-computers.com/museum/computer.asp?st=1&c=1028>', '2018-09-13 11:39:08', NULL, 94, 1963),
(375, 3, 'PÉRIMINITEL', NULL, '<http://www.old-computers.com/museum/computer.asp?st=1&c=1195>', '2018-09-13 11:39:08', NULL, 95, 1983),
(376, 3, '8D', NULL, '<http://www.old-computers.com/museum/computer.asp?st=1&c=988>', '2018-09-13 11:39:08', NULL, 96, 1985),
(377, 3, 'IMKO-1/2 & PRAVETZ 82', NULL, '<http://www.old-computers.com/museum/computer.asp?st=1&c=956>', '2018-09-13 11:39:08', NULL, 96, 1979),
(378, 3, 'Pravetz 8d', NULL, '<http://www.museo8bits.com/pravetz8d.htm>', '2018-09-13 11:39:08', NULL, 96, 1985),
(379, 3, '8C', NULL, '<http://www.old-computers.com/museum/computer.asp?st=1&c=1057>', '2018-09-13 11:39:08', NULL, 96, 1990),
(380, 3, '16A', NULL, '<http://www.old-computers.com/museum/computer.asp?st=1&c=615>', '2018-09-13 11:39:08', NULL, 96, 1989),
(381, 3, 'DVW Husky', NULL, '<http://www.museo8bits.com/husky.htm>', '2018-09-13 11:39:08', NULL, 97, 1981),
(382, 3, 'HUSKY', NULL, '<http://www.old-computers.com/museum/computer.asp?st=1&c=471>', '2018-09-13 11:39:08', NULL, 97, 1981),
(383, 3, 'Sinclair QL', NULL, '<http://www.museo8bits.com/ql.htm>', '2018-09-13 11:39:08', NULL, 98, 1984),
(384, 3, '', 'ZX Spectrum +2', '<http://www.old-computers.com/museum/computer.asp?st=1&c=221>', '2018-09-13 11:39:08', NULL, 354, 1986),
(385, 3, 'ZX 81', NULL, '<http://www.museo8bits.com/zx81.htm> <http://www.old-computers.com/museum/computer.asp?st=1&c=263>', '2018-09-13 11:39:08', NULL, 98, 1981),
(386, 3, 'ZX Spectrum', NULL, '<http://www.museo8bits.com/spectrum.htm> \r\n\r\n<http://www.old-computers.com/museum/computer.asp?st=1&c=223>', '2018-09-13 11:39:08', NULL, 98, 1982),
(387, 3, 'Sinclair PC 200', NULL, '<http://www.museo8bits.com/sinclair_pc200.htm>', '2018-09-13 11:39:08', NULL, 98, 1988),
(388, 3, 'MK 14', NULL, '<http://www.old-computers.com/museum/computer.asp?st=1&c=961>', '2018-09-13 11:39:08', NULL, 98, 1978),
(389, 3, 'ZX Spectrum 128', NULL, '<http://www.museo8bits.com/spec128.htm> <http://www.old-computers.com/museum/computer.asp?st=1&c=35>', '2018-09-13 11:39:08', NULL, 98, 1985),
(390, 3, 'PC 200', NULL, '<http://www.old-computers.com/museum/computer.asp?st=1&c=85>', '2018-09-13 11:39:08', NULL, 98, 1988),
(391, 3, 'ZX 80', NULL, '<http://www.museo8bits.com/zx80.htm> <http://www.old-computers.com/museum/computer.asp?st=1&c=262>', '2018-09-13 11:39:08', NULL, 98, 1980),
(392, 3, '', 'ZX Spectrum +2A', '<http://www.museo8bits.com/sp_plus3.htm>', '2018-09-13 11:39:08', NULL, 354, 1986),
(393, 3, 'QL (QUANTUM LEAP)', NULL, '<http://www.old-computers.com/museum/computer.asp?st=1&c=199>', '2018-09-13 11:39:08', NULL, 98, 1984),
(394, 3, '', 'ZX Spectrum +3', '<http://www.museo8bits.com/sp_plus3.htm> <http://www.old-computers.com/museum/computer.asp?st=1&c=222>', '2018-09-13 11:39:08', NULL, 354, 1987),
(395, 3, 'Smoke Signal Broadcasting Chieftain', NULL, '<http://www.museo8bits.com/chieftain.htm>', '2018-09-13 11:39:08', NULL, 99, 1979),
(396, 18, 'MULTI-TV-GAME HF 344', NULL, '<http://www.old-computers.com/museum/computer.asp?st=3&c=688>', '2018-09-13 11:39:08', NULL, 100, 1979),
(397, 18, '9017 - COLOUR TV GAME', NULL, '<http://www.old-computers.com/museum/computer.asp?st=2&c=818>', '2018-09-13 11:39:08', NULL, 102, 1982),
(398, 3, 'SAM COUPÉ', NULL, '<http://www.old-computers.com/museum/computer.asp?st=1&c=545>', '2018-09-13 11:39:08', NULL, 105, 1989),
(399, 3, '2650', NULL, '<http://www.old-computers.com/museum/computer.asp?st=1&c=45>', '2018-09-13 11:39:08', NULL, 106, 1977),
(400, 3, 'ASSOCIATE', NULL, '<http://www.old-computers.com/museum/computer.asp?st=1&c=608>', '2018-09-13 11:39:08', NULL, 107, 1982),
(401, 3, 'Z 88', NULL, '<http://www.old-computers.com/museum/computer.asp?st=1&c=279>', '2018-09-13 11:39:08', NULL, 108, 1988),
(402, 3, 'PROFI 203', NULL, '<http://www.old-computers.com/museum/computer.asp?st=1&c=196>', '2018-09-13 11:39:08', NULL, 109, 1983),
(403, 3, 'ALPHATRONIC P-30 / P-40', NULL, '<http://www.old-computers.com/museum/computer.asp?st=1&c=486>', '2018-09-13 11:39:08', NULL, 110, 1984),
(404, 3, 'ALPHATRONIC PC MODELS P1/P2', NULL, '<http://www.old-computers.com/museum/computer.asp?st=1&c=484>', '2018-09-13 11:39:08', NULL, 110, 1980),
(405, 3, 'TA-1100', NULL, '<http://www.old-computers.com/museum/computer.asp?st=1&c=1022>', '2018-09-13 11:39:08', NULL, 110, 1981),
(406, 3, 'TA-1000', NULL, '<http://www.old-computers.com/museum/computer.asp?st=1&c=1278>', '2018-09-13 11:39:08', NULL, 110, 1973),
(407, 3, 'ALPHATRONIC PC', NULL, '<http://www.old-computers.com/museum/computer.asp?st=1&c=241>', '2018-09-13 11:39:08', NULL, 110, 1983),
(408, 3, 'ALPHATRONIC PC MODELS P3 / P4', NULL, '<http://www.old-computers.com/museum/computer.asp?st=1&c=485>', '2018-09-13 11:39:08', NULL, 110, 1982),
(409, 3, 'VX 384', NULL, '<http://www.old-computers.com/museum/computer.asp?st=1&c=253>', '2018-09-13 11:39:08', NULL, 111, 1983),
(410, 3, 'BR-1000M', NULL, '<http://www.old-computers.com/museum/computer.asp?st=1&c=533>', '2018-09-13 11:39:08', NULL, 113, 1982),
(411, 3, 'A5105', NULL, '<http://www.old-computers.com/museum/computer.asp?st=1&c=1071>', '2018-09-13 11:39:08', NULL, 114, 1988),
(412, 3, 'KC 87', NULL, '<http://www.old-computers.com/museum/computer.asp?st=1&c=568>', '2018-09-13 11:39:08', NULL, 114, 1986),
(415, 3, 'KIM 1', NULL, '<http://www.old-computers.com/museum/computer.asp?st=1&c=149>', '2018-09-13 11:39:08', NULL, 115, 1975),
(416, 3, 'TIM', NULL, '<http://www.old-computers.com/museum/computer.asp?st=1&c=747>', '2018-09-13 11:39:08', NULL, 115, 1975),
(417, 3, 'SBS 8000', NULL, '<http://www.old-computers.com/museum/computer.asp?st=1&c=205>', '2018-09-13 11:39:08', NULL, 116, 1979),
(418, 18, 'CHANNEL F', NULL, '<http://www.old-computers.com/museum/computer.asp?st=2&c=890>', '2018-09-13 11:39:08', NULL, 117, 1976),
(419, 3, 'Zenith MiniSport', NULL, '<http://www.museo8bits.com/z_minisport.htm>', '2018-09-13 11:39:08', NULL, 118, 1989),
(420, 3, 'Z-160 PC', NULL, '<http://www.old-computers.com/museum/computer.asp?st=1&c=465>', '2018-09-13 11:39:08', NULL, 118, 1984),
(421, 3, 'Z-171 PC', NULL, '<http://www.old-computers.com/museum/computer.asp?st=1&c=897>', '2018-09-13 11:39:08', NULL, 118, 1985),
(422, 3, 'MPF-1/65', NULL, '<http://www.old-computers.com/museum/computer.asp?st=1&c=1204>', '2018-09-13 11:39:08', NULL, 119, 1984),
(423, 3, 'MPF-I/88', NULL, '<http://www.old-computers.com/museum/computer.asp?st=1&c=1132>', '2018-09-13 11:39:08', NULL, 119, 1985),
(424, 3, 'MPF-1 PLUS', NULL, '<http://www.old-computers.com/museum/computer.asp?st=1&c=525>', '2018-09-13 11:39:08', NULL, 119, 1982),
(425, 3, 'MPF-III/312', NULL, '<http://www.old-computers.com/museum/computer.asp?st=1&c=289>', '2018-09-13 11:39:08', NULL, 119, 1983),
(426, 3, 'MPF-1 A/B', NULL, '<http://www.old-computers.com/museum/computer.asp?st=1&c=479>', '2018-09-13 11:39:08', NULL, 119, 1981),
(427, 3, 'MPF II', NULL, '<http://www.old-computers.com/museum/computer.asp?st=1&c=276>', '2018-09-13 11:39:08', NULL, 119, 1982),
(428, 3, 'NASCOM 1', NULL, '<http://www.old-computers.com/museum/computer.asp?st=1&c=814>', '2018-09-13 11:39:08', NULL, 120, 1978),
(429, 3, 'NASCOM 2', NULL, '<http://www.old-computers.com/museum/computer.asp?st=1&c=815>', '2018-09-13 11:39:08', NULL, 120, 1979),
(430, 3, 'NASCOM 3', NULL, '<http://www.old-computers.com/museum/computer.asp?st=1&c=175>', '2018-09-13 11:39:08', NULL, 120, 1981),
(431, 3, 'IMCE JUNIOR', NULL, '<http://www.old-computers.com/museum/computer.asp?st=1&c=424>', '2018-09-13 11:39:08', NULL, 121, 1985),
(432, 3, 'COMMUNICATOR', NULL, '<http://www.old-computers.com/museum/computer.asp?st=1&c=759>', '2018-09-13 11:39:08', NULL, 122, 1979),
(433, 3, 'ORGANISER II', NULL, '<http://www.old-computers.com/museum/computer.asp?st=1&c=1203>', '2018-09-13 11:39:08', NULL, 123, 1986),
(434, 3, 'Series 3', NULL, '<http://www.museo8bits.com/psionS3.htm><http://www.old-computers.com/museum/computer.asp?st=1&c=1207>', '2018-09-13 11:39:09', NULL, 123, 1992),
(435, 3, 'MC 200 / 400 / 600', NULL, '<http://www.old-computers.com/museum/computer.asp?st=1&c=737>', '2018-09-13 11:39:09', NULL, 123, 1989),
(436, 3, 'ENTERPRISE 64 / 128', NULL, '<http://www.old-computers.com/museum/computer.asp?st=1&c=153>', '2018-09-13 11:39:09', NULL, 124, 1985),
(437, 3, 'Enterprise 64 y 128', NULL, '<http://www.museo8bits.com/enterpri.htm>', '2018-09-13 11:39:09', NULL, 124, 1985),
(438, 18, 'VIDEO SPORTS', NULL, '<http://www.old-computers.com/museum/computer.asp?st=3&c=694>', '2018-09-13 11:39:09', NULL, 125, 1979),
(439, 3, 'LE GUEPARD', NULL, '<http://www.old-computers.com/museum/computer.asp?st=1&c=133>', '2018-09-13 11:39:09', NULL, 126, 1982),
(440, 3, 'C3800', NULL, '<http://www.old-computers.com/museum/computer.asp?st=1&c=983>', '2018-09-13 11:39:09', NULL, 128, 1991),
(441, 3, 'Acorn System 4', NULL, '<http://www.museo8bits.com/acorn_system4.htm>', '2018-09-13 11:39:09', NULL, 129, 1980),
(442, 3, 'Acorn System 1', NULL, '<http://www.museo8bits.com/acorn_system1.htm>', '2018-09-13 11:39:09', NULL, 129, 1979),
(443, 3, 'Acorn Atom', NULL, '<http://www.museo8bits.com/atom.htm>', '2018-09-13 11:39:09', NULL, 129, 1979),
(444, 3, 'Acorn System 3', NULL, '<http://www.museo8bits.com/acorn_system3.htm>', '2018-09-13 11:39:09', NULL, 129, 1979),
(445, 3, 'Acorn PocketBook II', NULL, '<http://www.museo8bits.com/pocketbook2.htm>', '2018-09-13 11:39:09', NULL, 129, 1994),
(446, 3, 'Acorn Electron', NULL, '<http://www.museo8bits.com/electron.htm>', '2018-09-13 11:39:09', NULL, 129, 1983),
(447, 3, 'Acorn System 2', NULL, '<http://www.museo8bits.com/acorn_system2.htm>', '2018-09-13 11:39:09', NULL, 129, 1979),
(448, 3, 'Acorn PocketBook', NULL, '<http://www.museo8bits.com/pocketbook.htm>', '2018-09-13 11:39:09', NULL, 129, 1992),
(449, 3, 'Vectrex', NULL, '<http://www.museo8bits.com/vectrex.htm>', '2018-09-13 11:39:09', NULL, 130, 1982),
(450, 3, 'VZ300', NULL, '<http://www.old-computers.com/museum/computer.asp?st=1&c=980>', '2018-09-13 11:39:09', NULL, 131, 1985),
(451, 3, 'VZ200', NULL, '<http://www.old-computers.com/museum/computer.asp?st=1&c=979>', '2018-09-13 11:39:09', NULL, 131, 1982),
(452, 3, 'Dick Smith VZ 200', NULL, '<http://www.museo8bits.com/laser200.htm>', '2018-09-13 11:39:09', NULL, 131, 1984),
(453, 3, 'CAT', NULL, '<http://www.old-computers.com/museum/computer.asp?st=1&c=974>', '2018-09-13 11:39:09', NULL, 131, 1984),
(454, 3, 'Talent DPC-200 MSX', NULL, '<http://www.museo8bits.com/talent_dpc200.htm>', '2018-09-13 11:39:09', NULL, 132, 1985),
(455, 3, 'Jupiter Ace', NULL, '<http://www.museo8bits.com/jupiter_ace.htm><http://www.old-computers.com/museum/computer.asp?st=1&c=147>', '2018-09-13 11:39:09', NULL, 133, 1981),
(456, 3, 'GRAPHICS COMPUTER', NULL, '<http://www.old-computers.com/museum/computer.asp?st=1&c=986>', '2018-09-13 11:39:09', NULL, 134, 1984),
(457, 3, 'AVC 777', NULL, '<http://www.old-computers.com/museum/computer.asp?st=1&c=513>', '2018-09-13 11:39:09', NULL, 136, 1982),
(458, 3, 'AVC 777 - J2', NULL, '<http://www.old-computers.com/museum/computer.asp?st=1&c=81>', '2018-09-13 11:39:09', NULL, 136, 1982),
(459, 18, 'VIDEO SPIEL TG-621', NULL, '<http://www.old-computers.com/museum/computer.asp?st=3&c=657>', '2018-09-13 11:39:09', NULL, 137, 1977),
(460, 18, 'GAME AXE', NULL, '<http://www.old-computers.com/museum/computer.asp?st=2&c=698>', '2018-09-13 11:39:09', NULL, 138, 1995),
(461, 3, 'AGAT 9', NULL, '<http://www.old-computers.com/museum/computer.asp?st=1&c=510>', '2018-09-13 11:39:09', NULL, 139, 1986),
(462, 3, 'AGAT', NULL, '<http://www.old-computers.com/museum/computer.asp?st=1&c=509>', '2018-09-13 11:39:09', NULL, 139, 1983),
(463, 3, 'CSIRAC', NULL, '<http://www.old-computers.com/museum/computer.asp?st=1&c=1085>', '2018-09-13 11:39:09', NULL, 140, 1949),
(464, 18, 'GMC-802', NULL, '<http://www.old-computers.com/museum/computer.asp?st=3&c=693>', '2018-09-13 11:39:09', NULL, 141, 1982),
(465, 3, 'DMS-3/F', NULL, '<http://www.old-computers.com/museum/computer.asp?st=1&c=593>', '2018-09-13 11:39:09', NULL, 142, 1982),
(466, 3, 'DMS-5000', NULL, '<http://www.old-computers.com/museum/computer.asp?st=1&c=609>', '2018-09-13 11:39:09', NULL, 142, 1982),
(467, 18, 'DATABASE GAMES-COMPUTER', NULL, '<http://www.old-computers.com/museum/computer.asp?st=2&c=1189>', '2018-09-13 11:39:09', NULL, 143, 1980),
(468, 3, 'BETASYSTEM', NULL, '<http://www.old-computers.com/museum/computer.asp?st=1&c=592>', '2018-09-13 11:39:09', NULL, 144, 1982),
(469, 18, 'MICRO 5500', NULL, '<http://www.old-computers.com/museum/computer.asp?st=2&c=738>', '2018-09-13 11:39:09', NULL, 146, 1978),
(470, 18, 'VIDEOSPORT 600', NULL, '<http://www.old-computers.com/museum/computer.asp?st=3&c=718>', '2018-09-13 11:39:09', NULL, 146, 1978),
(471, 3, 'Dismac D8000', NULL, '<http://www.museo8bits.com/dismac_d8000.htm>', '2018-09-13 11:39:09', NULL, 147, 1981),
(472, 3, 'T3D', NULL, '<http://www.old-computers.com/museum/computer.asp?st=1&c=991>', '2018-09-13 11:39:09', NULL, 148, 1993),
(473, 3, 'LYNX', NULL, '<http://www.old-computers.com/museum/computer.asp?st=1&c=158>', '2018-09-13 11:39:09', NULL, 149, 1982),
(474, 3, 'Camputer Lynx-48', NULL, '<http://www.museo8bits.com/camputer_lynx.htm>', '2018-09-13 11:39:09', NULL, 149, 1983),
(475, 3, 'WITCH', NULL, '<http://www.old-computers.com/museum/computer.asp?st=1&c=1235>', '2018-09-13 11:39:09', NULL, 150, 1948),
(476, 3, 'Aiwa Megadrive', NULL, '<http://www.museo8bits.com/aiwa_megadrive.htm>', '2018-09-13 11:39:09', NULL, 151, 1994),
(477, 3, 'ALPHA PLUS', NULL, '<http://www.old-computers.com/museum/computer.asp?st=1&c=514>', '2018-09-13 11:39:09', NULL, 152, 1982),
(478, 18, 'SUPER TELE-SPORT (D-688/36)', NULL, '<http://www.old-computers.com/museum/computer.asp?st=3&c=1063>', '2018-09-13 11:39:09', NULL, 153, 1977),
(479, 3, 'DY 80', NULL, '<http://www.old-computers.com/museum/computer.asp?st=1&c=118>', '2018-09-13 11:39:09', NULL, 154, 1982),
(480, 18, 'TELE-BALL', NULL, '<http://www.old-computers.com/museum/computer.asp?st=3&c=1156>', '2018-09-13 11:39:09', NULL, 155, 1977),
(481, 18, 'TELE-BALL III', NULL, '<http://www.old-computers.com/museum/computer.asp?st=3&c=1159>', '2018-09-13 11:39:09', NULL, 155, 1977),
(482, 18, 'TELE-BALL VII', NULL, '<http://www.old-computers.com/museum/computer.asp?st=3&c=692>', '2018-09-13 11:39:09', NULL, 155, 1977),
(483, 18, 'TELE-BALL II', NULL, '<http://www.old-computers.com/museum/computer.asp?st=3&c=691>', '2018-09-13 11:39:09', NULL, 155, 1977),
(484, 18, 'TELE-BALL VIII', NULL, '<http://www.old-computers.com/museum/computer.asp?st=2&c=1157>', '2018-09-13 11:39:09', NULL, 155, 1978),
(485, 18, 'TELE-BALL IX', NULL, '<http://www.old-computers.com/museum/computer.asp?st=3&c=1162>', '2018-09-13 11:39:09', NULL, 155, 1978),
(486, 18, 'TELE-BALL IV', NULL, '<http://www.old-computers.com/museum/computer.asp?st=3&c=1155>', '2018-09-13 11:39:09', NULL, 155, 1977),
(488, 3, 'Apple II', NULL, '<http://www.museo8bits.com/appleii.htm><http://www.old-computers.com/museum/computer.asp?st=1&c=68>', '2018-09-13 11:39:09', NULL, 156, 1977),
(489, 3, 'MACINTOSH', NULL, '<http://www.old-computers.com/museum/computer.asp?st=1&c=271>', '2018-09-13 11:39:09', NULL, 156, 1984),
(490, 3, 'LISA / LISA 2 - MAC XL', NULL, '<http://www.old-computers.com/museum/computer.asp?st=1&c=265>', '2018-09-13 11:39:09', NULL, 156, 1983),
(491, 3, 'Apple IIGS', NULL, '<http://www.old-computers.com/museum/computer.asp?st=1&c=71>', '2018-09-13 11:39:09', NULL, 156, 1986),
(492, 3, 'Apple Macintosh 128, Macintosh 512, Macintosh 512e, Macintosh Plus', NULL, '<http://www.museo8bits.com/macplus.htm>', '2018-09-13 11:39:09', NULL, 156, 1984),
(493, 3, 'APPLE III', NULL, '<http://www.old-computers.com/museum/computer.asp?st=1&c=72>', '2018-09-13 11:39:09', NULL, 156, 1980),
(494, 3, 'MACINTOSH SE', NULL, '<http://www.old-computers.com/museum/computer.asp?st=1&c=161>', '2018-09-13 11:39:09', NULL, 156, 1987),
(496, 3, 'Apple II +', NULL, '<http://www.museo8bits.com/appleiiplus.htm><http://www.old-computers.com/museum/computer.asp?st=1&c=571>', '2018-09-13 11:39:10', NULL, 156, 1978),
(497, 3, 'MACINTOSH COLOR CLASSIC ', NULL, '<http://www.old-computers.com/museum/computer.asp?st=1&c=1043>', '2018-09-13 11:39:10', NULL, 156, 1993),
(499, 3, 'MACINTOSH II', NULL, '<http://www.old-computers.com/museum/computer.asp?st=1&c=160>', '2018-09-13 11:39:10', NULL, 156, 1987),
(500, 3, 'Apple II Europlus', NULL, '<http://www.museo8bits.com/appleiieuroplus.htm>', '2018-09-13 11:39:10', NULL, 156, 1980),
(501, 3, 'MACINTOSH PLUS', NULL, '<http://www.old-computers.com/museum/computer.asp?st=1&c=282>', '2018-09-13 11:39:10', NULL, 156, 1986),
(502, 3, 'Apple IIe', NULL, '<http://www.museo8bits.com/appleiie.htm>\r\n\r\n<http://www.old-computers.com/museum/computer.asp?st=1&c=83>', '2018-09-13 11:39:10', NULL, 156, 1983),
(503, 3, 'MACINTOSH SE 30', NULL, '<http://www.old-computers.com/museum/computer.asp?st=1&c=162>', '2018-09-13 11:39:10', NULL, 156, 1989),
(504, 3, 'Apple I', NULL, '<http://www.museo8bits.com/applei.htm>', '2018-09-13 11:39:10', NULL, 156, 1976),
(505, 3, 'Apple IIc Plus', NULL, '<http://www.old-computers.com/museum/computer.asp?st=1&c=36>', '2018-09-13 11:39:10', NULL, 156, 1988),
(506, 3, 'Apple IIe Platinum', NULL, '<http://www.old-computers.com/museum/computer.asp?st=1&c=977>', '2018-09-13 11:39:10', NULL, 156, 1987),
(507, 3, 'MACINTOSH PORTABLE', NULL, '<http://www.old-computers.com/museum/computer.asp?st=1&c=1005>', '2018-09-13 11:39:10', NULL, 156, 1989),
(508, 3, 'APPLE 1', NULL, '<http://www.old-computers.com/museum/computer.asp?st=1&c=67>', '2018-09-13 11:39:10', NULL, 156, 1976),
(509, 3, 'Apple IIc', NULL, '<http://www.museo8bits.com/appleiic.htm>\r\n\r\n<http://www.old-computers.com/museum/computer.asp?st=1&c=69>', '2018-09-13 11:39:10', NULL, 156, 1984),
(510, 3, '500 SERIES', NULL, '<http://www.old-computers.com/museum/computer.asp?st=1&c=617>', '2018-09-13 11:39:10', NULL, 157, 1982),
(511, 3, 'SOL - 10 / 20', NULL, '<http://www.old-computers.com/museum/computer.asp?st=1&c=344>', '2018-09-13 11:39:10', NULL, 158, 1976),
(512, 3, 'TPC-310', NULL, '<http://www.old-computers.com/museum/computer.asp?st=1&c=699>', '2018-09-13 11:39:10', NULL, 159, 1988),
(513, 3, 'AIM 65/40', NULL, '<http://www.old-computers.com/museum/computer.asp?st=1&c=674>', '2018-09-13 11:39:10', NULL, 160, 1981),
(514, 3, 'AIM 65', NULL, '<http://www.old-computers.com/museum/computer.asp?st=1&c=58>', '2018-09-13 11:39:10', NULL, 160, 1976),
(515, 3, 'GEM 1000 JUNIOR COMPUTER / CHARLEMAGNE 999', NULL, '<http://www.old-computers.com/museum/computer.asp?st=1&c=420>', '2018-09-13 11:39:10', NULL, 161, 1983),
(516, 3, 'GEM-2000 / 3000 / 4000', NULL, '<http://www.old-computers.com/museum/computer.asp?st=1&c=421>', '2018-09-13 11:39:10', NULL, 161, 1983),
(517, 3, 'ABC 26', NULL, '<http://www.old-computers.com/museum/computer.asp?st=1&c=512>', '2018-09-13 11:39:10', NULL, 162, 1982),
(518, 3, 'AI-M16', NULL, '<http://www.old-computers.com/museum/computer.asp?st=1&c=511>', '2018-09-13 11:39:10', NULL, 162, 1982),
(519, 3, 'ABC 20', NULL, '<http://www.old-computers.com/museum/computer.asp?st=1&c=451>', '2018-09-13 11:39:10', NULL, 162, 1979),
(520, 3, 'ABC 24', NULL, '<http://www.old-computers.com/museum/computer.asp?st=1&c=34>', '2018-09-13 11:39:10', NULL, 162, 1979),
(521, 18, 'COLOR TV-MULTI-SPIEL 4010', NULL, '<http://www.old-computers.com/museum/computer.asp?st=3&c=702>', '2018-09-13 11:39:10', NULL, 164, 1977),
(522, 3, 'MIKRO MIKKO 1', NULL, '<http://www.old-computers.com/museum/computer.asp?st=1&c=630>', '2018-09-13 11:39:10', NULL, 165, 1984),
(523, 3, 'Nokia N-Gage', NULL, '<http://www.museo8bits.com/ngage.htm>', '2018-09-13 11:39:10', NULL, 165, 2003),
(524, 18, 'COLOUR TV GAME', NULL, '<http://www.old-computers.com/museum/computer.asp?st=3&c=1101>', '2018-09-13 11:39:10', NULL, 166, 1978),
(525, 3, 'T-40', NULL, '<http://www.old-computers.com/museum/computer.asp?st=1&c=731>', '2018-09-13 11:39:10', NULL, 167, 1995),
(526, 3, 'SM-B-80TE', NULL, '<http://www.old-computers.com/museum/computer.asp?st=1&c=701>', '2018-09-13 11:39:10', NULL, 168, 1977),
(527, 3, 'X1 (CZ-800C)', NULL, '<http://www.old-computers.com/museum/computer.asp?st=1&c=313>', '2018-09-13 11:39:10', NULL, 168, 1982),
(528, 3, 'MZ 800 - MZ 1500', NULL, '<http://www.old-computers.com/museum/computer.asp?st=1&c=208>', '2018-09-13 11:39:10', NULL, 168, 1984),
(529, 3, 'PC-3201', NULL, '<http://www.old-computers.com/museum/computer.asp?st=1&c=811>', '2018-09-13 11:39:10', NULL, 168, 1980),
(530, 3, 'PC-5000', NULL, '<http://www.old-computers.com/museum/computer.asp?st=1&c=476>', '2018-09-13 11:39:10', NULL, 168, 1983),
(531, 3, 'X68000 PRO', NULL, '<http://www.old-computers.com/museum/computer.asp?st=1&c=304>', '2018-09-13 11:39:10', NULL, 168, 1989),
(532, 3, 'X1-C (CZ-801C)', NULL, '<http://www.old-computers.com/museum/computer.asp?st=1&c=312>', '2018-09-13 11:39:10', NULL, 168, 1983),
(533, 3, 'X1 TURBO III', NULL, '<http://www.old-computers.com/museum/computer.asp?st=1&c=317>', '2018-09-13 11:39:10', NULL, 168, 1986),
(534, 3, 'X68000 ACE / ACE HD', NULL, '<http://www.old-computers.com/museum/computer.asp?st=1&c=302>', '2018-09-13 11:39:10', NULL, 168, 1988),
(535, 3, 'PC-1210 / 1211 / 1212', NULL, '<http://www.old-computers.com/museum/computer.asp?st=1&c=936>', '2018-09-13 11:39:10', NULL, 168, 1980),
(536, 3, 'X68000 EXPERT II', NULL, '<http://www.old-computers.com/museum/computer.asp?st=1&c=306>', '2018-09-13 11:39:10', NULL, 168, 1990),
(537, 3, 'PC-1500 / PC-1500A', NULL, '<http://www.old-computers.com/museum/computer.asp?st=1&c=965>', '2018-09-13 11:39:10', NULL, 168, 1981),
(538, 3, 'MZ-3500', NULL, '<http://www.old-computers.com/museum/computer.asp?st=1&c=295>', '2018-09-13 11:39:10', NULL, 168, 1983),
(539, 3, 'X68000 EXPERT', NULL, '<http://www.old-computers.com/museum/computer.asp?st=1&c=303>', '2018-09-13 11:39:10', NULL, 168, 1989),
(540, 3, 'X68000 XVI COMPACT', NULL, '<http://www.old-computers.com/museum/computer.asp?st=1&c=309>', '2018-09-13 11:39:10', NULL, 168, 1992),
(541, 3, 'AX 286', NULL, '<http://www.old-computers.com/museum/computer.asp?st=1&c=322>', '2018-09-13 11:39:10', NULL, 168, 1991),
(542, 3, 'MZ 2500', NULL, '<http://www.old-computers.com/museum/computer.asp?st=1&c=416>', '2018-09-13 11:39:10', NULL, 168, 1985),
(543, 3, 'Sharp MZ 3500', NULL, '<http://www.museo8bits.com/mz3500.htm>', '2018-09-13 11:39:10', NULL, 168, 1983),
(544, 3, 'MZ 2200', NULL, '<http://www.old-computers.com/museum/computer.asp?st=1&c=781>', '2018-09-13 11:39:10', NULL, 168, 1983),
(545, 3, 'MZ 40K', NULL, '<http://www.old-computers.com/museum/computer.asp?st=1&c=556>', '2018-09-13 11:39:10', NULL, 168, 1978),
(546, 3, 'X68030 / 68030 COMPACT', NULL, '<http://www.old-computers.com/museum/computer.asp?st=1&c=310>', '2018-09-13 11:39:10', NULL, 168, 1993),
(547, 3, 'X1-CS (CZ-803C)', NULL, '<http://www.old-computers.com/museum/computer.asp?st=1&c=315>', '2018-09-13 11:39:10', NULL, 168, 1984),
(548, 3, 'X68000 PRO II', NULL, '<http://www.old-computers.com/museum/computer.asp?st=1&c=305>', '2018-09-13 11:39:10', NULL, 168, 1990),
(549, 3, 'X1-CK (CZ-804C)', NULL, '<http://www.old-computers.com/museum/computer.asp?st=1&c=314>', '2018-09-13 11:39:10', NULL, 168, 1984),
(550, 3, 'X1 TURBO', NULL, '<http://www.old-computers.com/museum/computer.asp?st=1&c=259>', '2018-09-13 11:39:10', NULL, 168, 1984),
(551, 3, 'Sharp MZ 1500', NULL, '<http://www.museo8bits.com/mz1500.htm>', '2018-09-13 11:39:10', NULL, 168, 1984),
(552, 3, 'PC-3101', NULL, '<http://www.old-computers.com/museum/computer.asp?st=1&c=207>', '2018-09-13 11:39:10', NULL, 168, 1980),
(553, 3, 'MZ 80C', NULL, '<http://www.old-computers.com/museum/computer.asp?st=1&c=418>', '2018-09-13 11:39:10', NULL, 168, 1979),
(554, 3, 'PC-1403 (H)', NULL, '<http://www.old-computers.com/museum/computer.asp?st=1&c=1173>', '2018-09-13 11:39:10', NULL, 168, 1986),
(555, 3, 'PC-1401  PC-1402  PC-1421', NULL, '<http://www.old-computers.com/museum/computer.asp?st=1&c=1170>', '2018-09-13 11:39:10', NULL, 168, 1983),
(556, 3, 'MZ 80K', NULL, '<http://www.old-computers.com/museum/computer.asp?st=1&c=174>', '2018-09-13 11:39:10', NULL, 168, 1979),
(557, 3, 'PC-1260  PC-1261  PC-1262', NULL, '<http://www.old-computers.com/museum/computer.asp?st=1&c=466>', '2018-09-13 11:39:10', NULL, 168, 1984),
(558, 3, 'MZ 80B', NULL, '<http://www.old-computers.com/museum/computer.asp?st=1&c=173>', '2018-09-13 11:39:10', NULL, 168, 1981),
(559, 3, 'PC-1245', NULL, '<http://www.old-computers.com/museum/computer.asp?st=1&c=1135>', '2018-09-13 11:39:10', NULL, 168, 1983),
(560, 3, 'X1 TURBO Z III', NULL, '<http://www.old-computers.com/museum/computer.asp?st=1&c=319>', '2018-09-13 11:39:10', NULL, 168, 1988),
(561, 3, 'WD 2000', NULL, '<http://www.old-computers.com/museum/computer.asp?st=1&c=255>', '2018-09-13 11:39:10', NULL, 168, 1985),
(562, 3, 'X68000 SUPER / SUPER HD', NULL, '<http://www.old-computers.com/museum/computer.asp?st=1&c=307>', '2018-09-13 11:39:10', NULL, 168, 1990),
(563, 3, 'X68000', NULL, '<http://www.old-computers.com/museum/computer.asp?st=1&c=298>', '2018-09-13 11:39:10', NULL, 168, 1987),
(564, 3, 'PC-1250 PC-1251', NULL, '<http://www.old-computers.com/museum/computer.asp?st=1&c=1091>', '2018-09-13 11:39:10', NULL, 168, 1982),
(565, 3, 'X68000 XVI', NULL, '<http://www.old-computers.com/museum/computer.asp?st=1&c=308>', '2018-09-13 11:39:10', NULL, 168, 1991),
(566, 3, 'Sharp MZ 6500', NULL, '<http://www.museo8bits.com/mz6500.htm>', '2018-09-13 11:39:10', NULL, 168, 1985),
(567, 3, 'SM-B-80TC', NULL, '<http://www.old-computers.com/museum/computer.asp?st=1&c=705>', '2018-09-13 11:39:10', NULL, 168, 1977),
(568, 3, 'MZ 2800', NULL, '<http://www.old-computers.com/museum/computer.asp?st=1&c=417>', '2018-09-13 11:39:10', NULL, 168, 1987),
(569, 3, 'X1 TURBO Z (CZ-880C)', NULL, '<http://www.old-computers.com/museum/computer.asp?st=1&c=318>', '2018-09-13 11:39:10', NULL, 168, 1986),
(570, 3, 'X1-D (CZ-802C)', NULL, '<http://www.old-computers.com/museum/computer.asp?st=1&c=316>', '2018-09-13 11:39:10', NULL, 168, 1983),
(571, 3, 'PC-2500', NULL, '<http://www.old-computers.com/museum/computer.asp?st=1&c=184>', '2018-09-13 11:39:10', NULL, 168, 1985),
(572, 3, 'PC-7000', NULL, '<http://www.old-computers.com/museum/computer.asp?st=1&c=496>', '2018-09-13 11:39:10', NULL, 168, 1985),
(573, 3, 'MZ 5500 - 5600', NULL, '<http://www.old-computers.com/museum/computer.asp?st=1&c=296>', '2018-09-13 11:39:10', NULL, 168, 1983),
(574, 3, 'MZ 80A - MZ 1200', NULL, '<http://www.old-computers.com/museum/computer.asp?st=1&c=172>', '2018-09-13 11:39:10', NULL, 168, 1982),
(575, 3, 'MZ 700', NULL, '<http://www.old-computers.com/museum/computer.asp?st=1&c=87>', '2018-09-13 11:39:10', NULL, 168, 1983),
(576, 3, 'MZ 2000', NULL, '<http://www.old-computers.com/museum/computer.asp?st=1&c=415>', '2018-09-13 11:39:10', NULL, 168, 1982),
(577, 18, 'TV SPORTS TG-621', NULL, '<http://www.old-computers.com/museum/computer.asp?st=3&c=678>', '2018-09-13 11:39:10', NULL, 169, 1977),
(578, 18, 'TVG-209', NULL, '<http://www.old-computers.com/museum/computer.asp?st=3&c=679>', '2018-09-13 11:39:11', NULL, 169, 1979),
(579, 18, 'WONDER WIZARD (MODEL N° 7702)', NULL, '<http://www.old-computers.com/museum/computer.asp?st=3&c=1105>', '2018-09-13 11:39:11', NULL, 170, 1976),
(580, 3, 'INTROKIT', NULL, '<http://www.old-computers.com/museum/computer.asp?st=1&c=1147>', '2018-09-13 11:39:11', NULL, 171, 1976),
(581, 18, 'TELECLICK', NULL, '<http://www.old-computers.com/museum/computer.asp?st=3&c=948>', '2018-09-13 11:39:11', NULL, 172, 1979),
(582, 3, 'EINSTEIN TC-01', NULL, '<http://www.old-computers.com/museum/computer.asp?st=1&c=86>', '2018-09-13 11:39:11', NULL, 173, 1984),
(583, 3, 'PC-2000', NULL, '<http://www.old-computers.com/museum/computer.asp?st=1&c=903>', '2018-09-13 11:39:11', NULL, 173, 1984),
(584, 3, 'PROF80', NULL, '<http://www.old-computers.com/museum/computer.asp?st=1&c=992>', '2018-09-13 11:39:11', NULL, 174, 1982),
(585, 3, 'ECRITEXT', NULL, '<http://www.old-computers.com/museum/computer.asp?st=1&c=120>', '2018-09-13 11:39:11', NULL, 175, 1982),
(586, 3, 'MAGNUM', NULL, '<http://www.old-computers.com/museum/computer.asp?st=1&c=764>', '2018-09-13 11:39:11', NULL, 177, 1984),
(587, 3, 'BLACK BOX', NULL, '<http://www.old-computers.com/museum/computer.asp?st=1&c=454>', '2018-09-13 11:39:11', NULL, 178, 1979),
(588, 3, 'BUSINESS COMPUTER', NULL, '<http://www.old-computers.com/museum/computer.asp?st=1&c=1194>', '2018-09-13 11:39:11', NULL, 178, 1983),
(589, 3, 'NATIONAL JR 200', NULL, '<http://www.old-computers.com/museum/computer.asp?st=1&c=324>', '2018-09-13 11:39:11', NULL, 179, 1982),
(590, 3, 'NATIONAL JR 100', NULL, '<http://www.old-computers.com/museum/computer.asp?st=1&c=320>', '2018-09-13 11:39:11', NULL, 179, 1981),
(591, 3, 'NATIONAL JR 300', NULL, '<http://www.old-computers.com/museum/computer.asp?st=1&c=321>', '2018-09-13 11:39:11', NULL, 179, 1984),
(592, 3, 'BOSMAN 8', NULL, '<http://www.old-computers.com/museum/computer.asp?st=1&c=1206>', '2018-09-13 11:39:11', NULL, 181, 1987),
(593, 3, 'LX-500 SERIES', NULL, '<http://www.old-computers.com/museum/computer.asp?st=1&c=881>', '2018-09-13 11:39:11', NULL, 182, 1978),
(594, 3, 'PERSONA 1600', NULL, '<http://www.old-computers.com/museum/computer.asp?st=1&c=154>', '2018-09-13 11:39:11', NULL, 182, 1983),
(595, 18, 'MPU-1000/2000', NULL, '<http://www.old-computers.com/museum/computer.asp?st=2&c=906>', '2018-09-13 11:39:11', NULL, 184, 1979),
(596, 3, 'HEKTOR 2', NULL, '<http://www.old-computers.com/museum/computer.asp?st=1&c=602>', '2018-09-13 11:39:11', NULL, 185, 1981),
(597, 3, 'PT501', NULL, '<http://www.old-computers.com/museum/computer.asp?st=1&c=817>', '2018-09-13 11:39:11', NULL, 185, 1979),
(598, 3, 'HEKTOR 3', NULL, '<http://www.old-computers.com/museum/computer.asp?st=1&c=1023>', '2018-09-13 11:39:11', NULL, 185, 1983),
(599, 3, 'SUPERBRAIN', NULL, '<http://www.old-computers.com/museum/computer.asp?st=1&c=204>', '2018-09-13 11:39:11', NULL, 186, 1980),
(600, 18, 'SUPER NINTENDO ENTERTAINMENT SYSTEM 2', NULL, '<http://www.old-computers.com/museum/computer.asp?st=2&c=1249>', '2018-09-13 11:39:11', NULL, 187, 1997),
(601, 18, 'Nintendo 64', NULL, '<http://www.museo8bits.com/n64.htm><http://www.old-computers.com/museum/computer.asp?st=2&c=1242>', '2018-09-13 11:39:11', NULL, 187, 1996),
(602, 18, 'Nintendo VirtualBoy', NULL, '<http://www.museo8bits.com/virtualb.htm>', '2018-09-13 11:39:11', NULL, 187, 1997),
(603, 18, 'TV-GAME 6 (MODEL CTG-6V)', NULL, '<http://www.old-computers.com/museum/computer.asp?st=3&c=985>', '2018-09-13 11:39:11', NULL, 187, 1977),
(604, 18, 'Nintendo DS', NULL, '<http://www.museo8bits.com/nintendods.htm>', '2018-09-13 11:39:11', NULL, 187, 2005),
(605, 18, 'Nintendo SuperNintendo / SuperFamilicon', NULL, '<http://www.museo8bits.com/snes.htm>', '2018-09-13 11:39:11', NULL, 187, 1990),
(606, 18, 'Nintendo Gameboy Pocket', NULL, '<http://www.museo8bits.com/gameboy.htm>', '2018-09-13 11:39:11', NULL, 187, 1989),
(607, 18, 'Family Computer (Famicom)', NULL, '<http://www.museo8bits.com/famicom.htm>', '2018-09-13 11:39:11', NULL, 187, 1983),
(608, 18, 'NES', NULL, '<http://www.old-computers.com/museum/computer.asp?st=2&c=866>', '2018-09-13 11:39:11', NULL, 187, 1985),
(609, 18, 'Nintendo GameCube', NULL, '<http://www.museo8bits.com/gamecube.htm>', '2018-09-13 11:39:11', NULL, 187, 2001),
(610, 3, 'FAMILY COMPUTER KEYBOARD', NULL, '<http://www.old-computers.com/museum/computer.asp?st=1&c=517>', '2018-09-13 11:39:11', NULL, 187, 1984),
(611, 18, 'Nintendo Gameboy', NULL, '<http://www.museo8bits.com/gameboy.htm>', '2018-09-13 11:39:11', NULL, 187, 1989),
(612, 18, 'RACING 112 (MODEL CTG-CR112)', NULL, '<http://www.old-computers.com/museum/computer.asp?st=2&c=745>', '2018-09-13 11:39:11', NULL, 187, 1978),
(613, 18, 'SUPER FAMICOM', NULL, '<http://www.old-computers.com/museum/computer.asp?st=2&c=1248>', '2018-09-13 11:39:11', NULL, 187, 1990),
(614, 18, 'Nintendo Gameboy Color', NULL, '<http://www.museo8bits.com/gameboy.htm>', '2018-09-13 11:39:11', NULL, 187, 1989),
(615, 3, 'SME', NULL, '<http://www.old-computers.com/museum/computer.asp?st=1&c=711>', '2018-09-13 11:39:11', NULL, 188, 1978),
(616, 3, 'HYPERION', NULL, '<http://www.old-computers.com/museum/computer.asp?st=1&c=339>', '2018-09-13 11:39:11', NULL, 189, 1983),
(617, 3, 'CORTEX', NULL, '<http://www.old-computers.com/museum/computer.asp?st=1&c=171>', '2018-09-13 11:39:11', NULL, 190, 1983),
(618, 3, '7000', NULL, '<http://www.old-computers.com/museum/computer.asp?st=1&c=203>', '2018-09-13 11:39:11', NULL, 191, 1979),
(619, 3, 'TPC-8300', NULL, '<http://www.old-computers.com/museum/computer.asp?st=1&c=1131>', '2018-09-13 11:39:11', NULL, 191, 1983),
(620, 3, '8000', NULL, '<http://www.old-computers.com/museum/computer.asp?st=1&c=1069>', '2018-09-13 11:39:11', NULL, 191, 1982),
(621, 3, 'CUBIC 99', NULL, '<http://www.old-computers.com/museum/computer.asp?st=1&c=590>', '2018-09-13 11:39:11', NULL, 192, 1984),
(622, 18, '41N', NULL, '<http://www.old-computers.com/museum/computer.asp?st=3&c=1287>', '2018-09-13 11:39:11', NULL, 193, 1977),
(623, 3, 'Q1 SYSTEM', NULL, '<http://www.old-computers.com/museum/computer.asp?st=1&c=1286>', '2018-09-13 11:39:11', NULL, 194, 1972),
(624, 3, 'PSI 80', NULL, '<http://www.old-computers.com/museum/computer.asp?st=1&c=150>', '2018-09-13 11:39:11', NULL, 195, 1980),
(625, 3, '820-II', NULL, '<http://www.old-computers.com/museum/computer.asp?st=1&c=487>', '2018-09-13 11:39:11', NULL, 196, 1983),
(626, 3, '8 / 16', NULL, '<http://www.old-computers.com/museum/computer.asp?st=1&c=14>', '2018-09-13 11:39:11', NULL, 196, 1983),
(627, 3, '6085', NULL, '<http://www.old-computers.com/museum/computer.asp?st=1&c=1052>', '2018-09-13 11:39:11', NULL, 196, 1985),
(628, 3, '860', NULL, '<http://www.old-computers.com/museum/computer.asp?st=1&c=488>', '2018-09-13 11:39:11', NULL, 196, 1980),
(629, 3, 'SUNRISE 1800 / 1805', NULL, '<http://www.old-computers.com/museum/computer.asp?st=1&c=489>', '2018-09-13 11:39:11', NULL, 196, 1983),
(630, 3, '820', NULL, '<http://www.old-computers.com/museum/computer.asp?st=1&c=15>', '2018-09-13 11:39:11', NULL, 196, 1981),
(631, 3, 'HANTU', NULL, '<http://www.old-computers.com/museum/computer.asp?st=1&c=523>', '2018-09-13 11:39:11', NULL, 200, 1975),
(632, 18, 'LEISURE-VISION', NULL, '<http://www.old-computers.com/museum/computer.asp?st=2&c=1177>', '2018-09-13 11:39:11', NULL, 201, 1982),
(633, 3, 'ALCYANE', NULL, '<http://www.old-computers.com/museum/computer.asp?st=1&c=1228>', '2018-09-13 11:39:11', NULL, 202, 1974),
(634, 3, 'ALCYANE A6E', NULL, '<http://www.old-computers.com/museum/computer.asp?st=1&c=59>', '2018-09-13 11:39:11', NULL, 202, 1983),
(635, 3, 'TAP-34', NULL, '<http://www.old-computers.com/museum/computer.asp?st=1&c=1298>', '2018-09-13 11:39:11', NULL, 203, 1980),
(636, 3, 'GENEVE 9640', NULL, '<http://www.old-computers.com/museum/computer.asp?st=1&c=1208>', '2018-09-13 11:39:11', NULL, 204, 1987),
(637, 3, 'VICTOR 9000 / SIRIUS 1', NULL, '<http://www.old-computers.com/museum/computer.asp?st=1&c=210>', '2018-09-13 11:39:11', NULL, 205, 1982),
(638, 3, 'PALCOM PX-7', NULL, '<http://www.old-computers.com/museum/computer.asp?st=1&c=301>', '2018-09-13 11:39:11', NULL, 206, 1985),
(639, 18, 'PONG (MODEL 25796)', NULL, '<http://www.old-computers.com/museum/computer.asp?st=3&c=873>', '2018-09-13 11:39:12', NULL, 207, 1975),
(640, 18, 'TELE-GAMES PINBALL BREAKAWAY (MODEL 99713)', NULL, '<http://www.old-computers.com/museum/computer.asp?st=2&c=1114>', '2018-09-13 11:39:12', NULL, 207, 1977),
(641, 3, 'PCC 2000', NULL, '<http://www.old-computers.com/museum/computer.asp?st=1&c=1300>', '2018-09-13 11:39:12', NULL, 208, 1978),
(642, 3, 'ORANGE 2', NULL, '<http://www.old-computers.com/museum/computer.asp?st=1&c=841>', '2018-09-13 11:39:12', NULL, 210, 1983),
(643, 18, 'ColecoVision', NULL, '<http://www.museo8bits.com/coleco.htm><http://www.old-computers.com/museum/computer.asp?st=2&c=755>', '2018-09-13 11:39:12', NULL, 211, 1983),
(644, 18, 'GEMINI', NULL, '<http://www.old-computers.com/museum/computer.asp?st=2&c=1152>', '2018-09-13 11:39:12', NULL, 211, 1982),
(645, 18, 'TELSTAR RANGER', NULL, '<http://www.old-computers.com/museum/computer.asp?st=3&c=673>', '2018-09-13 11:39:12', NULL, 211, 1977),
(646, 18, 'TELSTAR COLORMATIC - MODEL #6130', NULL, '<http://www.old-computers.com/museum/computer.asp?st=3&c=668>', '2018-09-13 11:39:12', NULL, 211, 1977),
(647, 3, 'ADAM', NULL, '<http://www.old-computers.com/museum/computer.asp?st=1&c=57>', '2018-09-13 11:39:12', NULL, 211, 1983),
(648, 18, 'TELSTAR MARKSMAN', NULL, '<http://www.old-computers.com/museum/computer.asp?st=3&c=672>', '2018-09-13 11:39:12', NULL, 211, 1978),
(649, 18, 'TELSTAR ARCADE', NULL, '<http://www.old-computers.com/museum/computer.asp?st=2&c=661>', '2018-09-13 11:39:12', NULL, 211, 1977),
(650, 18, 'TELSTAR COLORTRON', NULL, '<http://www.old-computers.com/museum/computer.asp?st=3&c=670>', '2018-09-13 11:39:12', NULL, 211, 1978),
(651, 18, 'TELSTAR GEMINI', NULL, '<http://www.old-computers.com/museum/computer.asp?st=2&c=671>', '2018-09-13 11:39:12', NULL, 211, 1978),
(652, 18, 'TELSTAR ALPHA - MODEL #6030', NULL, '<http://www.old-computers.com/museum/computer.asp?st=3&c=666>', '2018-09-13 11:39:12', NULL, 211, 1977),
(653, 18, 'TELSTAR', NULL, '<http://www.old-computers.com/museum/computer.asp?st=3&c=665>', '2018-09-13 11:39:12', NULL, 211, 1976),
(654, 18, 'TELSTAR CLASSIC - MODEL #6045', NULL, '<http://www.old-computers.com/museum/computer.asp?st=3&c=667>', '2018-09-13 11:39:12', NULL, 211, 1976),
(655, 3, 'Coleco Adam', NULL, '<http://www.museo8bits.com/coleco.htm>', '2018-09-13 11:39:12', NULL, 211, 1983),
(656, 18, 'COMBAT!', NULL, '<http://www.old-computers.com/museum/computer.asp?st=2&c=660>', '2018-09-13 11:39:12', NULL, 211, 1977),
(657, 3, 'EPA-6800', NULL, '<http://www.old-computers.com/museum/computer.asp?st=1&c=765>', '2018-09-13 11:39:12', NULL, 212, 1977),
(658, 3, 'KAYPRO IV', NULL, '<http://www.old-computers.com/museum/computer.asp?st=1&c=549>', '2018-09-13 11:39:12', NULL, 213, 1983),
(659, 3, 'KAYPRO II', NULL, '<http://www.old-computers.com/museum/computer.asp?st=1&c=550>', '2018-09-13 11:39:12', NULL, 213, 1982),
(660, 3, 'KAYPRO 16', NULL, '<http://www.old-computers.com/museum/computer.asp?st=1&c=519>', '2018-09-13 11:39:12', NULL, 213, 1985),
(661, 3, 'PC & 286I', NULL, '<http://www.old-computers.com/museum/computer.asp?st=1&c=1044>', '2018-09-13 11:39:12', NULL, 213, 1985),
(662, 3, 'ROBIE', NULL, '<http://www.old-computers.com/museum/computer.asp?st=1&c=278>', '2018-09-13 11:39:12', NULL, 213, 1984),
(663, 3, '2000', NULL, '<http://www.old-computers.com/museum/computer.asp?st=1&c=830>', '2018-09-13 11:39:12', NULL, 213, 1985),
(664, 3, 'KAYPRO 2X', NULL, '<http://www.old-computers.com/museum/computer.asp?st=1&c=954>', '2018-09-13 11:39:12', NULL, 213, 1984),
(665, 3, 'KAYPRO 4', NULL, '<http://www.old-computers.com/museum/computer.asp?st=1&c=548>', '2018-09-13 11:39:12', NULL, 213, 1984),
(666, 3, 'KAYPRO 1', NULL, '<http://www.old-computers.com/museum/computer.asp?st=1&c=831>', '2018-09-13 11:39:12', NULL, 213, 1986),
(667, 3, 'KAYPRO 10', NULL, '<http://www.old-computers.com/museum/computer.asp?st=1&c=148>', '2018-09-13 11:39:12', NULL, 213, 1983),
(668, 3, 'ACS-580', NULL, '<http://www.old-computers.com/museum/computer.asp?st=1&c=516>', '2018-09-13 11:39:12', NULL, 214, 1981),
(669, 3, 'ACS-186', NULL, '<http://www.old-computers.com/museum/computer.asp?st=1&c=528>', '2018-09-13 11:39:12', NULL, 214, 1984),
(670, 3, 'ACS-8000', NULL, '<http://www.old-computers.com/museum/computer.asp?st=1&c=456>', '2018-09-13 11:39:12', NULL, 214, 1978),
(671, 3, 'SERIE 5', NULL, '<http://www.old-computers.com/museum/computer.asp?st=1&c=455>', '2018-09-13 11:39:12', NULL, 214, 1982),
(672, 3, 'ACS-586 / 686', NULL, '<http://www.old-computers.com/museum/computer.asp?st=1&c=515>', '2018-09-13 11:39:12', NULL, 214, 1983),
(673, 3, 'OP 544 / OP 644', NULL, '<http://www.old-computers.com/museum/computer.asp?st=1&c=1001>', '2018-09-13 11:39:12', NULL, 216, 1982),
(674, 3, 'BOSS', NULL, '<http://www.old-computers.com/museum/computer.asp?st=1&c=95>', '2018-09-13 11:39:12', NULL, 216, 1980),
(675, 3, 'M18 SERIES', NULL, '<http://www.old-computers.com/museum/computer.asp?st=1&c=1021>', '2018-09-13 11:39:12', NULL, 217, 1975),
(676, 3, 'FELIX-PC', NULL, '<http://www.old-computers.com/museum/computer.asp?st=1&c=1020>', '2018-09-13 11:39:12', NULL, 217, 1985),
(677, 3, 'HC-91', NULL, '<http://www.old-computers.com/museum/computer.asp?st=1&c=632>', '2018-09-13 11:39:12', NULL, 217, 1991),
(678, 3, 'HC-85', NULL, '<http://www.old-computers.com/museum/computer.asp?st=1&c=629>', '2018-09-13 11:39:12', NULL, 217, 1985),
(679, 3, 'HC-2000', NULL, '<http://www.old-computers.com/museum/computer.asp?st=1&c=911>', '2018-09-13 11:39:12', NULL, 217, 1992),
(680, 3, 'Ce-Tec MPC-80 MSX', NULL, '<http://www.museo8bits.com/cetec_mpc80.htm>', '2018-09-13 11:39:12', NULL, 220, 1985),
(681, 3, '6809', NULL, '<http://www.old-computers.com/museum/computer.asp?st=1&c=534>', '2018-09-13 11:39:12', NULL, 221, 1983),
(682, 3, 'MAX 90', NULL, '<http://www.old-computers.com/museum/computer.asp?st=1&c=960>', '2018-09-13 11:39:12', NULL, 222, 1984),
(683, 3, 'MAX 20', NULL, '<http://www.old-computers.com/museum/computer.asp?st=1&c=959>', '2018-09-13 11:39:12', NULL, 222, 1984),
(684, 3, 'GALEB', NULL, '<http://www.old-computers.com/museum/computer.asp?st=1&c=1048>', '2018-09-13 11:39:12', NULL, 223, 1981),
(685, 3, 'ORAO', NULL, '<http://www.old-computers.com/museum/computer.asp?st=1&c=981>', '2018-09-13 11:39:12', NULL, 223, 1985),
(686, 18, 'ROBOT', NULL, '<http://www.old-computers.com/museum/computer.asp?st=3&c=681>', '2018-09-13 11:39:12', NULL, 224, 1978),
(687, 3, 'PECOM 32', NULL, '<http://www.old-computers.com/museum/computer.asp?st=1&c=332>', '2018-09-13 11:39:12', NULL, 225, 1985),
(688, 3, 'PECOM 64', NULL, '<http://www.old-computers.com/museum/computer.asp?st=1&c=970>', '2018-09-13 11:39:12', NULL, 225, 1985),
(689, 3, 'Z88', NULL, '<http://www.museo8bits.com/z88.htm>', '2018-09-13 11:39:12', NULL, 226, 1988),
(690, 3, 'Power 3000', NULL, '<http://www.museo8bits.com/lambda.htm>', '2018-09-13 11:39:12', NULL, 227, 1983),
(691, 3, 'EX3000', NULL, '<http://www.old-computers.com/museum/computer.asp?st=1&c=48>', '2018-09-13 11:39:12', NULL, 229, 1977),
(692, 3, 'VISUAL 1083 / COMMUTER', NULL, '<http://www.old-computers.com/museum/computer.asp?st=1&c=1193>', '2018-09-13 11:39:12', NULL, 230, 1983),
(693, 3, 'VISUAL 1050', NULL, '<http://www.old-computers.com/museum/computer.asp?st=1&c=842>', '2018-09-13 11:39:12', NULL, 230, 1984),
(694, 3, 'ALTAIR 8800', NULL, '<http://www.old-computers.com/museum/computer.asp?st=1&c=62>', '2018-09-13 11:39:12', NULL, 231, 1975),
(695, 3, 'ALTAIR 8800B', NULL, '<http://www.old-computers.com/museum/computer.asp?st=1&c=896>', '2018-09-13 11:39:12', NULL, 231, 1976),
(696, 3, 'Mits Altair 8800a', NULL, '<http://www.museo8bits.com/altair8800a.htm>', '2018-09-13 11:39:12', NULL, 231, 1976),
(697, 3, 'Mits Altair 8800b Turnkey', NULL, '<http://www.museo8bits.com/altair8800bt.htm>', '2018-09-13 11:39:12', NULL, 231, 1977),
(698, 3, 'Mits Altair 8800b', NULL, '<http://www.museo8bits.com/altair8800b.htm>', '2018-09-13 11:39:12', NULL, 231, 1976),
(699, 3, 'ALTAIR 680', NULL, '<http://www.old-computers.com/museum/computer.asp?st=1&c=892>', '2018-09-13 11:39:12', NULL, 231, 1975),
(700, 3, 'Mits Altair 8800', NULL, '<http://www.museo8bits.com/altair8800.htm>', '2018-09-13 11:39:12', NULL, 231, 1975),
(701, 3, 'CORTEX', NULL, '<http://www.old-computers.com/museum/computer.asp?st=1&c=899>', '2018-09-13 11:39:12', NULL, 232, 1983),
(702, 3, 'IVEL ULTRA', NULL, '<http://www.old-computers.com/museum/computer.asp?st=1&c=1220>', '2018-09-13 11:39:12', NULL, 233, 1984),
(703, 3, 'ET-3400', NULL, '<http://www.old-computers.com/museum/computer.asp?st=1&c=785>', '2018-09-13 11:39:12', NULL, 234, 1976),
(704, 3, 'Z-100/110/120', NULL, '<http://www.old-computers.com/museum/computer.asp?st=1&c=261>', '2018-09-13 11:39:12', NULL, 234, 1982),
(705, 3, 'H-89', NULL, '<http://www.old-computers.com/museum/computer.asp?st=1&c=135>', '2018-09-13 11:39:12', NULL, 234, 1979),
(706, 3, 'TX 8000', NULL, '<http://www.old-computers.com/museum/computer.asp?st=1&c=1113>', '2018-09-13 11:39:12', NULL, 235, 1984),
(707, 3, 'Texet TX8000', NULL, '<http://www.museo8bits.com/laser200.htm>', '2018-09-13 11:39:12', NULL, 235, 1984),
(708, 3, 'SYSTEM 8813', NULL, '<http://www.old-computers.com/museum/computer.asp?st=1&c=51>', '2018-09-13 11:39:12', NULL, 236, 1977),
(709, 3, 'POLY 88', NULL, '<http://www.old-computers.com/museum/computer.asp?st=1&c=563>', '2018-09-13 11:39:12', NULL, 236, 1976),
(710, 3, 'Schumec M85', NULL, '<http://www.museo8bits.com/schumec_m85.htm>', '2018-09-13 11:39:12', NULL, 237, 1983),
(711, 3, 'Schumec M101/88', NULL, '<http://www.museo8bits.com/schumec_m101.htm>', '2018-09-13 11:39:12', NULL, 237, 1984),
(712, 3, 'Schumec M100/85', NULL, '<http://www.museo8bits.com/schumec_m100.htm>', '2018-09-13 11:39:12', NULL, 237, 1982),
(713, 3, 'Unitron APII', NULL, '<http://www.museo8bits.com/unitronap.htm>', '2018-09-13 11:39:13', NULL, 238, 1982),
(714, 3, 'Unitron U-2200', NULL, '<http://www.museo8bits.com/unitrona2200.htm>', '2018-09-13 11:39:13', NULL, 238, 1982),
(715, 3, 'Elwro 800 Jr', NULL, '<http://www.museo8bits.com/elwro800jr.htm>', '2018-09-13 11:39:13', NULL, 239, 1986),
(716, 3, '800 JUNIOR', NULL, '<http://www.old-computers.com/museum/computer.asp?st=1&c=951>', '2018-09-13 11:39:13', NULL, 239, 1986),
(717, 18, 'SD-01C', NULL, '<http://www.old-computers.com/museum/computer.asp?st=3&c=690>', '2018-09-13 11:39:13', NULL, 240, 1978),
(718, 3, 'ADVANTAGE', NULL, '<http://www.old-computers.com/museum/computer.asp?st=1&c=652>', '2018-09-13 11:39:13', NULL, 241, 1982),
(719, 3, 'HORIZON', NULL, '<http://www.old-computers.com/museum/computer.asp?st=1&c=50>', '2018-09-13 11:39:13', NULL, 241, 1977),
(720, 18, '3000', NULL, '<http://www.old-computers.com/museum/computer.asp?st=3&c=1122>', '2018-09-13 11:39:13', NULL, 242, 1977),
(721, 3, 'R-Zone', NULL, '<http://www.museo8bits.com/rzone.htm>', '2018-09-13 11:39:13', NULL, 243, 1995);
INSERT INTO `catalog` (`id`, `type_id`, `title`, `title_eng`, `description`, `created`, `owner_id`, `company_id`, `year`) VALUES
(722, 18, 'MULTISYSTEM', NULL, '<http://www.old-computers.com/museum/computer.asp?st=2&c=1024>', '2018-09-13 11:39:13', NULL, 244, 1989),
(723, 3, 'VECTOR 1', NULL, '<http://www.old-computers.com/museum/computer.asp?st=1&c=566>', '2018-09-13 11:39:13', NULL, 245, 1976),
(724, 3, 'VECTOR 4', NULL, '<http://www.old-computers.com/museum/computer.asp?st=1&c=247>', '2018-09-13 11:39:13', NULL, 245, 1983),
(725, 3, 'MZ', NULL, '<http://www.old-computers.com/museum/computer.asp?st=1&c=799>', '2018-09-13 11:39:13', NULL, 245, 1979),
(726, 3, 'VECTOR 3 (VIP)', NULL, '<http://www.old-computers.com/museum/computer.asp?st=1&c=797>', '2018-09-13 11:39:13', NULL, 245, 1977),
(727, 3, 'TI 99 / 4A', NULL, '<http://www.old-computers.com/museum/computer.asp?st=1&c=236>', '2018-09-13 11:39:13', NULL, 246, 1981),
(728, 3, 'TI 99 / 4A BEIGE', NULL, '<http://www.old-computers.com/museum/computer.asp?st=1&c=929>', '2018-09-13 11:39:13', NULL, 246, 1983),
(729, 3, 'TI 99 / 2', NULL, '<http://www.old-computers.com/museum/computer.asp?st=1&c=267>', '2018-09-13 11:39:13', NULL, 246, 1983),
(730, 3, 'DS990', NULL, '<http://www.old-computers.com/museum/computer.asp?st=1&c=1025>', '2018-09-13 11:39:13', NULL, 246, 1980),
(731, 3, 'PORTABLE PROFESSIONAL COMPUTER (PPC)', NULL, '<http://www.old-computers.com/museum/computer.asp?st=1&c=472>', '2018-09-13 11:39:13', NULL, 246, 1983),
(732, 3, 'LCM-1001', NULL, '<http://www.old-computers.com/museum/computer.asp?st=1&c=999>', '2018-09-13 11:39:13', NULL, 246, 1976),
(733, 3, 'TI-55-II', NULL, '<http://www.old-computers.com/museum/computer.asp?st=1&c=597>', '2018-09-13 11:39:13', NULL, 246, 1981),
(734, 3, 'COMPACT COMPUTER 40 (CC40)', NULL, '<http://www.old-computers.com/museum/computer.asp?st=1&c=237>', '2018-09-13 11:39:13', NULL, 246, 1983),
(735, 3, 'COMPUTER 99/8', NULL, '<http://www.old-computers.com/museum/computer.asp?st=1&c=268>', '2018-09-13 11:39:13', NULL, 246, 1983),
(736, 3, 'IA-7301', NULL, '<http://www.old-computers.com/museum/computer.asp?st=1&c=544>', '2018-09-13 11:39:13', NULL, 247, 1976),
(737, 18, 'V-SATURN', NULL, '<http://www.old-computers.com/museum/computer.asp?st=2&c=1276>', '2018-09-13 11:39:13', NULL, 248, 1994),
(738, 3, 'SPARK', NULL, '<http://www.old-computers.com/museum/computer.asp?st=1&c=808>', '2018-09-13 11:39:13', NULL, 249, 1987),
(739, 3, 'DECMATE II', NULL, '<http://www.old-computers.com/museum/computer.asp?st=1&c=845>', '2018-09-13 11:39:13', NULL, 250, 1982),
(740, 3, 'DE 68DT', NULL, '<http://www.old-computers.com/museum/computer.asp?st=1&c=347>', '2018-09-13 11:39:13', NULL, 250, 1977),
(741, 3, 'PDP-8', NULL, '<http://www.old-computers.com/museum/computer.asp?st=1&c=780>', '2018-09-13 11:39:13', NULL, 250, 1965),
(742, 3, '300 PROFESSIONAL SERIES', NULL, '<http://www.old-computers.com/museum/computer.asp?st=1&c=115>', '2018-09-13 11:39:13', NULL, 250, 1979),
(743, 3, 'RAINBOW 100', NULL, '<http://www.old-computers.com/museum/computer.asp?st=1&c=284>', '2018-09-13 11:39:13', NULL, 250, 1984),
(744, 3, '4000 AXP', NULL, '<http://www.old-computers.com/museum/computer.asp?st=1&c=895>', '2018-09-13 11:39:13', NULL, 250, 1992),
(745, 3, 'DECMATE III', NULL, '<http://www.old-computers.com/museum/computer.asp?st=1&c=468>', '2018-09-13 11:39:13', NULL, 250, 1984),
(746, 3, 'VT-180', NULL, '<http://www.old-computers.com/museum/computer.asp?st=1&c=605>', '2018-09-13 11:39:13', NULL, 250, 1982),
(747, 3, 'VT78', NULL, '<http://www.old-computers.com/museum/computer.asp?st=1&c=369>', '2018-09-13 11:39:13', NULL, 250, 1978),
(748, 3, 'PARTNER', NULL, '<http://www.old-computers.com/museum/computer.asp?st=1&c=53>', '2018-09-13 11:39:13', NULL, 251, 1983),
(749, 3, '800', NULL, '<http://www.old-computers.com/museum/computer.asp?st=1&c=54>', '2018-09-13 11:39:13', NULL, 251, 1984),
(750, 3, 'J100 - J500', NULL, '<http://www.old-computers.com/museum/computer.asp?st=1&c=527>', '2018-09-13 11:39:13', NULL, 253, 1980),
(751, 3, 'MODEL R1001', NULL, '<http://www.old-computers.com/museum/computer.asp?st=1&c=1302>', '2018-09-13 11:39:13', NULL, 254, 1983),
(752, 3, 'HIT-BIT F500', NULL, '<http://www.old-computers.com/museum/computer.asp?st=1&c=281>', '2018-09-13 11:39:13', NULL, 255, 1986),
(753, 3, 'HIT-BIT F1XD', NULL, '<http://www.old-computers.com/museum/computer.asp?st=1&c=773>', '2018-09-13 11:39:13', NULL, 255, 1985),
(754, 3, 'HIT-BIT 101', NULL, '<http://www.old-computers.com/museum/computer.asp?st=1&c=783>', '2018-09-13 11:39:13', NULL, 255, 1984),
(755, 3, 'HIT-BIT 201', NULL, '<http://www.old-computers.com/museum/computer.asp?st=1&c=851>', '2018-09-13 11:39:13', NULL, 255, 1984),
(756, 3, 'Sony HitBit 55 MSX', NULL, '<http://www.museo8bits.com/hb55.htm>', '2018-09-13 11:39:13', NULL, 255, 1984),
(757, 3, 'HIT-BIT 501', NULL, '<http://www.old-computers.com/museum/computer.asp?st=1&c=437>', '2018-09-13 11:39:13', NULL, 255, 1985),
(758, 3, 'Sony HitBit 75 MSX', NULL, '<http://www.museo8bits.com/hb75.htm>', '2018-09-13 11:39:13', NULL, 255, 1984),
(759, 3, 'HIT-BIT 20', NULL, '<http://www.old-computers.com/museum/computer.asp?st=1&c=887>', '2018-09-13 11:39:13', NULL, 255, 1984),
(760, 3, 'Sony PocketStation', NULL, '<http://www.museo8bits.com/pocketstation.htm>', '2018-09-13 11:39:13', NULL, 255, 1998),
(761, 3, 'SMC 70', NULL, '<http://www.old-computers.com/museum/computer.asp?st=1&c=362>', '2018-09-13 11:39:13', NULL, 255, 1982),
(762, 3, 'HIT-BIT G900F', NULL, '<http://www.old-computers.com/museum/computer.asp?st=1&c=790>', '2018-09-13 11:39:13', NULL, 255, 1985),
(763, 18, 'PLAYSTATION 2', NULL, '<http://www.old-computers.com/museum/computer.asp?st=2&c=1230>', '2018-09-13 11:39:13', NULL, 255, 2000),
(764, 3, 'SMC 70G', NULL, '<http://www.old-computers.com/museum/computer.asp?st=1&c=280>', '2018-09-13 11:39:13', NULL, 255, 1984),
(765, 3, 'SERIES 35 MODEL 10', NULL, '<http://www.old-computers.com/museum/computer.asp?st=1&c=213>', '2018-09-13 11:39:13', NULL, 255, 1985),
(766, 3, 'HIT-BIT 10', NULL, '<http://www.old-computers.com/museum/computer.asp?st=1&c=848>', '2018-09-13 11:39:13', NULL, 255, 1983),
(767, 3, 'HIT-BIT F700', NULL, '<http://www.old-computers.com/museum/computer.asp?st=1&c=137>', '2018-09-13 11:39:13', NULL, 255, 1985),
(768, 3, 'Sony HitBit 101', NULL, '<http://www.museo8bits.com/hb101.htm>', '2018-09-13 11:39:13', NULL, 255, 1984),
(769, 3, 'HIT-BIT F9', NULL, '<http://www.old-computers.com/museum/computer.asp?st=1&c=854>', '2018-09-13 11:39:13', NULL, 255, 1986),
(770, 3, 'HIT-BIT 55', NULL, '<http://www.old-computers.com/museum/computer.asp?st=1&c=784>', '2018-09-13 11:39:13', NULL, 255, 1984),
(771, 18, 'GIOCHI TELEVISIVI (MOD. G)', NULL, '<http://www.old-computers.com/museum/computer.asp?st=2&c=1192>', '2018-09-13 11:39:13', NULL, 256, 1977),
(772, 3, 'POLY 1 EDUCATIONAL COMPUTER', NULL, '<http://www.old-computers.com/museum/computer.asp?st=1&c=1269>', '2018-09-13 11:39:13', NULL, 257, 1981),
(773, 3, 'CIP-03', NULL, '<http://www.old-computers.com/museum/computer.asp?st=1&c=700>', '2018-09-13 11:39:13', NULL, 258, 1988),
(774, 3, 'CIP-04', NULL, '<http://www.old-computers.com/museum/computer.asp?st=1&c=704>', '2018-09-13 11:39:13', NULL, 258, 1992),
(775, 3, 'LEMON II', NULL, '<http://www.old-computers.com/museum/computer.asp?st=1&c=1196>', '2018-09-13 11:39:13', NULL, 260, 1983),
(776, 3, 'A 10', NULL, '<http://www.old-computers.com/museum/computer.asp?st=1&c=406>', '2018-09-13 11:39:13', NULL, 261, 1989),
(777, 3, 'Oki If 800 model 20', NULL, '<http://www.museo8bits.com/if800_20.htm>', '2018-09-13 11:39:13', NULL, 261, 1980),
(778, 3, 'IF 800', NULL, '<http://www.old-computers.com/museum/computer.asp?st=1&c=94>', '2018-09-13 11:39:13', NULL, 261, 1982),
(779, 3, 'Oki If 800 model 10', NULL, '<http://www.museo8bits.com/if800_10.htm>', '2018-09-13 11:39:13', NULL, 261, 1980),
(780, 3, 'IF COM7', NULL, '<http://www.old-computers.com/museum/computer.asp?st=1&c=366>', '2018-09-13 11:39:13', NULL, 261, 1982),
(781, 3, 'Oki If 800 model 30', NULL, '<http://www.museo8bits.com/if800_30.htm>', '2018-09-13 11:39:13', NULL, 261, 1982),
(782, 3, 'TIKI-100', NULL, '<http://www.old-computers.com/museum/computer.asp?st=1&c=734>', '2018-09-13 11:39:14', NULL, 262, 1984),
(783, 3, 'ALICE 90', NULL, '<http://www.old-computers.com/museum/computer.asp?st=1&c=61>', '2018-09-13 11:39:14', NULL, 263, 1984),
(784, 3, 'ALICE', NULL, '<http://www.old-computers.com/museum/computer.asp?st=1&c=60>', '2018-09-13 11:39:14', NULL, 263, 1983),
(785, 18, 'ACTION MAX', NULL, '<http://www.old-computers.com/museum/computer.asp?st=2&c=1008>', '2018-09-13 11:39:14', NULL, 264, 1987),
(786, 3, 'FS-4000', NULL, '<http://www.old-computers.com/museum/computer.asp?st=1&c=588>', '2018-09-13 11:39:14', NULL, 265, 1985),
(787, 3, 'FS-4500', NULL, '<http://www.old-computers.com/museum/computer.asp?st=1&c=589>', '2018-09-13 11:39:14', NULL, 265, 1986),
(788, 3, 'CF-2700', NULL, '<http://www.old-computers.com/museum/computer.asp?st=1&c=585>', '2018-09-13 11:39:14', NULL, 265, 1984),
(789, 3, 'CF-2000', NULL, '<http://www.old-computers.com/museum/computer.asp?st=1&c=432>', '2018-09-13 11:39:14', NULL, 265, 1983),
(790, 3, 'CF-3000', NULL, '<http://www.old-computers.com/museum/computer.asp?st=1&c=587>', '2018-09-13 11:39:14', NULL, 265, 1984),
(791, 3, '6800', NULL, '<http://www.old-computers.com/museum/computer.asp?st=1&c=732>', '2018-09-13 11:39:14', NULL, 266, 1977),
(792, 3, 'DOT', NULL, '<http://www.old-computers.com/museum/computer.asp?st=1&c=116>', '2018-09-13 11:39:14', NULL, 267, 1983),
(793, 3, 'MINITERM', NULL, '<http://www.old-computers.com/museum/computer.asp?st=1&c=636>', '2018-09-13 11:39:14', NULL, 267, 1980),
(794, 3, 'Ban Dai WonderSwan Crystal', NULL, '<http://www.museo8bits.com/ws_crystal.htm>', '2018-09-13 11:39:14', NULL, 268, 2002),
(795, 3, 'Ban Dai WonderSwan Color', NULL, '<http://www.museo8bits.com/ws_color.htm>', '2018-09-13 11:39:14', NULL, 268, 2000),
(796, 18, 'WONDERSWAN', NULL, '<http://www.old-computers.com/museum/computer.asp?st=2&c=1175>', '2018-09-13 11:39:14', NULL, 268, 1999),
(797, 18, 'PIPPIN @WORLD', NULL, '<http://www.old-computers.com/museum/computer.asp?st=2&c=855>', '2018-09-13 11:39:14', NULL, 268, 1995),
(798, 3, 'GUNDAM RX-78', NULL, '<http://www.old-computers.com/museum/computer.asp?st=1&c=478>', '2018-09-13 11:39:14', NULL, 268, 1983),
(799, 3, 'Ban Dai WonderSwan', NULL, '<http://www.museo8bits.com/wonderswan.htm>', '2018-09-13 11:39:14', NULL, 268, 1998),
(800, 3, 'SC 3000 / SC 3000H', NULL, '<http://www.old-computers.com/museum/computer.asp?st=1&c=1096>', '2018-09-13 11:39:14', NULL, 269, 1983),
(801, 3, 'DPC-64', NULL, '<http://www.old-computers.com/museum/computer.asp?st=1&c=443>', '2018-09-13 11:39:14', NULL, 269, 1984),
(802, 18, 'SUPER CASSETTE VISION', NULL, '<http://www.old-computers.com/museum/computer.asp?st=2&c=708>', '2018-09-13 11:39:14', NULL, 269, 1984),
(803, 3, 'MX-64', NULL, '<http://www.old-computers.com/museum/computer.asp?st=1&c=444>', '2018-09-13 11:39:14', NULL, 269, 1984),
(804, 3, '9100', NULL, '<http://www.old-computers.com/museum/computer.asp?st=1&c=749>', '2018-09-13 11:39:14', NULL, 270, 1981),
(805, 3, 'NAJA', NULL, '<http://www.old-computers.com/museum/computer.asp?st=1&c=536>', '2018-09-13 11:39:14', NULL, 271, 1984),
(806, 3, 'HOMELAB', NULL, '<http://www.old-computers.com/museum/computer.asp?st=1&c=1095>', '2018-09-13 11:39:14', NULL, 272, 1985),
(807, 3, 'NTT CAPTAIN MSX2', NULL, '<http://www.museo8bits.com/ntt_captain.htm>', '2018-09-13 11:39:14', NULL, 273, 1986),
(808, 3, 'UNIVAC 1', NULL, '<http://www.old-computers.com/museum/computer.asp?st=1&c=973>', '2018-09-13 11:39:14', NULL, 274, 1951),
(809, 18, '101U', NULL, '<http://www.old-computers.com/museum/computer.asp?st=3&c=1062>', '2018-09-13 11:39:14', NULL, 275, 1977),
(810, 3, 'PENCIL II', NULL, '<http://www.old-computers.com/museum/computer.asp?st=1&c=136>', '2018-09-13 11:39:14', NULL, 277, 1984),
(811, 18, '666', NULL, '<http://www.old-computers.com/museum/computer.asp?st=3&c=682>', '2018-09-13 11:39:14', NULL, 277, 1978),
(812, 18, '677', NULL, '<http://www.old-computers.com/museum/computer.asp?st=3&c=683>', '2018-09-13 11:39:14', NULL, 277, 1978),
(813, 18, 'T-338', NULL, '<http://www.old-computers.com/museum/computer.asp?st=3&c=685>', '2018-09-13 11:39:14', NULL, 277, 1979),
(814, 18, 'HMG-7900', NULL, '<http://www.old-computers.com/museum/computer.asp?st=2&c=696>', '2018-09-13 11:39:14', NULL, 277, 1983),
(815, 18, 'SD 070 COLOUR (PROGRAMMABLE TV-GAME CONSOLE)', NULL, '<http://www.old-computers.com/museum/computer.asp?st=2&c=1267>', '2018-09-13 11:39:14', NULL, 277, 1982),
(816, 18, '7771', NULL, '<http://www.old-computers.com/museum/computer.asp?st=3&c=684>', '2018-09-13 11:39:14', NULL, 277, 1977),
(817, 18, 'HMG 2650', NULL, '<http://www.old-computers.com/museum/computer.asp?st=2&c=1178>', '2018-09-13 11:39:14', NULL, 277, 1982),
(818, 3, 'SUPERELF', NULL, '<http://www.old-computers.com/museum/computer.asp?st=1&c=908>', '2018-09-13 11:39:14', NULL, 278, 1978),
(819, 3, 'RCA Microtutor II', NULL, '<http://www.museo8bits.com/cosmac_microtutor2.htm>', '2018-09-13 11:39:14', NULL, 278, 1977),
(820, 18, 'STUDIO II', NULL, '<http://www.old-computers.com/museum/computer.asp?st=2&c=728>', '2018-09-13 11:39:14', NULL, 278, 1977),
(821, 3, 'COSMAC VIP', NULL, '<http://www.old-computers.com/museum/computer.asp?st=1&c=543>', '2018-09-13 11:39:14', NULL, 278, 1977),
(822, 3, 'COSMAC MICROTUTOR', NULL, '<http://www.old-computers.com/museum/computer.asp?st=1&c=1255>', '2018-09-13 11:39:14', NULL, 278, 1976),
(823, 3, 'RCA Cosmac VIP', NULL, '<http://www.museo8bits.com/cosmac_vip.htm>', '2018-09-13 11:39:14', NULL, 278, 1979),
(824, 3, 'COMPASS', NULL, '<http://www.old-computers.com/museum/computer.asp?st=1&c=900>', '2018-09-13 11:39:14', NULL, 279, 1982),
(825, 3, 'GRIDCASE', NULL, '<http://www.old-computers.com/museum/computer.asp?st=1&c=1054>', '2018-09-13 11:39:14', NULL, 279, 1985),
(826, 3, 'GRIDLITE', NULL, '<http://www.old-computers.com/museum/computer.asp?st=1&c=972>', '2018-09-13 11:39:14', NULL, 279, 1987),
(827, 3, 'A4', NULL, '<http://www.old-computers.com/museum/computer.asp?st=1&c=31>', '2018-09-13 11:39:14', NULL, 280, 1991),
(828, 3, 'RISC PC', NULL, '<http://www.old-computers.com/museum/computer.asp?st=1&c=1015>', '2018-09-13 11:39:14', NULL, 280, 1994),
(829, 3, 'BBC MASTER AIV', NULL, '<http://www.old-computers.com/museum/computer.asp?st=1&c=989>', '2018-09-13 11:39:14', NULL, 280, 1986),
(830, 3, 'ARCHIMEDES A7000', NULL, '<http://www.old-computers.com/museum/computer.asp?st=1&c=931>', '2018-09-13 11:39:14', NULL, 280, 1995),
(831, 3, 'ABC 210 / CAMBRIDGE WORKSTATION', NULL, '<http://www.old-computers.com/museum/computer.asp?st=1&c=654>', '2018-09-13 11:39:14', NULL, 280, 1984),
(832, 3, 'ATOM', NULL, '<http://www.old-computers.com/museum/computer.asp?st=1&c=80>', '2018-09-13 11:39:14', NULL, 280, 1980),
(833, 3, 'SYSTEM 1', NULL, '<http://www.old-computers.com/museum/computer.asp?st=1&c=483>', '2018-09-13 11:39:14', NULL, 280, 1979),
(834, 3, 'ARCHIMEDES A3010', NULL, '<http://www.old-computers.com/museum/computer.asp?st=1&c=707>', '2018-09-13 11:39:14', NULL, 280, 1992),
(835, 3, 'ELECTRON', NULL, '<http://www.old-computers.com/museum/computer.asp?st=1&c=121>', '2018-09-13 11:39:14', NULL, 280, 1983),
(836, 3, 'BBC MASTER', NULL, '<http://www.old-computers.com/museum/computer.asp?st=1&c=850>', '2018-09-13 11:39:14', NULL, 280, 1986),
(837, 3, 'BBC MASTER COMPACT', NULL, '<http://www.old-computers.com/museum/computer.asp?st=1&c=729>', '2018-09-13 11:39:14', NULL, 280, 1986),
(838, 3, 'ABC 110', NULL, '<http://www.old-computers.com/museum/computer.asp?st=1&c=756>', '2018-09-13 11:39:14', NULL, 280, 1984),
(839, 3, 'ABC 310', NULL, '<http://www.old-computers.com/museum/computer.asp?st=1&c=990>', '2018-09-13 11:39:14', NULL, 280, 1984),
(840, 3, 'ARCHIMEDES', NULL, '<http://www.old-computers.com/museum/computer.asp?st=1&c=75>', '2018-09-13 11:39:14', NULL, 280, 1987),
(841, 3, 'ARCHIMEDES A4000', NULL, '<http://www.old-computers.com/museum/computer.asp?st=1&c=709>', '2018-09-13 11:39:14', NULL, 280, 1992),
(842, 3, 'ARCHIMEDES A3020', NULL, '<http://www.old-computers.com/museum/computer.asp?st=1&c=706>', '2018-09-13 11:39:14', NULL, 280, 1992),
(843, 3, 'BBC MODEL A / B / B+', NULL, '<http://www.old-computers.com/museum/computer.asp?st=1&c=29>', '2018-09-13 11:39:14', NULL, 280, 1981),
(844, 3, 'ARCHIMEDES A5000', NULL, '<http://www.old-computers.com/museum/computer.asp?st=1&c=710>', '2018-09-13 11:39:14', NULL, 280, 1991),
(845, 3, 'ARCHIMEDES A3000', NULL, '<http://www.old-computers.com/museum/computer.asp?st=1&c=697>', '2018-09-13 11:39:14', NULL, 280, 1989),
(846, 3, 'SYM1', NULL, '<http://www.old-computers.com/museum/computer.asp?st=1&c=856>', '2018-09-13 11:39:14', NULL, 281, 1978),
(847, 3, 'MICROMEGA 32', NULL, '<http://www.old-computers.com/museum/computer.asp?st=1&c=89>', '2018-09-13 11:39:14', NULL, 282, 1983),
(848, 3, 'TO 9', NULL, '<http://www.old-computers.com/museum/computer.asp?st=1&c=239>', '2018-09-13 11:39:14', NULL, 282, 1985),
(849, 3, 'MO5 NR', NULL, '<http://www.old-computers.com/museum/computer.asp?st=1&c=868>', '2018-09-13 11:39:14', NULL, 282, 1984),
(850, 3, 'TO 8 - TO 8D', NULL, '<http://www.old-computers.com/museum/computer.asp?st=1&c=238>', '2018-09-13 11:39:14', NULL, 282, 1986),
(851, 3, 'Thomson MO 5 NR', NULL, '<http://www.museo8bits.com/mo5nr.htm>', '2018-09-13 11:39:14', NULL, 282, 1986),
(852, 3, 'MO5 E', NULL, '<http://www.old-computers.com/museum/computer.asp?st=1&c=838>', '2018-09-13 11:39:14', NULL, 282, 1985),
(853, 3, 'Thomson MO 5 E', NULL, '<http://www.museo8bits.com/mo5e.htm>', '2018-09-13 11:39:14', NULL, 282, 1985),
(854, 3, 'Thomson TO 7', NULL, '<http://www.museo8bits.com/to7.htm>', '2018-09-13 11:39:14', NULL, 282, 1982),
(855, 3, 'MO 6', NULL, '<http://www.old-computers.com/museum/computer.asp?st=1&c=167>', '2018-09-13 11:39:14', NULL, 282, 1986),
(856, 3, 'MO 5', NULL, '<http://www.old-computers.com/museum/computer.asp?st=1&c=12>', '2018-09-13 11:39:14', NULL, 282, 1984),
(857, 18, 'JV1T', NULL, '<http://www.old-computers.com/museum/computer.asp?st=3&c=1100>', '2018-09-13 11:39:14', NULL, 282, 1977),
(858, 3, 'TO 7', NULL, '<http://www.old-computers.com/museum/computer.asp?st=1&c=11>', '2018-09-13 11:39:14', NULL, 282, 1982),
(859, 3, 'TO 7 / 70', NULL, '<http://www.old-computers.com/museum/computer.asp?st=1&c=643>', '2018-09-13 11:39:14', NULL, 282, 1984),
(860, 3, 'TO 9 PLUS', NULL, '<http://www.old-computers.com/museum/computer.asp?st=1&c=240>', '2018-09-13 11:39:14', NULL, 282, 1986),
(861, 3, 'Thomson MO 5', NULL, '<http://www.museo8bits.com/mo5.htm>', '2018-09-13 11:39:14', NULL, 282, 1984),
(862, 3, 'MICROMATE PMC 101', NULL, '<http://www.old-computers.com/museum/computer.asp?st=1&c=461>', '2018-09-13 11:39:14', NULL, 283, 1983),
(863, 18, 'ARCADE VIDEO GAMES', NULL, '<http://www.old-computers.com/museum/computer.asp?st=2&c=1254>', '2018-09-13 11:39:14', NULL, 284, 1971),
(864, 3, 'DOLPHIN', NULL, '<http://www.old-computers.com/museum/computer.asp?st=1&c=969>', '2018-09-13 11:39:15', NULL, 285, 1975),
(865, 3, 'Advance 86', NULL, '<http://www.old-computers.com/museum/computer.asp?st=1&c=507>', '2018-09-13 11:39:15', NULL, 286, 1983),
(866, 18, 'TELEMATCH', NULL, '<http://www.old-computers.com/museum/computer.asp?st=3&c=924>', '2018-09-13 11:39:15', NULL, 287, 1977),
(867, 18, 'TV VADER', NULL, '<http://www.old-computers.com/museum/computer.asp?st=2&c=1017>', '2018-09-13 11:39:15', NULL, 288, 1980),
(868, 18, 'SUPER CASSETTE VISION', NULL, '<http://www.old-computers.com/museum/computer.asp?st=2&c=844>', '2018-09-13 11:39:15', NULL, 288, 1984),
(869, 18, 'TV BLOCK', NULL, '<http://www.old-computers.com/museum/computer.asp?st=2&c=800>', '2018-09-13 11:39:15', NULL, 288, 1979),
(870, 18, 'TV BASEBALL', NULL, '<http://www.old-computers.com/museum/computer.asp?st=2&c=798>', '2018-09-13 11:39:15', NULL, 288, 1978),
(871, 18, 'CASSETTE VISION', NULL, '<http://www.old-computers.com/museum/computer.asp?st=2&c=792>', '2018-09-13 11:39:15', NULL, 288, 1981),
(872, 3, 'CONCEPT', NULL, '<http://www.old-computers.com/museum/computer.asp?st=1&c=653>', '2018-09-13 11:39:15', NULL, 289, 1982),
(873, 3, 'BUBCOM 80', NULL, '<http://www.old-computers.com/museum/computer.asp?st=1&c=340>', '2018-09-13 11:39:15', NULL, 290, 1980),
(874, 3, 'ZORBA', NULL, '<http://www.old-computers.com/museum/computer.asp?st=1&c=637>', '2018-09-13 11:39:15', NULL, 291, 1983),
(875, 3, 'PC 05', NULL, '<http://www.old-computers.com/museum/computer.asp?st=1&c=1145>', '2018-09-13 11:39:15', NULL, 292, 1986),
(876, 18, 'ARCADIA 2001', NULL, '<http://www.old-computers.com/museum/computer.asp?st=2&c=835>', '2018-09-13 11:39:15', NULL, 293, 1982),
(877, 3, 'Emerson Arcadia y compatibles', NULL, '<http://www.museo8bits.com/fever.htm>', '2018-09-13 11:39:15', NULL, 293, 1982),
(878, 3, 'SPECTRUM', NULL, '<http://www.old-computers.com/museum/computer.asp?st=1&c=949>', '2018-09-13 11:39:15', NULL, 294, 1986),
(879, 3, 'SPECTRUM PLUS', NULL, '<http://www.old-computers.com/museum/computer.asp?st=1&c=934>', '2018-09-13 11:39:15', NULL, 294, 1986),
(880, 3, 'CZ-2000', NULL, '<http://www.old-computers.com/museum/computer.asp?st=1&c=914>', '2018-09-13 11:39:15', NULL, 294, 1985),
(881, 3, 'CZ-1000', NULL, '<http://www.old-computers.com/museum/computer.asp?st=1&c=925>', '2018-09-13 11:39:15', NULL, 294, 1985),
(882, 3, 'LINK 480Z', NULL, '<http://www.old-computers.com/museum/computer.asp?st=1&c=600>', '2018-09-13 11:39:15', NULL, 295, 1981),
(883, 3, 'RM-380Z', NULL, '<http://www.old-computers.com/museum/computer.asp?st=1&c=812>', '2018-09-13 11:39:15', NULL, 295, 1977),
(884, 3, 'NIMBUS PC', NULL, '<http://www.old-computers.com/museum/computer.asp?st=1&c=1011>', '2018-09-13 11:39:15', NULL, 295, 1985),
(885, 3, 'COMX 35', NULL, '<http://www.old-computers.com/museum/computer.asp?st=1&c=110>', '2018-09-13 11:39:15', NULL, 296, 1983),
(886, 18, 'COMPACT VISION TV-BOY', NULL, '<http://www.old-computers.com/museum/computer.asp?st=2&c=804>', '2018-09-13 11:39:15', NULL, 297, 1983),
(887, 3, 'Spectravideo 328', NULL, '<http://www.museo8bits.com/svi328.htm>', '2018-09-13 11:39:15', NULL, 298, 1984),
(888, 3, 'SVI 728', NULL, '<http://www.old-computers.com/museum/computer.asp?st=1&c=229>', '2018-09-13 11:39:15', NULL, 298, 1984),
(889, 3, 'Spectravideo SVI 728 MSX', NULL, '<http://www.museo8bits.com/svi728.htm>', '2018-09-13 11:39:15', NULL, 298, 1985),
(890, 3, 'Spectravideo 318', NULL, '<http://www.museo8bits.com/svi318.htm>', '2018-09-13 11:39:15', NULL, 298, 1984),
(891, 3, 'SV 328', NULL, '<http://www.old-computers.com/museum/computer.asp?st=1&c=228>', '2018-09-13 11:39:15', NULL, 298, 1983),
(892, 3, 'Spectravideo 838 XPRESS\'16', NULL, '<http://www.museo8bits.com/svi838.htm>', '2018-09-13 11:39:15', NULL, 298, 1985),
(893, 3, 'Spectravideo SVI 738 MSX', NULL, '<http://www.museo8bits.com/svi738.htm>', '2018-09-13 11:39:15', NULL, 298, 1985),
(894, 3, 'SVI 738 - X\'PRESS', NULL, '<http://www.old-computers.com/museum/computer.asp?st=1&c=266>', '2018-09-13 11:39:15', NULL, 298, 1986),
(895, 3, 'SV 318', NULL, '<http://www.old-computers.com/museum/computer.asp?st=1&c=227>', '2018-09-13 11:39:15', NULL, 298, 1983),
(896, 3, 'Firefox Super TV Boy', NULL, '<http://www.museo8bits.com/firefox_supertvboy.htm>', '2018-09-13 11:39:15', NULL, 299, 2001),
(897, 3, '500 SERIES', NULL, '<http://www.old-computers.com/museum/computer.asp?st=1&c=577>', '2018-09-13 11:39:15', NULL, 300, 1980),
(898, 3, '3030', NULL, '<http://www.old-computers.com/museum/computer.asp?st=1&c=146>', '2018-09-13 11:39:15', NULL, 301, 1982),
(899, 3, 'TUTOR / PYUUTA', NULL, '<http://www.old-computers.com/museum/computer.asp?st=1&c=337>', '2018-09-13 11:39:15', NULL, 302, 1983),
(900, 3, 'Tomy Tutor', NULL, '<http://www.museo8bits.com/tomy.htm>', '2018-09-13 11:39:15', NULL, 302, 1982),
(901, 3, 'TUTOR MK II', NULL, '<http://www.old-computers.com/museum/computer.asp?st=1&c=363>', '2018-09-13 11:39:15', NULL, 302, 1984),
(902, 3, 'Pyuuta Mark 2', NULL, '<http://www.museo8bits.com/tomy.htm>', '2018-09-13 11:39:15', NULL, 302, 1982),
(903, 3, 'Pyuuta Jr.', NULL, '<http://www.museo8bits.com/tomy.htm>', '2018-09-13 11:39:15', NULL, 302, 1982),
(904, 3, 'Tomy Pyuuta', NULL, '<http://www.museo8bits.com/tomy.htm>', '2018-09-13 11:39:15', NULL, 302, 1982),
(905, 3, 'Barcode Battler', NULL, '<http://www.museo8bits.com/b_battle.htm>', '2018-09-13 11:39:15', NULL, 302, 1992),
(906, 3, 'JR-200U', NULL, '<http://www.old-computers.com/museum/computer.asp?st=1&c=553>', '2018-09-13 11:39:15', NULL, 303, 1983),
(907, 3, 'HHC', NULL, '<http://www.old-computers.com/museum/computer.asp?st=1&c=644>', '2018-09-13 11:39:15', NULL, 303, 1981),
(908, 3, 'FS A1', NULL, '<http://www.old-computers.com/museum/computer.asp?st=1&c=618>', '2018-09-13 11:39:15', NULL, 303, 1986),
(909, 3, 'CF-2700', NULL, '<http://www.old-computers.com/museum/computer.asp?st=1&c=1012>', '2018-09-13 11:39:15', NULL, 303, 1984),
(910, 3, 'Panasonic GameCube', NULL, '<http://www.museo8bits.com/gamecube.htm>', '2018-09-13 11:39:15', NULL, 303, 2001),
(911, 3, 'Panasonic REAL FZ-1', NULL, '<http://www.museo8bits.com/3do.htm>', '2018-09-13 11:39:15', NULL, 303, 1994),
(912, 3, 'Panasonic REAL FZ-10', NULL, '<http://www.museo8bits.com/3do.htm>', '2018-09-13 11:39:15', NULL, 303, 1994),
(913, 3, 'FS A1 FX', NULL, '<http://www.old-computers.com/museum/computer.asp?st=1&c=626>', '2018-09-13 11:39:15', NULL, 303, 1988),
(914, 3, 'SENIOR PARTNER', NULL, '<http://www.old-computers.com/museum/computer.asp?st=1&c=498>', '2018-09-13 11:39:15', NULL, 303, 1983),
(915, 3, 'JD SERIES', NULL, '<http://www.old-computers.com/museum/computer.asp?st=1&c=1272>', '2018-09-13 11:39:15', NULL, 303, 1981),
(916, 3, 'FS A1 GT', NULL, '<http://www.old-computers.com/museum/computer.asp?st=1&c=627>', '2018-09-13 11:39:15', NULL, 303, 1991),
(917, 3, 'FS A1F', NULL, '<http://www.old-computers.com/museum/computer.asp?st=1&c=619>', '2018-09-13 11:39:15', NULL, 303, 1987),
(918, 3, 'FS A1 ST', NULL, '<http://www.old-computers.com/museum/computer.asp?st=1&c=775>', '2018-09-13 11:39:15', NULL, 303, 1990),
(919, 3, 'FH 2000', NULL, '<http://www.old-computers.com/museum/computer.asp?st=1&c=1144>', '2018-09-13 11:39:15', NULL, 303, 1986),
(920, 3, 'CHAMELEON', NULL, '<http://www.old-computers.com/museum/computer.asp?st=1&c=107>', '2018-09-13 11:39:15', NULL, 304, 1983),
(921, 3, 'V1', NULL, '<http://www.old-computers.com/museum/computer.asp?st=1&c=1097>', '2018-09-13 11:39:15', NULL, 305, 1990),
(922, 3, 'Dynacom Dynavision', NULL, '<http://www.museo8bits.com/dynavision.htm>', '2018-09-13 11:39:15', NULL, 306, 1983),
(923, 3, 'Dynacom MegaBoy', NULL, '<http://www.museo8bits.com/dynacom_megaboy.htm>', '2018-09-13 11:39:15', NULL, 306, 1991),
(924, 3, 'MICRAL 80/22', NULL, '<http://www.old-computers.com/museum/computer.asp?st=1&c=338>', '2018-09-13 11:39:15', NULL, 307, 1980),
(925, 3, 'TTX 80 / 85 / 90', NULL, '<http://www.old-computers.com/museum/computer.asp?st=1&c=993>', '2018-09-13 11:39:15', NULL, 307, 1980),
(926, 18, 'TELE-SPORTS', NULL, '<http://www.old-computers.com/museum/computer.asp?st=3&c=720>', '2018-09-13 11:39:15', NULL, 308, 1977),
(927, 3, 'AQUARIUS 2', NULL, '<http://www.old-computers.com/museum/computer.asp?st=1&c=74>', '2018-09-13 11:39:15', NULL, 308, 1984),
(928, 3, 'ABACUS EDUCATIONAL COMPUTER', NULL, '<http://www.old-computers.com/museum/computer.asp?st=1&c=821>', '2018-09-13 11:39:15', NULL, 309, 1971),
(929, 3, 'FP 1000 / FP 1100', NULL, '<http://www.old-computers.com/museum/computer.asp?st=1&c=101>', '2018-09-13 11:39:15', NULL, 310, 1983),
(930, 3, 'FX-702P', NULL, '<http://www.old-computers.com/museum/computer.asp?st=1&c=987>', '2018-09-13 11:39:15', NULL, 310, 1981),
(931, 3, 'FP 6000', NULL, '<http://www.old-computers.com/museum/computer.asp?st=1&c=820>', '2018-09-13 11:39:15', NULL, 310, 1985),
(932, 3, 'PB-770', NULL, '<http://www.old-computers.com/museum/computer.asp?st=1&c=368>', '2018-09-13 11:39:15', NULL, 310, 1984),
(933, 3, 'FP 200', NULL, '<http://www.old-computers.com/museum/computer.asp?st=1&c=364>', '2018-09-13 11:39:15', NULL, 310, 1982),
(934, 18, 'LOOPY (MY SEAL COMPUTER SV-100)', NULL, '<http://www.old-computers.com/museum/computer.asp?st=2&c=774>', '2018-09-13 11:39:15', NULL, 310, 1995),
(935, 3, 'FX-700P', NULL, '<http://www.old-computers.com/museum/computer.asp?st=1&c=1002>', '2018-09-13 11:39:15', NULL, 310, 1982),
(936, 3, 'PV-7', NULL, '<http://www.old-computers.com/museum/computer.asp?st=1&c=576>', '2018-09-13 11:39:16', NULL, 310, 1984),
(937, 3, 'PB-700', NULL, '<http://www.old-computers.com/museum/computer.asp?st=1&c=474>', '2018-09-13 11:39:16', NULL, 310, 1983),
(938, 3, 'PB-100', NULL, '<http://www.old-computers.com/museum/computer.asp?st=1&c=1000>', '2018-09-13 11:39:16', NULL, 310, 1982),
(939, 18, 'PV-1000', NULL, '<http://www.old-computers.com/museum/computer.asp?st=2&c=849>', '2018-09-13 11:39:16', NULL, 310, 1983),
(940, 3, 'Casio FP-200', NULL, '<http://www.museo8bits.com/casio200.htm>', '2018-09-13 11:39:16', NULL, 310, 1984),
(941, 3, 'FX-9000P', NULL, '<http://www.old-computers.com/museum/computer.asp?st=1&c=760>', '2018-09-13 11:39:16', NULL, 310, 1981),
(942, 3, 'MX-10 / MX-101', NULL, '<http://www.old-computers.com/museum/computer.asp?st=1&c=578>', '2018-09-13 11:39:16', NULL, 310, 1984),
(943, 3, 'PB-1000', NULL, '<http://www.old-computers.com/museum/computer.asp?st=1&c=1139>', '2018-09-13 11:39:16', NULL, 310, 1987),
(944, 3, 'PV-2000', NULL, '<http://www.old-computers.com/museum/computer.asp?st=1&c=1167>', '2018-09-13 11:39:16', NULL, 310, 1983),
(945, 3, 'PV-16', NULL, '<http://www.old-computers.com/museum/computer.asp?st=1&c=858>', '2018-09-13 11:39:16', NULL, 310, 1984),
(946, 3, 'PB-300', NULL, '<http://www.old-computers.com/museum/computer.asp?st=1&c=1014>', '2018-09-13 11:39:16', NULL, 310, 1983),
(947, 3, '8001 / 8051', NULL, '<http://www.old-computers.com/museum/computer.asp?st=1&c=565>', '2018-09-13 11:39:16', NULL, 311, 1975),
(948, 3, 'OPLITE', NULL, '<http://www.old-computers.com/museum/computer.asp?st=1&c=1127>', '2018-09-13 11:39:16', NULL, 312, 1983),
(949, 3, 'FM 11 EX', NULL, '<http://www.old-computers.com/museum/computer.asp?st=1&c=379>', '2018-09-13 11:39:16', NULL, 313, 1982),
(950, 3, 'FM 11 AD 2', NULL, '<http://www.old-computers.com/museum/computer.asp?st=1&c=380>', '2018-09-13 11:39:16', NULL, 313, 1984),
(951, 3, 'FM TOWNS', NULL, '<http://www.old-computers.com/museum/computer.asp?st=1&c=968>', '2018-09-13 11:39:16', NULL, 313, 1989),
(952, 3, 'Fujitsu / Secoinsa FM-7', NULL, '<http://www.museo8bits.com/fm7.htm>', '2018-09-13 11:39:16', NULL, 313, 1982),
(953, 3, 'FM 77 AV 20', NULL, '<http://www.old-computers.com/museum/computer.asp?st=1&c=326>', '2018-09-13 11:39:16', NULL, 313, 1986),
(954, 3, 'FM 7', NULL, '<http://www.old-computers.com/museum/computer.asp?st=1&c=325>', '2018-09-13 11:39:16', NULL, 313, 1982),
(955, 3, 'FM 8', NULL, '<http://www.old-computers.com/museum/computer.asp?st=1&c=377>', '2018-09-13 11:39:16', NULL, 313, 1981),
(956, 3, 'FM 77 AV EX', NULL, '<http://www.old-computers.com/museum/computer.asp?st=1&c=374>', '2018-09-13 11:39:16', NULL, 313, 1986),
(957, 3, 'MICRO 16S', NULL, '<http://www.old-computers.com/museum/computer.asp?st=1&c=888>', '2018-09-13 11:39:16', NULL, 313, 1983),
(958, 3, 'FM TOWNS II', NULL, '<http://www.old-computers.com/museum/computer.asp?st=1&c=384>', '2018-09-13 11:39:16', NULL, 313, 1989),
(959, 3, 'FM 16 PI', NULL, '<http://www.old-computers.com/museum/computer.asp?st=1&c=383>', '2018-09-13 11:39:16', NULL, 313, 1985),
(960, 3, 'FM 77 AV 40', NULL, '<http://www.old-computers.com/museum/computer.asp?st=1&c=538>', '2018-09-13 11:39:16', NULL, 313, 1986),
(961, 3, 'Fujitsu FM 8', NULL, '<http://www.museo8bits.com/fujitsu_fm8.htm>', '2018-09-13 11:39:16', NULL, 313, 1981),
(962, 3, 'FM 77 AV', NULL, '<http://www.old-computers.com/museum/computer.asp?st=1&c=373>', '2018-09-13 11:39:16', NULL, 313, 1985),
(963, 3, 'FM NEW 7', NULL, '<http://www.old-computers.com/museum/computer.asp?st=1&c=378>', '2018-09-13 11:39:16', NULL, 313, 1984),
(964, 3, 'FM R 70', NULL, '<http://www.old-computers.com/museum/computer.asp?st=1&c=328>', '2018-09-13 11:39:16', NULL, 313, 1988),
(965, 3, 'FM 11 AD', NULL, '<http://www.old-computers.com/museum/computer.asp?st=1&c=1217>', '2018-09-13 11:39:16', NULL, 313, 1982),
(966, 3, 'FM 11 BS', NULL, '<http://www.old-computers.com/museum/computer.asp?st=1&c=381>', '2018-09-13 11:39:16', NULL, 313, 1984),
(967, 3, 'FM TOWNS II EX', NULL, '<http://www.old-computers.com/museum/computer.asp?st=1&c=126>', '2018-09-13 11:39:16', NULL, 313, 1993),
(968, 3, 'FM 16 BETA', NULL, '<http://www.old-computers.com/museum/computer.asp?st=1&c=382>', '2018-09-13 11:39:16', NULL, 313, 1983),
(969, 3, 'WAVY 70FD', NULL, '<http://www.old-computers.com/museum/computer.asp?st=1&c=779>', '2018-09-13 11:39:16', NULL, 314, 1988),
(970, 3, 'WAVY 35', NULL, '<http://www.old-computers.com/museum/computer.asp?st=1&c=778>', '2018-09-13 11:39:16', NULL, 314, 1988),
(971, 3, 'PHC-33', NULL, '<http://www.old-computers.com/museum/computer.asp?st=1&c=464>', '2018-09-13 11:39:16', NULL, 314, 1984),
(972, 3, 'WAVY 23', NULL, '<http://www.old-computers.com/museum/computer.asp?st=1&c=482>', '2018-09-13 11:39:16', NULL, 314, 1985),
(973, 3, 'WAVY 10 (MPC 10)', NULL, '<http://www.old-computers.com/museum/computer.asp?st=1&c=857>', '2018-09-13 11:39:16', NULL, 314, 1984),
(974, 3, 'Sanyo PHC-28P MSX', NULL, '<http://www.museo8bits.com/sanyophc28p.htm>', '2018-09-13 11:39:16', NULL, 314, 1984),
(975, 3, 'Sanyo MPC 64 MSX', NULL, '<http://www.museo8bits.com/mpc64.htm>', '2018-09-13 11:39:16', NULL, 314, 1984),
(976, 3, 'WAVY 3', NULL, '<http://www.old-computers.com/museum/computer.asp?st=1&c=777>', '2018-09-13 11:39:16', NULL, 314, 1984),
(977, 3, 'MBC-1200 / 1250', NULL, '<http://www.old-computers.com/museum/computer.asp?st=1&c=1180>', '2018-09-13 11:39:16', NULL, 314, 1982),
(978, 3, 'MBC-1000', NULL, '<http://www.old-computers.com/museum/computer.asp?st=1&c=1072>', '2018-09-13 11:39:16', NULL, 314, 1982),
(979, 3, 'PHC 3000', NULL, '<http://www.old-computers.com/museum/computer.asp?st=1&c=1146>', '2018-09-13 11:39:16', NULL, 314, 1979),
(980, 3, 'MBC-55X', NULL, '<http://www.old-computers.com/museum/computer.asp?st=1&c=473>', '2018-09-13 11:39:16', NULL, 314, 1982),
(981, 3, 'Sanyo MPC-100 MSX', NULL, '<http://www.museo8bits.com/mpc100.htm>', '2018-09-13 11:39:16', NULL, 314, 1984),
(982, 3, 'MBC 4000 - MBC 4050', NULL, '<http://www.old-computers.com/museum/computer.asp?st=1&c=1106>', '2018-09-13 11:39:16', NULL, 314, 1982),
(983, 3, 'MPC 100', NULL, '<http://www.old-computers.com/museum/computer.asp?st=1&c=886>', '2018-09-13 11:39:16', NULL, 314, 1984),
(984, 3, 'PHC 25', NULL, '<http://www.old-computers.com/museum/computer.asp?st=1&c=192>', '2018-09-13 11:39:16', NULL, 314, 1983),
(985, 3, 'Sanyo 3DO', NULL, '<http://www.museo8bits.com/3do.htm>', '2018-09-13 11:39:16', NULL, 314, 1994),
(986, 3, 'MBC-1100 / 1150', NULL, '<http://www.old-computers.com/museum/computer.asp?st=1&c=902>', '2018-09-13 11:39:16', NULL, 314, 1982),
(987, 3, 'PHC-30', NULL, '<http://www.old-computers.com/museum/computer.asp?st=1&c=859>', '2018-09-13 11:39:16', NULL, 314, 1984),
(988, 18, 'PARIS VIDEO SPORT FY-707', NULL, '<http://www.old-computers.com/museum/computer.asp?st=3&c=1099>', '2018-09-13 11:39:16', NULL, 315, 1977),
(989, 3, 'LAMBDA 8300', NULL, '<http://www.museo8bits.com/lambda.htm>', '2018-09-13 11:39:16', NULL, 316, 1983),
(990, 3, 'SYSTEMX', NULL, '<http://www.old-computers.com/museum/computer.asp?st=1&c=758>', '2018-09-13 11:39:16', NULL, 317, 1979),
(991, 18, 'ORDINATEUR DE JEU JO7400 (JOPAC)', NULL, '<http://www.old-computers.com/museum/computer.asp?st=2&c=1093>', '2018-09-13 11:39:16', NULL, 318, 1983),
(992, 3, 'AMIGO', NULL, '<http://www.old-computers.com/museum/computer.asp?st=1&c=1151>', '2018-09-13 11:39:16', NULL, 319, 1983),
(993, 3, 'OP-1', NULL, '<http://www.old-computers.com/museum/computer.asp?st=1&c=1150>', '2018-09-13 11:39:16', NULL, 319, 1975),
(994, 18, 'JEUX TV', NULL, '<http://www.old-computers.com/museum/computer.asp?st=3&c=717>', '2018-09-13 11:39:16', NULL, 321, 1977),
(995, 3, 'PCC 2000', NULL, '<http://www.old-computers.com/museum/computer.asp?st=1&c=1292>', '2018-09-13 11:39:17', NULL, 322, 1980),
(996, 3, 'DDP-516', NULL, '<http://www.old-computers.com/museum/computer.asp?st=1&c=551>', '2018-09-13 11:39:17', NULL, 323, 1966),
(997, 3, 'H316 - KITCHEN COMPUTER', NULL, '<http://www.old-computers.com/museum/computer.asp?st=1&c=927>', '2018-09-13 11:39:17', NULL, 323, 1969),
(998, 3, 'DEUCE', NULL, '<http://www.old-computers.com/museum/computer.asp?st=1&c=1089>', '2018-09-13 11:39:17', NULL, 324, 1955),
(999, 18, 'SYSTEM III', NULL, '<http://www.old-computers.com/museum/computer.asp?st=2&c=1209>', '2018-09-13 11:39:17', NULL, 325, 1985),
(1000, 3, 'GAMA', NULL, '<http://www.old-computers.com/museum/computer.asp?st=1&c=463>', '2018-09-13 11:39:17', NULL, 326, 1987),
(1001, 3, 'M', NULL, '<http://www.old-computers.com/museum/computer.asp?st=1&c=459>', '2018-09-13 11:39:17', NULL, 326, 1990),
(1002, 3, 'KOMPAKT', NULL, '<http://www.old-computers.com/museum/computer.asp?st=1&c=953>', '2018-09-13 11:39:17', NULL, 326, 1992),
(1003, 18, 'SD-290', NULL, '<http://www.old-computers.com/museum/computer.asp?st=2&c=824>', '2018-09-13 11:39:17', NULL, 327, 1983),
(1004, 3, 'HOBBIT', NULL, '<http://www.old-computers.com/museum/computer.asp?st=1&c=955>', '2018-09-13 11:39:17', NULL, 328, 1990),
(1005, 3, 'HUSKY HUNTER', NULL, '<http://www.old-computers.com/museum/computer.asp?st=1&c=285>', '2018-09-13 11:39:17', NULL, 329, 1984),
(1006, 3, 'HAWK', NULL, '<http://www.old-computers.com/museum/computer.asp?st=1&c=863>', '2018-09-13 11:39:17', NULL, 329, 1987),
(1007, 3, 'BEBOX', NULL, '<http://www.old-computers.com/museum/computer.asp?st=1&c=1142>', '2018-09-13 11:39:17', NULL, 330, 1995),
(1008, 18, 'VIDEOCOLOR', NULL, '<http://www.old-computers.com/museum/computer.asp?st=2&c=822>', '2018-09-13 11:39:17', NULL, 331, 1983),
(1009, 3, 'GAVILAN', NULL, '<http://www.old-computers.com/museum/computer.asp?st=1&c=877>', '2018-09-13 11:39:17', NULL, 332, 1983),
(1010, 3, 'FELLOW', NULL, '<http://www.old-computers.com/museum/computer.asp?st=1&c=1117>', '2018-09-13 11:39:17', NULL, 333, 1984),
(1011, 3, 'Salora Fellow', NULL, '<http://www.museo8bits.com/laser200.htm>', '2018-09-13 11:39:17', NULL, 333, 1984),
(1012, 3, 'MANAGER', NULL, '<http://www.old-computers.com/museum/computer.asp?st=1&c=1118>', '2018-09-13 11:39:17', NULL, 333, 1983),
(1013, 3, 'PC', NULL, '<http://www.old-computers.com/museum/computer.asp?st=1&c=1271>', '2018-09-13 11:39:17', NULL, 334, 1983),
(1014, 3, 'VDP 80', NULL, '<http://www.old-computers.com/museum/computer.asp?st=1&c=246>', '2018-09-13 11:39:17', NULL, 335, 1977),
(1015, 3, 'PCS 80', NULL, '<http://www.old-computers.com/museum/computer.asp?st=1&c=188>', '2018-09-13 11:39:17', NULL, 335, 1977),
(1017, 3, 'SILEX', NULL, '<http://www.old-computers.com/museum/computer.asp?st=1&c=1027>', '2018-09-13 11:39:17', NULL, 336, 1979),
(1018, 3, 'SIL\'Z MODEL 5 / 6', NULL, '<http://www.old-computers.com/museum/computer.asp?st=1&c=209>', '2018-09-13 11:39:17', NULL, 336, 1983),
(1019, 3, 'Tapwave Zodiac', NULL, '<http://www.museo8bits.com/zodiac.htm>', '2018-09-13 11:39:17', NULL, 337, 2003),
(1020, 3, 'COLOR COMPUTER 2', NULL, '<http://www.old-computers.com/museum/computer.asp?st=1&c=508>', '2018-09-13 11:39:17', NULL, 338, 1983),
(1021, 3, '1000 TX', NULL, '<http://www.old-computers.com/museum/computer.asp?st=1&c=1216>', '2018-09-13 11:39:17', NULL, 338, 1986),
(1022, 3, '1000 HX', NULL, '<http://www.old-computers.com/museum/computer.asp?st=1&c=1211>', '2018-09-13 11:39:17', NULL, 338, 1987),
(1023, 3, 'MC 10', NULL, '<http://www.old-computers.com/museum/computer.asp?st=1&c=163>', '2018-09-13 11:39:17', NULL, 338, 1983),
(1024, 3, '1400 LT/FD/HD', NULL, '<http://www.old-computers.com/museum/computer.asp?st=1&c=1197>', '2018-09-13 11:39:17', NULL, 338, 1987),
(1025, 3, '1000', NULL, '<http://www.old-computers.com/museum/computer.asp?st=1&c=1210>', '2018-09-13 11:39:17', NULL, 338, 1984),
(1026, 3, '1000 SX', NULL, '<http://www.old-computers.com/museum/computer.asp?st=1&c=1215>', '2018-09-13 11:39:17', NULL, 338, 1986),
(1027, 3, 'Tandy 1000 HX', NULL, '<http://www.museo8bits.com/tandy1000hx.htm>', '2018-09-13 11:39:17', NULL, 338, 1986),
(1028, 3, 'TRS 80 MODEL III', NULL, '<http://www.old-computers.com/museum/computer.asp?st=1&c=18>', '2018-09-13 11:39:17', NULL, 338, 1981),
(1029, 3, 'TRS 80 MODEL 16', NULL, '<http://www.old-computers.com/museum/computer.asp?st=1&c=242>', '2018-09-13 11:39:17', NULL, 338, 1982),
(1030, 3, 'TRS 80 PC-4', NULL, '<http://www.old-computers.com/museum/computer.asp?st=1&c=1003>', '2018-09-13 11:39:17', NULL, 338, 1982),
(1031, 3, 'TRS 80 MODEL 4P', NULL, '<http://www.old-computers.com/museum/computer.asp?st=1&c=1083>', '2018-09-13 11:39:17', NULL, 338, 1983),
(1032, 3, 'TRS 80 MODEL I', NULL, '<http://www.old-computers.com/museum/computer.asp?st=1&c=409>', '2018-09-13 11:39:17', NULL, 338, 1977),
(1033, 3, 'TRS-80 MODEL 100 / 102', NULL, '<http://www.old-computers.com/museum/computer.asp?st=1&c=233>', '2018-09-13 11:39:17', NULL, 338, 1983),
(1034, 3, 'TRS 80 PC-1', NULL, '<http://www.old-computers.com/museum/computer.asp?st=1&c=937>', '2018-09-13 11:39:17', NULL, 338, 1980),
(1035, 3, 'TRS 80 MODEL 4', NULL, '<http://www.old-computers.com/museum/computer.asp?st=1&c=244>', '2018-09-13 11:39:17', NULL, 338, 1983),
(1036, 3, '2000', NULL, '<http://www.old-computers.com/museum/computer.asp?st=1&c=1219>', '2018-09-13 11:39:17', NULL, 338, 1981),
(1037, 3, 'TRS-80 MODEL 12', NULL, '<http://www.old-computers.com/museum/computer.asp?st=1&c=766>', '2018-09-13 11:39:17', NULL, 338, 1983),
(1038, 3, 'TRS 80 PC-2', NULL, '<http://www.old-computers.com/museum/computer.asp?st=1&c=967>', '2018-09-13 11:39:17', NULL, 338, 1982),
(1039, 3, 'PORTABLE WORDPROCESSOR WP-2 / WP-3', NULL, '<http://www.old-computers.com/museum/computer.asp?st=1&c=1256>', '2018-09-13 11:39:17', NULL, 338, 1989),
(1040, 3, 'Tandy Radio Shack Model 4, 4D y 4P', NULL, '<http://www.museo8bits.com/trs_4.htm>', '2018-09-13 11:39:17', NULL, 338, 1984),
(1041, 3, 'TRS-80 MC-10', NULL, '<http://www.museo8bits.com/trs_mc10.htm>', '2018-09-13 11:39:17', NULL, 338, 1983),
(1042, 3, 'COLOR COMPUTER', NULL, '<http://www.old-computers.com/museum/computer.asp?st=1&c=91>', '2018-09-13 11:39:17', NULL, 338, 1980),
(1043, 3, 'TRS-80 MODEL 600', NULL, '<http://www.old-computers.com/museum/computer.asp?st=1&c=1066>', '2018-09-13 11:39:17', NULL, 338, 1985),
(1044, 3, '1000 SL & SL/2', NULL, '<http://www.old-computers.com/museum/computer.asp?st=1&c=1218>', '2018-09-13 11:39:17', NULL, 338, 1989),
(1045, 3, 'COLOR COMPUTER 3', NULL, '<http://www.old-computers.com/museum/computer.asp?st=1&c=109>', '2018-09-13 11:39:17', NULL, 338, 1986),
(1046, 3, 'TRS-80 MODEL 200', NULL, '<http://www.old-computers.com/museum/computer.asp?st=1&c=234>', '2018-09-13 11:39:17', NULL, 338, 1984),
(1047, 3, '1000 EX', NULL, '<http://www.old-computers.com/museum/computer.asp?st=1&c=1213>', '2018-09-13 11:39:17', NULL, 338, 1986),
(1048, 3, 'TRS 80 MODEL II', NULL, '<http://www.old-computers.com/museum/computer.asp?st=1&c=243>', '2018-09-13 11:39:17', NULL, 338, 1979),
(1049, 3, 'CLCD', NULL, 'The Commodore LCD (sometimes known in short as the CLCD) was a LCD-equipped laptop made by Commodore International. It was presented at the January 1985 Consumer Electronics Show, but never released. The CLCD was not directly compatible with other Commodore home computers, but its built-in Commodore BASIC 3.6 interpreter could run programs written in the Commodore 128\'s BASIC 7.0, as long as these programs did not include system-specific POKE commands. Like the Commodore 264 and Radio Shack TRS-80 Model 100 series computers, the CLCD had several ROM-based office application programs.\r\n\r\nThe CLCD featured a 2 MHz Rockwell 65C102 CPU (a CMOS 6502 variant) and 32 KB of RAM. The BASIC interpreter and application programs were built into 96 KB of ROM.\r\n\r\n\r\n\r\n<http://www.museo8bits.com/c_lcd.htm>\r\n\r\n<http://www.old-computers.com/museum/computer.asp?st=1&c=108>\r\n', '2018-09-13 11:39:17', NULL, 339, 1985),
(1050, 3, 'CDTV', NULL, '<http://www.old-computers.com/museum/computer.asp?st=1&c=106>', '2018-09-13 11:39:17', NULL, 339, 1990),
(1051, 3, 'C64 ALDI', NULL, '<http://www.old-computers.com/museum/computer.asp?st=1&c=1138>', '2018-09-13 11:39:18', NULL, 339, 1987),
(1052, 3, 'PET 30XX', NULL, '<http://www.old-computers.com/museum/computer.asp?st=1&c=102>', '2018-09-13 11:39:18', NULL, 339, 1979),
(1053, 3, 'SUPERPET', NULL, '<http://www.old-computers.com/museum/computer.asp?st=1&c=675>', '2018-09-13 11:39:18', NULL, 339, 1981),
(1054, 3, 'Amiga 1500', NULL, '<http://www.old-computers.com/museum/computer.asp?st=1&c=624>', '2018-09-13 11:39:18', NULL, 339, 1990),
(1056, 3, 'C64 GOLDEN JUBILEE', NULL, '<http://www.old-computers.com/museum/computer.asp?st=1&c=1293>', '2018-09-13 11:39:18', NULL, 339, 1984),
(1057, 3, 'PET 2001', NULL, '<http://www.old-computers.com/museum/computer.asp?st=1&c=191>', '2018-09-13 11:39:18', NULL, 339, 1977),
(1058, 3, 'VIC 20', NULL, '<http://www.old-computers.com/museum/computer.asp?st=1&c=252>', '2018-09-13 11:39:18', NULL, 339, 1981),
(1059, 3, 'C64G', NULL, '<http://www.old-computers.com/museum/computer.asp?st=1&c=1136>', '2018-09-13 11:39:18', NULL, 339, 1989),
(1060, 3, 'PET 200', NULL, '<http://www.old-computers.com/museum/computer.asp?st=1&c=746>', '2018-09-13 11:39:18', NULL, 339, 1979),
(1061, 3, 'Amiga 2500', NULL, '<http://www.old-computers.com/museum/computer.asp?st=1&c=907>', '2018-09-13 11:39:18', NULL, 339, 1989),
(1063, 3, 'Amiga 3000', NULL, '<http://www.old-computers.com/museum/computer.asp?st=1&c=30>', '2018-09-13 11:39:18', NULL, 339, 1990),
(1064, 3, 'Plus/4', NULL, '<http://www.museo8bits.com/c16plus4.htm>', '2018-09-13 11:39:18', NULL, 339, 1984),
(1066, 3, 'CBM 80XX', NULL, '<http://www.old-computers.com/museum/computer.asp?st=1&c=105>', '2018-09-13 11:39:18', NULL, 339, 1981),
(1067, 3, 'Amiga 1200', NULL, '<http://www.old-computers.com/museum/computer.asp?st=1&c=628>', '2018-09-13 11:39:18', NULL, 339, 1992),
(1068, 3, 'Amiga 4000', NULL, '<http://www.old-computers.com/museum/computer.asp?st=1&c=32>', '2018-09-13 11:39:18', NULL, 339, 1992),
(1069, 3, 'C65', NULL, '<http://www.old-computers.com/museum/computer.asp?st=1&c=273>', '2018-09-13 11:39:18', NULL, 339, 1990),
(1070, 18, 'C64GS', NULL, 'Superconsola C64 (España), C64 Game System, C64GS in Europe\r\n\r\n<http://www.old-computers.com/museum/computer.asp?st=2&c=768>\r\n\r\n<http://www.museo8bits.com/c64gs.htm>', '2018-09-13 11:39:18', NULL, 339, 1990),
(1071, 3, 'PET / CBM 40XX', NULL, '<http://www.old-computers.com/museum/computer.asp?st=1&c=103>', '2018-09-13 11:39:18', NULL, 339, 1980),
(1072, 3, 'Amiga 600', NULL, '<http://www.old-computers.com/museum/computer.asp?st=1&c=64>\r\n\r\n<http://www.museo8bits.com/amiga600.htm>', '2018-09-13 11:39:18', NULL, 339, 1991),
(1073, 18, 'Amiga CD32', NULL, '<http://www.old-computers.com/museum/computer.asp?st=2&c=1262>', '2018-09-13 11:39:18', NULL, 339, 1993),
(1075, 3, 'SX/DX 64 - EXECUTIVE COMPUTER', NULL, '<http://www.old-computers.com/museum/computer.asp?st=1&c=524>', '2018-09-13 11:39:18', NULL, 339, 1983),
(1076, 3, 'Amiga 2000', NULL, '<http://www.old-computers.com/museum/computer.asp?st=1&c=63>', '2018-09-13 11:39:18', NULL, 339, 1987),
(1077, 3, 'C16', NULL, '<http://www.old-computers.com/museum/computer.asp?st=1&c=97>', '2018-09-13 11:39:18', NULL, 339, 1984),
(1079, 3, 'C64', NULL, '<http://www.old-computers.com/museum/computer.asp?st=1&c=98>\r\n\r\n<http://www.museo8bits.com/c64.htm>', '2018-09-13 11:39:18', NULL, 339, 1982),
(1080, 3, 'Amiga 500 Plus', NULL, '<http://www.old-computers.com/museum/computer.asp?st=1&c=1260>', '2018-09-13 11:39:18', NULL, 339, 1991),
(1081, 3, 'C128 - C128D', NULL, '<http://www.old-computers.com/museum/computer.asp?st=1&c=96>\r\n\r\n<http://www.museo8bits.com/c128.htm>', '2018-09-13 11:39:18', NULL, 339, 1985),
(1082, 3, 'Amiga 600HD', NULL, '<http://www.old-computers.com/museum/computer.asp?st=1&c=1261>', '2018-09-13 11:39:18', NULL, 339, 1992),
(1083, 3, 'PLUS 4 - C232/264/364 ', NULL, '<http://www.old-computers.com/museum/computer.asp?st=1&c=194>', '2018-09-13 11:39:18', NULL, 339, 1984),
(1084, 3, 'MAX MACHINE / ULTIMAX / VC-10', NULL, '<http://www.old-computers.com/museum/computer.asp?st=1&c=40>', '2018-09-13 11:39:18', NULL, 339, 1982),
(1085, 3, 'VIC-1001', NULL, '<http://www.old-computers.com/museum/computer.asp?st=1&c=1291>', '2018-09-13 11:39:18', NULL, 339, 1980),
(1086, 3, 'Educator 64', NULL, '<http://www.museo8bits.com/c64educator.htm>\r\n\r\n<http://www.old-computers.com/museum/computer.asp?st=1&c=655>', '2018-09-13 11:39:18', NULL, 339, 1983),
(1087, 3, 'Amiga 500', NULL, '<http://www.old-computers.com/museum/computer.asp?st=1&c=65>', '2018-09-13 11:39:18', NULL, 339, 1987),
(1089, 3, 'Amiga 1000', NULL, '<http://www.old-computers.com/museum/computer.asp?st=1&c=28>', '2018-09-13 11:39:18', NULL, 339, 1985),
(1090, 3, 'C116', NULL, '<http://www.old-computers.com/museum/computer.asp?st=1&c=1125>\r\n\r\n<http://www.museo8bits.com/c116.htm>', '2018-09-13 11:39:18', NULL, 339, 1984),
(1092, 3, 'CBM 500 / 600 SERIES', NULL, '<http://www.old-computers.com/museum/computer.asp?st=1&c=104>', '2018-09-13 11:39:18', NULL, 339, 1983),
(1094, 3, 'CBM 700 SERIES', NULL, '<http://www.old-computers.com/museum/computer.asp?st=1&c=952>', '2018-09-13 11:39:18', NULL, 339, 1983),
(1095, 3, 'BASIS 108', NULL, '<http://www.old-computers.com/museum/computer.asp?st=1&c=92>', '2018-09-13 11:39:18', NULL, 340, 1982),
(1096, 3, 'MICRAL-N', NULL, '<http://www.old-computers.com/museum/computer.asp?st=1&c=352>', '2018-09-13 11:39:18', NULL, 341, 1973),
(1097, 3, 'MICRAL 8020 SERIES', NULL, '<http://www.old-computers.com/museum/computer.asp?st=1&c=869>', '2018-09-13 11:39:18', NULL, 341, 1980),
(1098, 3, 'PORTAL', NULL, '<http://www.old-computers.com/museum/computer.asp?st=1&c=201>', '2018-09-13 11:39:18', NULL, 341, 1981),
(1099, 3, 'MICRAL 8030 SERIES', NULL, '<http://www.old-computers.com/museum/computer.asp?st=1&c=962>', '2018-09-13 11:39:18', NULL, 341, 1979),
(1100, 3, 'HP-65', NULL, '<http://www.old-computers.com/museum/computer.asp?st=1&c=1123>', '2018-09-13 11:39:18', NULL, 343, 1974);
INSERT INTO `catalog` (`id`, `type_id`, `title`, `title_eng`, `description`, `created`, `owner_id`, `company_id`, `year`) VALUES
(1101, 3, 'HP-9830', NULL, '<http://www.old-computers.com/museum/computer.asp?st=1&c=950>', '2018-09-13 11:39:18', NULL, 343, 1972),
(1102, 3, 'HP-85', NULL, '<http://www.old-computers.com/museum/computer.asp?st=1&c=353>', '2018-09-13 11:39:18', NULL, 343, 1980),
(1103, 3, 'INTEGRAL PC', NULL, '<http://www.old-computers.com/museum/computer.asp?st=1&c=145>', '2018-09-13 11:39:18', NULL, 343, 1985),
(1104, 3, 'HP-9836', NULL, '<http://www.old-computers.com/museum/computer.asp?st=1&c=141>', '2018-09-13 11:39:18', NULL, 343, 1983),
(1105, 3, 'HP-87', NULL, '<http://www.old-computers.com/museum/computer.asp?st=1&c=926>', '2018-09-13 11:39:18', NULL, 343, 1982),
(1106, 3, 'HP-9825', NULL, '<http://www.old-computers.com/museum/computer.asp?st=1&c=930>', '2018-09-13 11:39:18', NULL, 343, 1976),
(1107, 3, 'HP-9816', NULL, '<http://www.old-computers.com/museum/computer.asp?st=1&c=879>', '2018-09-13 11:39:18', NULL, 343, 1982),
(1108, 3, 'HP-150', NULL, '<http://www.old-computers.com/museum/computer.asp?st=1&c=139>', '2018-09-13 11:39:18', NULL, 343, 1983),
(1109, 3, 'HP-200LX', NULL, '<http://www.old-computers.com/museum/computer.asp?st=1&c=1088>', '2018-09-13 11:39:18', NULL, 343, 1994),
(1110, 3, 'HP-9810', NULL, '<http://www.old-computers.com/museum/computer.asp?st=1&c=938>', '2018-09-13 11:39:18', NULL, 343, 1971),
(1111, 3, 'HP-110', NULL, '<http://www.old-computers.com/museum/computer.asp?st=1&c=445>', '2018-09-13 11:39:18', NULL, 343, 1984),
(1112, 3, 'HP-5036A', NULL, '<http://www.old-computers.com/museum/computer.asp?st=1&c=1067>', '2018-09-13 11:39:18', NULL, 343, 1979),
(1113, 3, 'HP-86', NULL, '<http://www.old-computers.com/museum/computer.asp?st=1&c=140>', '2018-09-13 11:39:18', NULL, 343, 1982),
(1114, 3, 'HP-9826', NULL, '<http://www.old-computers.com/museum/computer.asp?st=1&c=1068>', '2018-09-13 11:39:18', NULL, 343, 1981),
(1115, 3, 'AX-25', NULL, '<http://www.old-computers.com/museum/computer.asp?st=1&c=82>', '2018-09-13 11:39:18', NULL, 344, 1984),
(1116, 3, 'AX-20', NULL, '<http://www.old-computers.com/museum/computer.asp?st=1&c=557>', '2018-09-13 11:39:18', NULL, 344, 1982),
(1117, 3, 'ML-FX1 / FX2', NULL, '<http://www.old-computers.com/museum/computer.asp?st=1&c=782>', '2018-09-13 11:39:18', NULL, 345, 1983),
(1118, 3, 'ML-F48 / ML-F80', NULL, '<http://www.old-computers.com/museum/computer.asp?st=1&c=431>', '2018-09-13 11:39:18', NULL, 345, 1983),
(1119, 3, 'MULTI 8', NULL, '<http://www.old-computers.com/museum/computer.asp?st=1&c=335>', '2018-09-13 11:39:18', NULL, 345, 1983),
(1120, 3, 'ML-G10', NULL, '<http://www.old-computers.com/museum/computer.asp?st=1&c=583>', '2018-09-13 11:39:18', NULL, 345, 1985),
(1121, 3, 'MULTI 16', NULL, '<http://www.old-computers.com/museum/computer.asp?st=1&c=391>', '2018-09-13 11:39:18', NULL, 345, 1981),
(1122, 3, 'ML-F110 / ML-F120', NULL, '<http://www.old-computers.com/museum/computer.asp?st=1&c=582>', '2018-09-13 11:39:18', NULL, 345, 1984),
(1123, 18, 'BSS 01 (BILDSCHIRMSPIEL 01)', NULL, '<http://www.old-computers.com/museum/computer.asp?st=3&c=944>', '2018-09-13 11:39:18', NULL, 346, 1980),
(1124, 3, 'KC 85/4', NULL, '<http://www.old-computers.com/museum/computer.asp?st=1&c=598>', '2018-09-13 11:39:18', NULL, 346, 1988),
(1125, 3, 'KC 85/3', NULL, '<http://www.old-computers.com/museum/computer.asp?st=1&c=546>', '2018-09-13 11:39:18', NULL, 346, 1986),
(1126, 3, 'APF M1000 / MP1000 / Imagination Machine', NULL, '<http://www.museo8bits.com/apf_imagination_machine.htm>', '2018-09-13 11:39:18', NULL, 347, 1977),
(1127, 18, 'MATCH', NULL, '<http://www.old-computers.com/museum/computer.asp?st=3&c=656>', '2018-09-13 11:39:18', NULL, 347, 1977),
(1128, 18, 'TV FUN (MODEL 401)', NULL, '<http://www.old-computers.com/museum/computer.asp?st=3&c=1009>', '2018-09-13 11:39:18', NULL, 347, 1976),
(1129, 3, 'IMAGINATION MACHINE', NULL, '<http://www.old-computers.com/museum/computer.asp?st=1&c=584>', '2018-09-13 11:39:18', NULL, 347, 1979),
(1130, 18, 'M1000 / MP1000', NULL, '<http://www.old-computers.com/museum/computer.asp?st=2&c=1296>', '2018-09-13 11:39:18', NULL, 347, 1977),
(1131, 3, 'Oric 1', NULL, '<http://www.museo8bits.com/oric1.htm><http://www.old-computers.com/museum/computer.asp?st=1&c=180>', '2018-09-13 11:39:18', NULL, 348, 1982),
(1132, 3, 'NOVA 64', NULL, '<http://www.old-computers.com/museum/computer.asp?st=1&c=1186>', '2018-09-13 11:39:18', NULL, 348, 1984),
(1133, 3, 'ATMOS', NULL, '<http://www.old-computers.com/museum/computer.asp?st=1&c=79>', '2018-09-13 11:39:18', NULL, 348, 1984),
(1134, 3, 'Oric Atmos', NULL, '<http://www.museo8bits.com/oric_atmos.htm>', '2018-09-13 11:39:18', NULL, 348, 1984),
(1135, 3, 'Oric Telestrat aka Stratos', NULL, '<http://www.museo8bits.com/oric_telestrat.htm>', '2018-09-13 11:39:18', NULL, 348, 1986),
(1136, 3, 'STRATOS / IQ 164', NULL, '<http://www.old-computers.com/museum/computer.asp?st=1&c=226>', '2018-09-13 11:39:18', NULL, 348, 1984),
(1137, 3, 'TELESTRAT', NULL, '<http://www.old-computers.com/museum/computer.asp?st=1&c=235>', '2018-09-13 11:39:18', NULL, 348, 1986),
(1138, 3, '150', NULL, '<http://www.old-computers.com/museum/computer.asp?st=1&c=254>', '2018-09-13 11:39:18', NULL, 349, 1981),
(1139, 3, 'PC 8300', NULL, '<http://www.old-computers.com/museum/computer.asp?st=1&c=1168>', '2018-09-13 11:39:18', NULL, 350, 1983),
(1140, 3, 'PERSONAL COMPUTER', NULL, '<http://www.old-computers.com/museum/computer.asp?st=1&c=752>', '2018-09-13 11:39:19', NULL, 352, 1981),
(1141, 3, 'OPD - ONE PER DESK', NULL, '<http://www.old-computers.com/museum/computer.asp?st=1&c=275>', '2018-09-13 11:39:19', NULL, 352, 1984),
(1142, 3, 'QUATTRO', NULL, '<http://www.old-computers.com/museum/computer.asp?st=1&c=852>', '2018-09-13 11:39:19', NULL, 352, 1985),
(1143, 3, 'Canon V-25 MSX2', NULL, '<http://www.museo8bits.com/canon_v25.htm>', '2018-09-13 11:39:19', NULL, 353, 1984),
(1144, 3, 'AS-100', NULL, '<http://www.old-computers.com/museum/computer.asp?st=1&c=591>', '2018-09-13 11:39:19', NULL, 353, 1982),
(1145, 3, 'CAT', NULL, '<http://www.old-computers.com/museum/computer.asp?st=1&c=642>', '2018-09-13 11:39:19', NULL, 353, 1987),
(1146, 3, 'V-20', '', '<http://www.museo8bits.com/canon_v20.htm>\r\n\r\n<http://www.old-computers.com/museum/computer.asp?st=1&c=428>', '2018-09-13 11:39:19', NULL, 353, 1983),
(1147, 3, 'OBJECT.STATION', NULL, '<http://www.old-computers.com/museum/computer.asp?st=1&c=1153>', '2018-09-13 11:39:19', NULL, 353, 1994),
(1149, 3, 'CX-1 / BX-3', NULL, '<http://www.old-computers.com/museum/computer.asp?st=1&c=100>', '2018-09-13 11:39:19', NULL, 353, 1981),
(1150, 3, 'X-07', NULL, '<http://www.old-computers.com/museum/computer.asp?st=1&c=258>', '2018-09-13 11:39:19', NULL, 353, 1983),
(1151, 3, 'Canon Navigator', NULL, '<http://www.museo8bits.com/navigator.htm>', '2018-09-13 11:39:19', NULL, 353, 1991),
(1152, 3, 'V-10', '', '<http://www.museo8bits.com/canon_v10.htm>\r\n\r\n<http://www.old-computers.com/museum/computer.asp?st=1&c=575>', '2018-09-13 11:39:19', NULL, 353, 1983),
(1154, 3, 'Canon X-07', NULL, '<http://www.museo8bits.com/canon_x07.htm>', '2018-09-13 11:39:19', NULL, 353, 1983),
(1155, 3, 'Canon Cat', NULL, '<http://www.museo8bits.com/canon_cat.htm>', '2018-09-13 11:39:19', NULL, 353, 1987),
(1156, 3, 'Canon V-8 MSX', NULL, '<http://www.museo8bits.com/canon_v8.htm>', '2018-09-13 11:39:19', NULL, 353, 1983),
(1157, 3, 'NC 100', NULL, '<http://www.old-computers.com/museum/computer.asp?st=1&c=753>', '2018-09-13 11:39:19', NULL, 354, 1992),
(1158, 3, 'PC 1640', NULL, '<http://www.old-computers.com/museum/computer.asp?st=1&c=19>', '2018-09-13 11:39:19', NULL, 354, 1986),
(1159, 3, 'Amstrad PcW 9512+', NULL, '<http://www.museo8bits.com/pcw9512plus.htm>', '2018-09-13 11:39:19', NULL, 354, 1991),
(1160, 3, 'PCW 9512', NULL, '<http://www.old-computers.com/museum/computer.asp?st=1&c=190>', '2018-09-13 11:39:19', NULL, 354, 1987),
(1161, 3, 'NC 150', NULL, '<http://www.old-computers.com/museum/computer.asp?st=1&c=1140>', '2018-09-13 11:39:19', NULL, 354, 1993),
(1162, 3, 'PenPad 600', NULL, '<http://www.museo8bits.com/penpad600.htm>', '2018-09-13 11:39:19', NULL, 354, 1993),
(1163, 3, 'Amstrad Notepad NC100', NULL, '<http://www.museo8bits.com/amstrad_nc100.htm>', '2018-09-13 11:39:19', NULL, 354, 1992),
(1164, 3, 'CPC 464', NULL, '<http://www.old-computers.com/museum/computer.asp?st=1&c=84>', '2018-09-13 11:39:19', NULL, 354, 1984),
(1165, 3, 'Amstrad PcW 9256', NULL, '<http://www.museo8bits.com/pcw9256.htm>', '2018-09-13 11:39:19', NULL, 354, 1991),
(1166, 3, 'PCW 16', NULL, '<http://www.old-computers.com/museum/computer.asp?st=1&c=52>', '2018-09-13 11:39:19', NULL, 354, 1994),
(1167, 18, 'GX 4000', NULL, '<http://www.old-computers.com/museum/computer.asp?st=2&c=1082>', '2018-09-13 11:39:19', NULL, 354, 1990),
(1168, 3, 'PC 1512', NULL, '<http://www.old-computers.com/museum/computer.asp?st=1&c=183>', '2018-09-13 11:39:19', NULL, 354, 1986),
(1169, 3, 'PPC 512 / 640', NULL, '<http://www.old-computers.com/museum/computer.asp?st=1&c=195>', '2018-09-13 11:39:19', NULL, 354, 1988),
(1170, 3, 'CSD', NULL, '<http://www.old-computers.com/museum/computer.asp?st=1&c=957>', '2018-09-13 11:39:19', NULL, 354, 1990),
(1171, 3, 'Amstrad GX 4000', NULL, '<http://www.museo8bits.com/cpcplus.htm>', '2018-09-13 11:39:19', NULL, 354, 1990),
(1172, 3, 'Amstrad PCW 9512', NULL, '<http://www.museo8bits.com/pcw9000.htm>', '2018-09-13 11:39:19', NULL, 354, 1987),
(1173, 3, 'NC 200', NULL, '<http://www.old-computers.com/museum/computer.asp?st=1&c=1141>', '2018-09-13 11:39:19', NULL, 354, 1993),
(1174, 3, 'Amstrad PcW 16 Rosanne', NULL, '<http://www.museo8bits.com/pcw16.htm>', '2018-09-13 11:39:19', NULL, 354, 1995),
(1175, 3, 'Amstrad CPC Plus', NULL, '<http://www.museo8bits.com/cpcplus.htm>', '2018-09-13 11:39:19', NULL, 354, 1990),
(1176, 3, 'Amstrad CPC', NULL, '<http://www.museo8bits.com/cpc.htm>', '2018-09-13 11:39:19', NULL, 354, 1984),
(1177, 3, 'Amstrad PC 20', NULL, '<http://www.museo8bits.com/sinclair_pc200.htm>', '2018-09-13 11:39:19', NULL, 354, 1988),
(1178, 3, 'PENPAD', NULL, '<http://www.old-computers.com/museum/computer.asp?st=1&c=876>', '2018-09-13 11:39:19', NULL, 354, 1993),
(1179, 3, 'CPC 5512', NULL, '<http://www.old-computers.com/museum/computer.asp?st=1&c=522>', '2018-09-13 11:39:19', NULL, 354, 1986),
(1180, 3, 'Amstrad Notepad NC150', NULL, '<http://www.museo8bits.com/amstrad_nc150.htm>', '2018-09-13 11:39:19', NULL, 354, 1993),
(1181, 3, 'Amstrad PCW 8256 y PCW 8512', NULL, '<http://www.museo8bits.com/pcw8000.htm>', '2018-09-13 11:39:19', NULL, 354, 1985),
(1182, 3, '464 / 6128 PLUS', NULL, '<http://www.old-computers.com/museum/computer.asp?st=1&c=26>', '2018-09-13 11:39:19', NULL, 354, 1990),
(1183, 3, 'HECTOR XT', NULL, '<http://www.old-computers.com/museum/computer.asp?st=1&c=861>', '2018-09-13 11:39:19', NULL, 355, 1985),
(1184, 3, 'VICTOR LAMBDA', NULL, '<http://www.old-computers.com/museum/computer.asp?st=1&c=151>', '2018-09-13 11:39:19', NULL, 355, 1980),
(1185, 3, 'VICTOR / HECTOR 1', NULL, '<http://www.old-computers.com/museum/computer.asp?st=1&c=427>', '2018-09-13 11:39:19', NULL, 355, 1981),
(1186, 3, 'VICTOR / HECTOR  2HR / 2HR +', NULL, '<http://www.old-computers.com/museum/computer.asp?st=1&c=152>', '2018-09-13 11:39:19', NULL, 355, 1983),
(1187, 3, 'HECTOR MX', NULL, '<http://www.old-computers.com/museum/computer.asp?st=1&c=169>', '2018-09-13 11:39:19', NULL, 355, 1985),
(1188, 3, 'HECTOR HRX', NULL, '<http://www.old-computers.com/museum/computer.asp?st=1&c=142>', '2018-09-13 11:39:19', NULL, 355, 1983),
(1189, 18, 'TV MASTER MK 6 (MODEL N° 01 / 4907)', NULL, '<http://www.old-computers.com/museum/computer.asp?st=3&c=1039>', '2018-09-13 11:39:19', NULL, 356, 1977),
(1190, 18, 'COLOUR TV GAME (MODEL N° 01 / 4931)', NULL, '<http://www.old-computers.com/museum/computer.asp?st=3&c=1034>', '2018-09-13 11:39:19', NULL, 356, 1978),
(1191, 18, 'TV MASTER MK 10 (MODEL N° 01 / 4834)', NULL, '<http://www.old-computers.com/museum/computer.asp?st=3&c=1038>', '2018-09-13 11:39:19', NULL, 356, 1977),
(1192, 18, 'TV MASTER MK 8 (MODEL N° 01 / 4823)', NULL, '<http://www.old-computers.com/museum/computer.asp?st=3&c=1037>', '2018-09-13 11:39:19', NULL, 356, 1977),
(1193, 18, 'TV MASTER 4 PLUS 2 (MODEL N° 01 / 4869)', NULL, '<http://www.old-computers.com/museum/computer.asp?st=3&c=1033>', '2018-09-13 11:39:19', NULL, 356, 1977),
(1194, 18, 'TV GAME UNIT (MODEL N° 01 / 4990)', NULL, '<http://www.old-computers.com/museum/computer.asp?st=3&c=1040>', '2018-09-13 11:39:19', NULL, 356, 1976),
(1195, 18, 'TV MASTER MK IV (MODEL N° 01 / 4974)', NULL, '<http://www.old-computers.com/museum/computer.asp?st=3&c=1035>', '2018-09-13 11:39:19', NULL, 356, 1977),
(1196, 18, 'COLOUR TV GAME MK 10 (MODEL N° 01 / 4842)', NULL, '<http://www.old-computers.com/museum/computer.asp?st=3&c=1036>', '2018-09-13 11:39:19', NULL, 356, 1978),
(1197, 3, 'Creative Cubic 99', NULL, '<http://www.museo8bits.com/cubic99.htm>', '2018-09-13 11:39:19', NULL, 357, 1984),
(1198, 3, 'Creative Labs 3DO Blaster', NULL, '<http://www.museo8bits.com/3do.htm>', '2018-09-13 11:39:19', NULL, 357, 1994),
(1199, 3, 'MICROBEE 128', NULL, '<http://www.old-computers.com/museum/computer.asp?st=1&c=462>', '2018-09-13 11:39:19', NULL, 358, 1984),
(1200, 3, 'MICROBEE 32', NULL, '<http://www.old-computers.com/museum/computer.asp?st=1&c=287>', '2018-09-13 11:39:19', NULL, 358, 1982),
(1201, 3, 'COMPUTER IN A BOOK', NULL, '<http://www.old-computers.com/museum/computer.asp?st=1&c=1059>', '2018-09-13 11:39:19', NULL, 358, 1985),
(1202, 18, 'MARK IX', NULL, '<http://www.old-computers.com/museum/computer.asp?st=2&c=757>', '2018-09-13 11:39:19', NULL, 359, 1979),
(1203, 3, 'DGT100 / DGT1000', NULL, '<http://www.old-computers.com/museum/computer.asp?st=1&c=1174>', '2018-09-13 11:39:19', NULL, 360, 1983),
(1204, 18, 'TV-ACTION', NULL, '<http://www.old-computers.com/museum/computer.asp?st=3&c=1092>', '2018-09-13 11:39:19', NULL, 361, 1977),
(1205, 3, 'Merlin Tonto', NULL, '<http://www.museo8bits.com/merlin_tonto.htm>', '2018-09-13 11:39:19', NULL, 363, 1986),
(1206, 3, 'TONTO', NULL, '<http://www.old-computers.com/museum/computer.asp?st=1&c=871>', '2018-09-13 11:39:19', NULL, 363, 1985),
(1207, 3, 'DATAPOINT 2200', NULL, '<http://www.old-computers.com/museum/computer.asp?st=1&c=596>', '2018-09-13 11:39:19', NULL, 364, 1971),
(1208, 3, '32:16', NULL, '<http://www.old-computers.com/museum/computer.asp?st=1&c=767>', '2018-09-13 11:39:19', NULL, 365, 1982),
(1209, 3, 'MC-2200', NULL, '<http://www.old-computers.com/museum/computer.asp?st=1&c=1129>', '2018-09-13 11:39:19', NULL, 366, 1984),
(1210, 3, '9500', NULL, '<http://www.old-computers.com/museum/computer.asp?st=1&c=894>', '2018-09-13 11:39:19', NULL, 366, 1983),
(1211, 3, 'COMPUCOLOR II', NULL, '<http://www.old-computers.com/museum/computer.asp?st=1&c=560>', '2018-09-13 11:39:19', NULL, 367, 1977),
(1212, 18, 'ODYSSEY 200', NULL, '<http://www.old-computers.com/museum/computer.asp?st=3&c=1270>', '2018-09-13 11:39:19', NULL, 368, 1975),
(1213, 18, 'ODYSSEY 2000', NULL, '<http://www.old-computers.com/museum/computer.asp?st=3&c=1284>', '2018-09-13 11:39:19', NULL, 368, 1977),
(1214, 18, 'ODYSSEY', NULL, '<http://www.old-computers.com/museum/computer.asp?st=2&c=883>', '2018-09-13 11:39:19', NULL, 368, 1972),
(1215, 18, 'ODYSSEY˛', NULL, '<http://www.old-computers.com/museum/computer.asp?st=2&c=695>', '2018-09-13 11:39:20', NULL, 368, 1978),
(1216, 18, 'ODYSSEY 300', NULL, '<http://www.old-computers.com/museum/computer.asp?st=3&c=1281>', '2018-09-13 11:39:20', NULL, 368, 1976),
(1217, 18, 'ODYSSEY 400', NULL, '<http://www.old-computers.com/museum/computer.asp?st=3&c=1282>', '2018-09-13 11:39:20', NULL, 368, 1976),
(1218, 18, 'ODYSSEY 500', NULL, '<http://www.old-computers.com/museum/computer.asp?st=3&c=1283>', '2018-09-13 11:39:20', NULL, 368, 1976),
(1219, 18, 'ODYSSEY 100', NULL, '<http://www.old-computers.com/museum/computer.asp?st=3&c=1268>', '2018-09-13 11:39:20', NULL, 368, 1975),
(1220, 3, 'YC-64', NULL, '<http://www.old-computers.com/museum/computer.asp?st=1&c=442>', '2018-09-13 11:39:20', NULL, 369, 1984),
(1221, 3, 'Super TV Boy', NULL, '<http://www.museo8bits.com/supertvboy.htm>', '2018-09-13 11:39:20', NULL, 370, 1995),
(1222, 18, 'TV-BOY', NULL, '<http://www.old-computers.com/museum/computer.asp?st=2&c=827>', '2018-09-13 11:39:20', NULL, 370, 1992),
(1223, 3, 'TV Boy', NULL, '<http://www.museo8bits.com/tvboy.htm>', '2018-09-13 11:39:20', NULL, 370, 1992),
(1224, 18, 'SUPER TV-BOY', NULL, '<http://www.old-computers.com/museum/computer.asp?st=2&c=825>', '2018-09-13 11:39:20', NULL, 370, 1995),
(1225, 18, 'MICROMAT', NULL, '<http://www.old-computers.com/museum/computer.asp?st=2&c=1049>', '2018-09-13 11:39:20', NULL, 371, 1979),
(1226, 18, 'COMBAT LUNAIRE', NULL, '<http://www.old-computers.com/museum/computer.asp?st=2&c=733>', '2018-09-13 11:39:20', NULL, 371, 1978),
(1227, 3, 'MSX TURBO R', NULL, '<http://www.old-computers.com/museum/computer.asp?st=1&c=290>', '2018-09-13 11:39:20', NULL, 372, 1991),
(1228, 3, 'MSX 2+', NULL, '<http://www.old-computers.com/museum/computer.asp?st=1&c=291>', '2018-09-13 11:39:20', NULL, 372, 1988),
(1229, 3, 'MSX 2', NULL, '<http://www.old-computers.com/museum/computer.asp?st=1&c=288>', '2018-09-13 11:39:20', NULL, 372, 1985),
(1230, 3, 'MSX 1', NULL, '<http://www.old-computers.com/museum/computer.asp?st=1&c=90>', '2018-09-13 11:39:20', NULL, 372, 1983),
(1231, 3, 'COMPIS', NULL, '<http://www.old-computers.com/museum/computer.asp?st=1&c=358>', '2018-09-13 11:39:20', NULL, 373, 1985),
(1232, 3, 'S-PLUS', NULL, '<http://www.old-computers.com/museum/computer.asp?st=1&c=55>', '2018-09-13 11:39:20', NULL, 374, 1982),
(1233, 3, 'S/09', NULL, '<http://www.old-computers.com/museum/computer.asp?st=1&c=562>', '2018-09-13 11:39:20', NULL, 374, 1979),
(1234, 3, '6800', NULL, '<http://www.old-computers.com/museum/computer.asp?st=1&c=567>', '2018-09-13 11:39:20', NULL, 374, 1975),
(1235, 3, 'F85', NULL, '<http://www.old-computers.com/museum/computer.asp?st=1&c=939>', '2018-09-13 11:39:20', NULL, 375, 1977),
(1236, 18, 'TV CHALLENGER SERIES 3000 (TVC-3000)', NULL, '<http://www.old-computers.com/museum/computer.asp?st=3&c=1184>', '2018-09-13 11:39:20', NULL, 376, 1977),
(1237, 18, 'GAMEROOM TELE-PONG', NULL, '<http://www.old-computers.com/museum/computer.asp?st=3&c=1041>', '2018-09-13 11:39:20', NULL, 377, 1976),
(1238, 18, 'ORDINATEUR VIDEO JEU JO 1450 (JOPAC)', NULL, '<http://www.old-computers.com/museum/computer.asp?st=2&c=1124>', '2018-09-13 11:39:20', NULL, 378, 1983),
(1239, 3, 'TOTUS', NULL, '<http://www.old-computers.com/museum/computer.asp?st=1&c=1094>', '2018-09-13 11:39:20', NULL, 379, 1982),
(1240, 3, 'M24', NULL, '<http://www.old-computers.com/museum/computer.asp?st=1&c=535>', '2018-09-13 11:39:20', NULL, 380, 1984),
(1241, 3, 'PROGRAMMA P101/P102', NULL, '<http://www.old-computers.com/museum/computer.asp?st=1&c=847>', '2018-09-13 11:39:20', NULL, 380, 1965),
(1242, 3, 'PC 1', NULL, '<http://www.old-computers.com/museum/computer.asp?st=1&c=182>', '2018-09-13 11:39:20', NULL, 380, 1988),
(1243, 3, 'M10', NULL, '<http://www.old-computers.com/museum/computer.asp?st=1&c=475>', '2018-09-13 11:39:20', NULL, 380, 1983),
(1244, 3, 'Olivetti Quaderno 33 / 33J', NULL, '<http://www.museo8bits.com/quaderno33.htm>', '2018-09-13 11:39:20', NULL, 380, 1992),
(1245, 3, 'A5', NULL, '<http://www.old-computers.com/museum/computer.asp?st=1&c=1305>', '2018-09-13 11:39:20', NULL, 380, 1974),
(1246, 3, 'Olivetti Quaderno', NULL, '<http://www.museo8bits.com/quaderno.htm>', '2018-09-13 11:39:20', NULL, 380, 1992),
(1247, 3, 'PRODEST PC 128S', NULL, '<http://www.old-computers.com/museum/computer.asp?st=1&c=1055>', '2018-09-13 11:39:20', NULL, 380, 1987),
(1248, 3, 'P6060', NULL, '<http://www.old-computers.com/museum/computer.asp?st=1&c=407>', '2018-09-13 11:39:20', NULL, 380, 1977),
(1249, 3, 'M20', NULL, '<http://www.old-computers.com/museum/computer.asp?st=1&c=611>', '2018-09-13 11:39:20', NULL, 380, 1982),
(1250, 3, 'PRODEST PC 128', NULL, '<http://www.old-computers.com/museum/computer.asp?st=1&c=853>', '2018-09-13 11:39:20', NULL, 380, 1986),
(1251, 3, 'Olivetti M 10', NULL, '<http://www.museo8bits.com/m10.htm>', '2018-09-13 11:39:20', NULL, 380, 1984),
(1252, 3, 'IQ-151', NULL, '<http://www.old-computers.com/museum/computer.asp?st=1&c=1045>', '2018-09-13 11:39:20', NULL, 381, 1984),
(1253, 18, 'STAR CHESS', NULL, '<http://www.old-computers.com/museum/computer.asp?st=2&c=1116>', '2018-09-13 11:39:20', NULL, 382, 1979),
(1254, 3, 'PC 8001 MK 2', NULL, '<http://www.old-computers.com/museum/computer.asp?st=1&c=396>', '2018-09-13 11:39:20', NULL, 383, 1982),
(1255, 18, 'PC ENGINE DUO', NULL, '<http://www.old-computers.com/museum/computer.asp?st=2&c=1232>', '2018-09-13 11:39:20', NULL, 383, 1991),
(1256, 3, 'PC 8001 MK 2 SR', NULL, '<http://www.old-computers.com/museum/computer.asp?st=1&c=397>', '2018-09-13 11:39:20', NULL, 383, 1985),
(1257, 18, 'PC ENGINE', NULL, '<http://www.old-computers.com/museum/computer.asp?st=2&c=1231>', '2018-09-13 11:39:20', NULL, 383, 1987),
(1258, 3, 'PC 8001', NULL, '<http://www.old-computers.com/museum/computer.asp?st=1&c=178>', '2018-09-13 11:39:20', NULL, 383, 1979),
(1259, 3, 'APC III', NULL, '<http://www.old-computers.com/museum/computer.asp?st=1&c=996>', '2018-09-13 11:39:20', NULL, 383, 1983),
(1260, 3, 'PC 88VA', NULL, '<http://www.old-computers.com/museum/computer.asp?st=1&c=401>', '2018-09-13 11:39:20', NULL, 383, 1987),
(1261, 3, 'PC 8801 FE', NULL, '<http://www.old-computers.com/museum/computer.asp?st=1&c=400>', '2018-09-13 11:39:20', NULL, 383, 1988),
(1262, 3, 'PC 9801 E', NULL, '<http://www.old-computers.com/museum/computer.asp?st=1&c=403>', '2018-09-13 11:39:20', NULL, 383, 1983),
(1263, 3, 'APC', NULL, '<http://www.old-computers.com/museum/computer.asp?st=1&c=333>', '2018-09-13 11:39:20', NULL, 383, 1982),
(1264, 3, 'Nec PC Engine / Turbografx', NULL, '<http://www.museo8bits.com/pcegine.htm>', '2018-09-13 11:39:20', NULL, 383, 1987),
(1265, 3, 'PC 6001 MK 2 SR', NULL, '<http://www.old-computers.com/museum/computer.asp?st=1&c=394>', '2018-09-13 11:39:20', NULL, 383, 1984),
(1266, 3, 'PC 9801 F', NULL, '<http://www.old-computers.com/museum/computer.asp?st=1&c=404>', '2018-09-13 11:39:20', NULL, 383, 1983),
(1267, 3, 'PC 6001 MK 2', NULL, '<http://www.old-computers.com/museum/computer.asp?st=1&c=393>', '2018-09-13 11:39:20', NULL, 383, 1983),
(1268, 18, 'PC ENGINE DUO R', NULL, '<http://www.old-computers.com/museum/computer.asp?st=2&c=1238>', '2018-09-13 11:39:20', NULL, 383, 1993),
(1269, 3, 'PC-88 VA 2', NULL, '<http://www.old-computers.com/museum/computer.asp?st=1&c=402>', '2018-09-13 11:39:20', NULL, 383, 1987),
(1270, 3, 'TK 80', NULL, '<http://www.old-computers.com/museum/computer.asp?st=1&c=405>', '2018-09-13 11:39:20', NULL, 383, 1976),
(1271, 18, 'PC-FX', NULL, '<http://www.old-computers.com/museum/computer.asp?st=2&c=796>', '2018-09-13 11:39:20', NULL, 383, 1994),
(1272, 3, 'COMPO BS/80', NULL, '<http://www.old-computers.com/museum/computer.asp?st=1&c=392>', '2018-09-13 11:39:20', NULL, 383, 1978),
(1273, 18, 'PC ENGINE DUO RX', NULL, '<http://www.old-computers.com/museum/computer.asp?st=2&c=1239>', '2018-09-13 11:39:20', NULL, 383, 1994),
(1274, 18, 'TURBODUO', NULL, '<http://www.old-computers.com/museum/computer.asp?st=2&c=1243>', '2018-09-13 11:39:20', NULL, 383, 1992),
(1275, 3, 'PC 8201A', NULL, '<http://www.old-computers.com/museum/computer.asp?st=1&c=334>', '2018-09-13 11:39:20', NULL, 383, 1983),
(1276, 18, 'COREGRAFX', NULL, '<http://www.old-computers.com/museum/computer.asp?st=2&c=1244>', '2018-09-13 11:39:20', NULL, 383, 1989),
(1277, 3, 'PC 8801', NULL, '<http://www.old-computers.com/museum/computer.asp?st=1&c=398>', '2018-09-13 11:39:20', NULL, 383, 1981),
(1278, 3, 'PC 6601', NULL, '<http://www.old-computers.com/museum/computer.asp?st=1&c=395>', '2018-09-13 11:39:20', NULL, 383, 1985),
(1279, 18, 'PC ENGINE SUPER GRAFX', NULL, '<http://www.old-computers.com/museum/computer.asp?st=2&c=1234>', '2018-09-13 11:39:20', NULL, 383, 1989),
(1280, 3, 'PC 8401A', NULL, '<http://www.old-computers.com/museum/computer.asp?st=1&c=350>', '2018-09-13 11:39:20', NULL, 383, 1984),
(1281, 3, 'PC 6001', NULL, '<http://www.old-computers.com/museum/computer.asp?st=1&c=177>', '2018-09-13 11:39:20', NULL, 383, 1981),
(1282, 18, 'COREGRAFX II', NULL, '<http://www.old-computers.com/museum/computer.asp?st=2&c=1245>', '2018-09-13 11:39:20', NULL, 383, 1991),
(1283, 3, 'Dynadata DPC-200 MSX', NULL, '<http://www.museo8bits.com/dynadata_dpc200.htm>', '2018-09-13 11:39:20', NULL, 384, 1985),
(1284, 3, '8000', NULL, '<http://www.old-computers.com/museum/computer.asp?st=1&c=1108>', '2018-09-13 11:39:20', NULL, 385, 1983),
(1285, 3, 'WORKSLATE', NULL, '<http://www.old-computers.com/museum/computer.asp?st=1&c=891>', '2018-09-13 11:39:20', NULL, 387, 1982),
(1286, 3, 'MICROMACHINE 2000 ET 3000', NULL, '<http://www.old-computers.com/museum/computer.asp?st=1&c=453>', '2018-09-13 11:39:21', NULL, 388, 1981),
(1287, 3, 'ORCHIDÉE', NULL, '<http://www.old-computers.com/museum/computer.asp?st=1&c=532>', '2018-09-13 11:39:21', NULL, 388, 1983),
(1288, 3, 'MICROMACHINE 4000', NULL, '<http://www.old-computers.com/museum/computer.asp?st=1&c=452>', '2018-09-13 11:39:21', NULL, 388, 1982),
(1289, 3, 'MD', NULL, '<http://www.old-computers.com/museum/computer.asp?st=1&c=819>', '2018-09-13 11:39:21', NULL, 389, 1979),
(1290, 3, 'VERSATILE 2', NULL, '<http://www.old-computers.com/museum/computer.asp?st=1&c=345>', '2018-09-13 11:39:21', NULL, 390, 1977),
(1291, 3, 'TERMINAL PROCESSOR', NULL, '<http://www.old-computers.com/museum/computer.asp?st=1&c=410>', '2018-09-13 11:39:21', NULL, 391, 1977),
(1292, 3, 'QDP-300', NULL, '<http://www.old-computers.com/museum/computer.asp?st=1&c=616>', '2018-09-13 11:39:21', NULL, 392, 1982),
(1293, 3, 'QDP-100', NULL, '<http://www.old-computers.com/museum/computer.asp?st=1&c=594>', '2018-09-13 11:39:21', NULL, 392, 1982),
(1294, 3, 'MIMI 802 / 803 / 804', NULL, '<http://www.old-computers.com/museum/computer.asp?st=1&c=601>', '2018-09-13 11:39:21', NULL, 393, 1981),
(1295, 3, '80.2', NULL, '<http://www.old-computers.com/museum/computer.asp?st=1&c=256>', '2018-09-13 11:39:21', NULL, 394, 1982),
(1296, 18, 'COMPU-VISION', NULL, '<http://www.old-computers.com/museum/computer.asp?st=3&c=1026>', '2018-09-13 11:39:21', NULL, 397, 1983),
(1297, 3, 'Unipolbrit 2086', NULL, '<http://www.museo8bits.com/unipolbrit2086.htm>', '2018-09-13 11:39:21', NULL, 398, 1983),
(1298, 3, 'OC-8820', NULL, '<http://www.old-computers.com/museum/computer.asp?st=1&c=1078>', '2018-09-13 11:39:21', NULL, 399, 1982),
(1299, 3, 'OC-8880', NULL, '<http://www.old-computers.com/museum/computer.asp?st=1&c=569>', '2018-09-13 11:39:21', NULL, 399, 1981),
(1300, 3, 'C1', NULL, '<http://www.old-computers.com/museum/computer.asp?st=1&c=1176>', '2018-09-13 11:39:21', NULL, 400, 1987),
(1301, 3, 'CX5', NULL, '<http://www.old-computers.com/museum/computer.asp?st=1&c=441>', '2018-09-13 11:39:21', NULL, 400, 1983),
(1302, 3, 'CX5M MUSIC COMPUTER', NULL, '<http://www.old-computers.com/museum/computer.asp?st=1&c=88>', '2018-09-13 11:39:21', NULL, 400, 1984),
(1303, 3, 'YIS-303', NULL, '<http://www.old-computers.com/museum/computer.asp?st=1&c=440>', '2018-09-13 11:39:21', NULL, 400, 1983),
(1304, 3, 'YIS-503 / DIABOLIK', NULL, '<http://www.old-computers.com/museum/computer.asp?st=1&c=439>', '2018-09-13 11:39:21', NULL, 400, 1984),
(1305, 3, 'Yamaha CX5M', NULL, '<http://www.museo8bits.com/yamaha_cx5m.htm>', '2018-09-13 11:39:21', NULL, 400, 1985),
(1306, 18, 'SPORT TG 20', NULL, '<http://www.old-computers.com/museum/computer.asp?st=3&c=1102>', '2018-09-13 11:39:21', NULL, 401, 1977),
(1307, 18, 'TELESPORTS MINI', NULL, '<http://www.old-computers.com/museum/computer.asp?st=3&c=680>', '2018-09-13 11:39:21', NULL, 402, 1983),
(1308, 3, 'TUSCAN S-100', NULL, '<http://www.old-computers.com/museum/computer.asp?st=1&c=809>', '2018-09-13 11:39:21', NULL, 403, 1980),
(1309, 3, '5000', NULL, '<http://www.old-computers.com/museum/computer.asp?st=1&c=1030>', '2018-09-13 11:39:21', NULL, 404, 1978),
(1310, 3, 'MENTA', NULL, '<http://www.old-computers.com/museum/computer.asp?st=1&c=1277>', '2018-09-13 11:39:21', NULL, 405, 1981),
(1311, 3, '65', NULL, '<http://www.old-computers.com/museum/computer.asp?st=1&c=99>', '2018-09-13 11:39:21', NULL, 406, 1980),
(1312, 3, 'MAX-80', NULL, '<http://www.old-computers.com/museum/computer.asp?st=1&c=625>', '2018-09-13 11:39:21', NULL, 407, 1982),
(1313, 18, '2001 - HOME VIDEO CENTRE', NULL, '<http://www.old-computers.com/museum/computer.asp?st=2&c=1191>', '2018-09-13 11:39:21', NULL, 409, 1982),
(1314, 18, '3001 - HOME VIDEO CENTRE', NULL, '<http://www.old-computers.com/museum/computer.asp?st=2&c=1190>', '2018-09-13 11:39:21', NULL, 409, 1982),
(1315, 3, 'HC-95', NULL, '<http://www.old-computers.com/museum/computer.asp?st=1&c=862>', '2018-09-13 11:39:21', NULL, 410, 1986),
(1316, 3, 'MICROCOLOR', NULL, '<http://www.old-computers.com/museum/computer.asp?st=1&c=942>', '2018-09-13 11:39:21', NULL, 411, 1983),
(1317, 3, 'SMP-8', NULL, '<http://www.old-computers.com/museum/computer.asp?st=1&c=506>', '2018-09-13 11:39:21', NULL, 412, 1981),
(1318, 3, 'SMP-5', NULL, '<http://www.old-computers.com/museum/computer.asp?st=1&c=505>', '2018-09-13 11:39:21', NULL, 412, 1982),
(1319, 3, 'WS 1', NULL, '<http://www.old-computers.com/museum/computer.asp?st=1&c=66>', '2018-09-13 11:39:21', NULL, 413, 1985),
(1320, 18, 'TELEVISION COMPUTER SYSTEM', NULL, '<http://www.old-computers.com/museum/computer.asp?st=2&c=727>', '2018-09-13 11:39:21', NULL, 414, 1981),
(1321, 3, 'KMC-5000', NULL, '<http://www.old-computers.com/museum/computer.asp?st=1&c=662>', '2018-09-13 11:39:21', NULL, 415, 1987),
(1322, 3, 'Goupil Golf', NULL, '<http://www.museo8bits.com/goupil_golf.htm>', '2018-09-13 11:39:21', NULL, 416, 1989),
(1323, 3, 'EC-1037S', NULL, '<http://www.old-computers.com/museum/computer.asp?st=1&c=1010>', '2018-09-13 11:39:21', NULL, 417, 1984),
(1324, 3, 'EC-1035', NULL, '<http://www.old-computers.com/museum/computer.asp?st=1&c=978>', '2018-09-13 11:39:21', NULL, 417, 1977),
(1325, 3, 'ES 210', NULL, '<http://www.old-computers.com/museum/computer.asp?st=1&c=1143>', '2018-09-13 11:39:21', NULL, 418, 1992),
(1326, 3, 'GAZELLE', NULL, '<http://www.old-computers.com/museum/computer.asp?st=1&c=614>', '2018-09-13 11:39:21', NULL, 419, 1979),
(1327, 3, 'GALAKSIJA', NULL, '<http://www.old-computers.com/museum/computer.asp?st=1&c=330>', '2018-09-13 11:39:21', NULL, 420, 1983),
(1328, 3, 'KENBAK-1', NULL, '<http://www.old-computers.com/museum/computer.asp?st=1&c=1259>', '2018-09-13 11:39:21', NULL, 421, 1971),
(1329, 18, 'T-800C', NULL, '<http://www.old-computers.com/museum/computer.asp?st=3&c=721>', '2018-09-13 11:39:21', NULL, 422, 1979),
(1330, 3, 'ANALOG COMPUTER', NULL, '<http://www.old-computers.com/museum/computer.asp?st=1&c=1107>', '2018-09-13 11:39:21', NULL, 423, 1971),
(1331, 3, 'Jet', NULL, '<http://www.old-computers.com/museum/computer.asp?st=1&c=669>', '2018-09-13 11:39:21', NULL, 424, 1990),
(1332, 3, 'ATHENA', NULL, '<http://www.old-computers.com/museum/computer.asp?st=1&c=1121>', '2018-09-13 11:39:21', NULL, 425, 1979),
(1333, 3, 'LNW-80', NULL, '<http://www.old-computers.com/museum/computer.asp?st=1&c=595>', '2018-09-13 11:39:21', NULL, 426, 1982),
(1334, 3, 'APRICOT F2 / F10', NULL, '<http://www.old-computers.com/museum/computer.asp?st=1&c=493>', '2018-09-13 11:39:21', NULL, 427, 1985),
(1335, 3, 'APRICOT PC', NULL, '<http://www.old-computers.com/museum/computer.asp?st=1&c=499>', '2018-09-13 11:39:21', NULL, 427, 1983),
(1336, 3, 'APRICOT XEN', NULL, '<http://www.old-computers.com/museum/computer.asp?st=1&c=501>', '2018-09-13 11:39:21', NULL, 427, 1985),
(1337, 3, 'ACT-800', NULL, '<http://www.old-computers.com/museum/computer.asp?st=1&c=1090>', '2018-09-13 11:39:21', NULL, 427, 1982),
(1338, 3, 'APRICOT XI', NULL, '<http://www.old-computers.com/museum/computer.asp?st=1&c=500>', '2018-09-13 11:39:21', NULL, 427, 1984),
(1339, 3, 'QI-300', NULL, '<http://www.old-computers.com/museum/computer.asp?st=1&c=995>', '2018-09-13 11:39:21', NULL, 427, 1988),
(1340, 3, 'APRICOT PORTABLE', NULL, '<http://www.old-computers.com/museum/computer.asp?st=1&c=492>', '2018-09-13 11:39:21', NULL, 427, 1984),
(1341, 3, 'APRICOT F1', NULL, '<http://www.old-computers.com/museum/computer.asp?st=1&c=495>', '2018-09-13 11:39:21', NULL, 427, 1984),
(1342, 3, 'EXPERT XP-800', NULL, '<http://www.old-computers.com/museum/computer.asp?st=1&c=832>', '2018-09-13 11:39:21', NULL, 428, 1985),
(1343, 3, 'EXPERT PLUS', NULL, '<http://www.old-computers.com/museum/computer.asp?st=1&c=807>', '2018-09-13 11:39:21', NULL, 428, 1989),
(1344, 3, 'Gradiente Expert XP-800', NULL, '<http://www.museo8bits.com/expertXP800.htm>', '2018-09-13 11:39:22', NULL, 428, 1985),
(1345, 18, 'VECTREX', NULL, '<http://www.old-computers.com/museum/computer.asp?st=2&c=1018>', '2018-09-13 11:39:22', NULL, 429, 1982),
(1346, 3, 'CONSUL 2717', NULL, '<http://www.old-computers.com/museum/computer.asp?st=1&c=1130>', '2018-09-13 11:39:22', NULL, 430, 1989),
(1347, 3, 'HOTBIT HB-8000', NULL, '<http://www.museo8bits.com/hotbit.htm><http://www.old-computers.com/museum/computer.asp?st=1&c=833>', '2018-09-13 11:39:22', NULL, 431, 1985),
(1348, 18, 'HOME ARCADE', NULL, '<http://www.old-computers.com/museum/computer.asp?st=2&c=1181>', '2018-09-13 11:39:22', NULL, 432, 1983),
(1349, 3, 'C10', NULL, '<http://www.old-computers.com/museum/computer.asp?st=1&c=638>', '2018-09-13 11:39:22', NULL, 433, 1982),
(1350, 3, 'Z-2', NULL, '<http://www.old-computers.com/museum/computer.asp?st=1&c=559>', '2018-09-13 11:39:22', NULL, 433, 1977),
(1351, 3, 'Z-1', NULL, '<http://www.old-computers.com/museum/computer.asp?st=1&c=542>', '2018-09-13 11:39:22', NULL, 433, 1976),
(1352, 3, 'SYSTEM I / II / III', NULL, '<http://www.old-computers.com/museum/computer.asp?st=1&c=113>', '2018-09-13 11:39:22', NULL, 433, 1976),
(1353, 3, 'SYSTEM V', NULL, '<http://www.old-computers.com/museum/computer.asp?st=1&c=348>', '2018-09-13 11:39:22', NULL, 433, 1984),
(1354, 3, 'SYSTEME 0', NULL, '<http://www.old-computers.com/museum/computer.asp?st=1&c=826>', '2018-09-13 11:39:22', NULL, 433, 1982),
(1355, 3, 'VEGAS 6809', NULL, '<http://www.old-computers.com/museum/computer.asp?st=1&c=248>', '2018-09-13 11:39:22', NULL, 434, 1982),
(1356, 3, 'WREN', NULL, '<http://www.old-computers.com/museum/computer.asp?st=1&c=257>', '2018-09-13 11:39:22', NULL, 435, 1984),
(1357, 18, 'TVG 2000', NULL, '<http://www.old-computers.com/museum/computer.asp?st=2&c=1185>', '2018-09-13 11:39:22', NULL, 437, 1982),
(1358, 3, 'ONDRA', NULL, '<http://www.old-computers.com/museum/computer.asp?st=1&c=612>', '2018-09-13 11:39:22', NULL, 438, 1985),
(1359, 3, 'MATO', NULL, '<http://www.old-computers.com/museum/computer.asp?st=1&c=943>', '2018-09-13 11:39:22', NULL, 438, 1989),
(1360, 3, 'PMD-85', NULL, '<http://www.old-computers.com/museum/computer.asp?st=1&c=730>', '2018-09-13 11:39:22', NULL, 438, 1985),
(1361, 18, 'VISIOMATIC 101', NULL, '<http://www.old-computers.com/museum/computer.asp?st=3&c=716>', '2018-09-13 11:39:22', NULL, 439, 1973),
(1362, 18, 'T.V. GAME MODEL 2000', NULL, '<http://www.old-computers.com/museum/computer.asp?st=3&c=1288>', '2018-09-13 11:39:22', NULL, 440, 1977),
(1363, 18, 'T.V. GAME MODEL 3000', NULL, '<http://www.old-computers.com/museum/computer.asp?st=3&c=1289>', '2018-09-13 11:39:22', NULL, 440, 1977),
(1364, 3, 'Grandstand Tutor', NULL, '<http://www.museo8bits.com/tomy.htm>', '2018-09-13 11:39:22', NULL, 440, 1982),
(1365, 3, 'CP-400', NULL, '<http://www.old-computers.com/museum/computer.asp?st=1&c=1200>', '2018-09-13 11:39:22', NULL, 441, 1984),
(1366, 3, 'CP-200', NULL, '<http://www.old-computers.com/museum/computer.asp?st=1&c=910>', '2018-09-13 11:39:22', NULL, 441, 1982),
(1367, 18, 'OC 2000', NULL, '<http://www.old-computers.com/museum/computer.asp?st=2&c=1051>', '2018-09-13 11:39:22', NULL, 442, 1979),
(1368, 18, 'OC 6000', NULL, '<http://www.old-computers.com/museum/computer.asp?st=3&c=921>', '2018-09-13 11:39:22', NULL, 442, 1978),
(1369, 18, 'OC 5000', NULL, '<http://www.old-computers.com/museum/computer.asp?st=3&c=920>', '2018-09-13 11:39:22', NULL, 442, 1977),
(1370, 18, 'OC 4', NULL, '<http://www.old-computers.com/museum/computer.asp?st=3&c=919>', '2018-09-13 11:39:22', NULL, 442, 1978),
(1371, 3, 'UK-101', NULL, '<http://www.old-computers.com/museum/computer.asp?st=1&c=802>', '2018-09-13 11:39:22', NULL, 443, 1979),
(1372, 3, 'PIED PIPER', NULL, '<http://www.old-computers.com/museum/computer.asp?st=1&c=193>', '2018-09-13 11:39:22', NULL, 444, 1983),
(1373, 18, 'INTELLIVISION', NULL, '<http://www.old-computers.com/museum/computer.asp?st=2&c=1205>', '2018-09-13 11:39:22', NULL, 447, 1979),
(1374, 3, 'Aquarius', NULL, '<http://www.museo8bits.com/aquarius.htm><http://www.old-computers.com/museum/computer.asp?st=1&c=73>', '2018-09-13 11:39:22', NULL, 447, 1984),
(1375, 3, 'NEXT STATION', NULL, '<http://www.old-computers.com/museum/computer.asp?st=1&c=555>', '2018-09-13 11:39:22', NULL, 449, 1989),
(1376, 3, 'NEXT CUBE', NULL, '<http://www.old-computers.com/museum/computer.asp?st=1&c=277>', '2018-09-13 11:39:22', NULL, 449, 1988),
(1377, 18, 'VIDEOPAC G7000', NULL, '<http://www.old-computers.com/museum/computer.asp?st=2&c=1080>', '2018-09-13 11:39:22', NULL, 450, 1979),
(1378, 18, 'VIDEOPAC G7200', NULL, '<http://www.old-computers.com/museum/computer.asp?st=2&c=1087>', '2018-09-13 11:39:22', NULL, 450, 1983),
(1379, 3, 'P/330', NULL, '<http://www.old-computers.com/museum/computer.asp?st=1&c=354>', '2018-09-13 11:39:22', NULL, 450, 1978),
(1380, 3, 'P2000 T/M', NULL, '<http://www.old-computers.com/museum/computer.asp?st=1&c=1042>', '2018-09-13 11:39:22', NULL, 450, 1980),
(1381, 18, 'VIDEOPAC C52', NULL, '<http://www.old-computers.com/museum/computer.asp?st=2&c=1060>', '2018-09-13 11:39:22', NULL, 450, 1979),
(1382, 3, 'VG 5000', NULL, '<http://www.old-computers.com/museum/computer.asp?st=1&c=249>', '2018-09-13 11:39:22', NULL, 450, 1984),
(1383, 3, 'VG 8020', NULL, '<http://www.old-computers.com/museum/computer.asp?st=1&c=250>', '2018-09-13 11:39:22', NULL, 450, 1984),
(1384, 3, 'P3000', NULL, '<http://www.old-computers.com/museum/computer.asp?st=1&c=904>', '2018-09-13 11:39:22', NULL, 450, 1983),
(1385, 3, 'Philips VG 8000 MSX', NULL, '<http://www.museo8bits.com/vg8000.htm>', '2018-09-13 11:39:22', NULL, 450, 1985),
(1386, 18, 'TELE-SPIEL ES-2201', NULL, '<http://www.old-computers.com/museum/computer.asp?st=2&c=664>', '2018-09-13 11:39:22', NULL, 450, 1975),
(1387, 3, 'P5000 SERIES', NULL, '<http://www.old-computers.com/museum/computer.asp?st=1&c=994>', '2018-09-13 11:39:22', NULL, 450, 1978),
(1388, 18, 'ODYSSEY 2001', NULL, '<http://www.old-computers.com/museum/computer.asp?st=3&c=713>', '2018-09-13 11:39:22', NULL, 450, 1977),
(1389, 3, 'VG 8000 / 8010', NULL, '<http://www.old-computers.com/museum/computer.asp?st=1&c=300>', '2018-09-13 11:39:22', NULL, 450, 1984),
(1390, 3, 'Philips VG-5000', NULL, '<http://www.museo8bits.com/vg5000.htm>', '2018-09-13 11:39:22', NULL, 450, 1983),
(1391, 18, 'ODYSSEY 2100', NULL, '<http://www.old-computers.com/museum/computer.asp?st=3&c=714>', '2018-09-13 11:39:22', NULL, 450, 1978),
(1392, 3, 'VG 8235', NULL, '<http://www.old-computers.com/museum/computer.asp?st=1&c=251>', '2018-09-13 11:39:22', NULL, 450, 1985),
(1393, 3, 'P2000C', NULL, '<http://www.old-computers.com/museum/computer.asp?st=1&c=846>', '2018-09-13 11:39:22', NULL, 450, 1983),
(1394, 18, 'N20', NULL, '<http://www.old-computers.com/museum/computer.asp?st=3&c=715>', '2018-09-13 11:39:22', NULL, 450, 1978),
(1395, 3, 'NMS-801', NULL, '<http://www.old-computers.com/museum/computer.asp?st=1&c=1084>', '2018-09-13 11:39:22', NULL, 450, 1985),
(1396, 18, 'LAS VEGAS ES-2208', NULL, '<http://www.old-computers.com/museum/computer.asp?st=3&c=739>', '2018-09-13 11:39:22', NULL, 450, 1977),
(1397, 3, 'HOME COMPUTER SYSTEM', NULL, '<http://www.old-computers.com/museum/computer.asp?st=1&c=1004>', '2018-09-13 11:39:22', NULL, 451, 1979),
(1398, 18, 'PP-800', NULL, '<http://www.old-computers.com/museum/computer.asp?st=3&c=659>', '2018-09-13 11:39:22', NULL, 452, 1977),
(1399, 18, 'ORMATU VIDEO SPELCOMPUTER 2001', NULL, '<http://www.old-computers.com/museum/computer.asp?st=2&c=829>', '2018-09-13 11:39:22', NULL, 453, 1982),
(1400, 18, 'PALLADIUM GAME CONSOLE', NULL, '<http://www.old-computers.com/museum/computer.asp?st=2&c=1222>', '2018-09-13 11:39:22', NULL, 454, 1980),
(1401, 3, 'MPC', NULL, '<http://www.old-computers.com/museum/computer.asp?st=1&c=633>', '2018-09-13 11:39:22', NULL, 455, 1982),
(1402, 3, 'VP', NULL, '<http://www.old-computers.com/museum/computer.asp?st=1&c=889>', '2018-09-13 11:39:22', NULL, 455, 1983),
(1403, 3, 'Compaq Contura Aero', NULL, '<http://www.museo8bits.com/aero.htm>', '2018-09-13 11:39:22', NULL, 456, 1994),
(1404, 3, 'PORTABLE II', NULL, '<http://www.old-computers.com/museum/computer.asp?st=1&c=870>', '2018-09-13 11:39:22', NULL, 456, 1986),
(1405, 3, 'PORTABLE 386', NULL, '<http://www.old-computers.com/museum/computer.asp?st=1&c=1065>', '2018-09-13 11:39:22', NULL, 456, 1987),
(1406, 3, 'Portable III', NULL, '<http://www.old-computers.com/museum/computer.asp?st=1&c=1064>\r\n\r\n<http://oldcomputers.net/compaqiii.html>\r\n\r\nThe Compaq Portable III is a PC/AT-compatible computer released by Compaq Computer Corporation in 1987. It was advertised as being much smaller and lighter than the previous portable x86-PCs, however it was still quite large by today\'s standards. Its street price upon its release was 4999 USD for a model equipped with a 12 MHz Intel 80286, 640 KB RAM, 1.2 MB 5.25" floppy, 20 /40 /60 MB hard disk, and a 10" amber colored gas-plasma display or 5799 USD with the upgraded 40 MB hard disk. There was also an optional ISA Expansion chassis allowed for 2 full length 16-bit ISA add-in cards for 199 USD. Power is supplied using a mains electricity outlet, no battery exists.\r\n\r\n', '2018-09-13 11:39:22', NULL, 456, 1987),
(1407, 3, 'CPC-464', NULL, '<http://www.old-computers.com/museum/computer.asp?st=1&c=885>', '2018-09-13 11:39:22', NULL, 457, 1985),
(1408, 3, 'ABC 800 SERIES', NULL, '<http://www.old-computers.com/museum/computer.asp?st=1&c=357>', '2018-09-13 11:39:23', NULL, 458, 1981),
(1409, 3, 'ABC 80', NULL, '<http://www.old-computers.com/museum/computer.asp?st=1&c=37>', '2018-09-13 11:39:23', NULL, 458, 1978),
(1410, 3, 'OM 8064', NULL, '<http://www.old-computers.com/museum/computer.asp?st=1&c=179>', '2018-09-13 11:39:23', NULL, 459, 1982),
(1411, 3, 'MINICOMPUTER', NULL, '<http://www.old-computers.com/museum/computer.asp?st=1&c=741>', '2018-09-13 11:39:23', NULL, 460, 1974),
(1412, 3, '8080', NULL, '<http://www.old-computers.com/museum/computer.asp?st=1&c=389>', '2018-09-13 11:39:23', NULL, 461, 1976),
(1413, 3, 'VDP 80', NULL, '<http://www.old-computers.com/museum/computer.asp?st=1&c=343>', '2018-09-13 11:39:23', NULL, 461, 1977),
(1414, 3, '8048', NULL, '<http://www.old-computers.com/museum/computer.asp?st=1&c=564>', '2018-09-13 11:39:23', NULL, 461, 1977),
(1415, 3, 'PCS 80', NULL, '<http://www.old-computers.com/museum/computer.asp?st=1&c=342>', '2018-09-13 11:39:23', NULL, 461, 1977),
(1416, 3, 'DAI', NULL, '<http://www.old-computers.com/museum/computer.asp?st=1&c=470>', '2018-09-13 11:39:23', NULL, 462, 1979),
(1417, 3, 'Indata DAI', NULL, '<http://www.museo8bits.com/dai.htm>', '2018-09-13 11:39:23', NULL, 462, 1983),
(1418, 18, 'TV8 SPORTS', NULL, '<http://www.old-computers.com/museum/computer.asp?st=3&c=736>', '2018-09-13 11:39:23', NULL, 463, 1978),
(1419, 3, 'VIDEO GENIE 1 / EG-3003', NULL, '<http://www.old-computers.com/museum/computer.asp?st=1&c=419>', '2018-09-13 11:39:23', NULL, 464, 1980),
(1420, 3, 'COLOUR GENIE / EG-2000', NULL, '<http://www.old-computers.com/museum/computer.asp?st=1&c=128>', '2018-09-13 11:39:23', NULL, 464, 1982),
(1421, 3, 'VIDEO GENIE III / EG-3200', NULL, '<http://www.old-computers.com/museum/computer.asp?st=1&c=130>', '2018-09-13 11:39:23', NULL, 464, 1982),
(1422, 18, 'ASTROCADE', NULL, '<http://www.old-computers.com/museum/computer.asp?st=2&c=712>', '2018-09-13 11:39:23', NULL, 465, 1977),
(1423, 3, 'MICROTAN 65', NULL, '<http://www.old-computers.com/museum/computer.asp?st=1&c=166>', '2018-09-13 11:39:23', NULL, 469, 1979),
(1424, 3, 'PAXON PCK-50', NULL, '<http://www.old-computers.com/museum/computer.asp?st=1&c=422>', '2018-09-13 11:39:23', NULL, 470, 1985),
(1425, 3, 'YD-8110', NULL, '<http://www.old-computers.com/museum/computer.asp?st=1&c=620>', '2018-09-13 11:39:23', NULL, 471, 1982),
(1426, 3, 'SYMBOLICS 3600', NULL, '<http://www.old-computers.com/museum/computer.asp?st=1&c=230>', '2018-09-13 11:39:23', NULL, 472, 1983),
(1427, 3, 'RC759 PICCOLINE', NULL, '<http://www.old-computers.com/museum/computer.asp?st=1&c=1171>', '2018-09-13 11:39:23', NULL, 473, 1984),
(1428, 3, 'RC 700 PICCOLO', NULL, '<http://www.old-computers.com/museum/computer.asp?st=1&c=650>', '2018-09-13 11:39:23', NULL, 473, 1980),
(1429, 18, '7600', NULL, '<http://www.old-computers.com/museum/computer.asp?st=3&c=1290>', '2018-09-13 11:39:23', NULL, 474, 1977),
(1430, 3, 'PDS-1', NULL, '<http://www.old-computers.com/museum/computer.asp?st=1&c=1295>', '2018-09-13 11:39:23', NULL, 475, 1970),
(1431, 3, '150', NULL, '<http://www.old-computers.com/museum/computer.asp?st=1&c=963>', '2018-09-13 11:39:23', NULL, 476, 1982),
(1432, 3, 'ATHENA', NULL, '<http://www.old-computers.com/museum/computer.asp?st=1&c=78>', '2018-09-13 11:39:23', NULL, 477, 1983),
(1433, 3, 'SYSTEM 816', NULL, '<http://www.old-computers.com/museum/computer.asp?st=1&c=651>', '2018-09-13 11:39:23', NULL, 478, 1983),
(1434, 3, '190', NULL, '<http://www.old-computers.com/museum/computer.asp?st=1&c=789>', '2018-09-13 11:39:23', NULL, 479, 1989),
(1435, 3, 'DPS-1', NULL, '<http://www.old-computers.com/museum/computer.asp?st=1&c=574>', '2018-09-13 11:39:23', NULL, 480, 1979),
(1436, 3, 'PC 5000, 6000, 8000', NULL, '<http://www.old-computers.com/museum/computer.asp?st=1&c=1110>', '2018-09-13 11:39:23', NULL, 481, 1986),
(1437, 3, 'ACE 1000', NULL, '<http://www.old-computers.com/museum/computer.asp?st=1&c=56>', '2018-09-13 11:39:23', NULL, 481, 1982),
(1438, 3, 'ACE 1200', NULL, '<http://www.old-computers.com/museum/computer.asp?st=1&c=646>', '2018-09-13 11:39:23', NULL, 481, 1983),
(1439, 3, 'ACE 100', NULL, '<http://www.old-computers.com/museum/computer.asp?st=1&c=1070>', '2018-09-13 11:39:23', NULL, 481, 1981),
(1440, 3, 'ACE 500', NULL, '<http://www.old-computers.com/museum/computer.asp?st=1&c=793>', '2018-09-13 11:39:23', NULL, 481, 1983),
(1441, 3, 'CP1 / COMPUTER PRAXIS', NULL, '<http://www.old-computers.com/museum/computer.asp?st=1&c=494>', '2018-09-13 11:39:23', NULL, 482, 1980),
(1442, 18, 'ACTIVISION FAMILY GAME', NULL, '<http://www.old-computers.com/museum/computer.asp?st=2&c=1137>', '2018-09-13 12:47:01', NULL, 395, NULL),
(1443, 18, 'GETI-3220', NULL, '<http://www.old-computers.com/museum/computer.asp?st=3&c=1120>', '2018-09-13 12:47:01', NULL, 219, NULL),
(1444, 3, '1715', NULL, '<http://www.old-computers.com/museum/computer.asp?st=1&c=864>', '2018-09-13 12:47:01', NULL, 114, 1985),
(1445, 3, 'KC 85/1 - HC 9001', NULL, '<http://www.old-computers.com/museum/computer.asp?st=1&c=599>', '2018-09-13 12:47:01', NULL, 114, 1984),
(1446, 3, 'MBC-1150, MBC-1250', NULL, '', '2018-09-13 12:47:01', NULL, 314, NULL),
(1447, 3, 'DOLPHIN', NULL, '', '2018-09-13 12:47:01', NULL, 252, NULL),
(1448, 18, 'TELE-SPORTS IV', NULL, '<http://www.old-computers.com/museum/computer.asp?st=2&c=761>', '2018-09-13 12:47:01', NULL, 452, NULL),
(1449, 18, 'COLOUR TV GAME 4 PLUS 2 (MODEL N° 01 / 4850)', NULL, '<http://www.old-computers.com/museum/computer.asp?st=3&c=1032>', '2018-09-13 12:47:01', NULL, 356, NULL),
(1450, 18, 'COLOUR TV GAME MK 6 (MODEL N° 01 / 4761)', NULL, '<http://www.old-computers.com/museum/computer.asp?st=3&c=1115>', '2018-09-13 12:47:01', NULL, 356, NULL),
(1451, 3, 'PMI-80', NULL, '<http://www.old-computers.com/museum/computer.asp?st=1&c=1016>', '2018-09-13 12:47:01', NULL, 438, NULL),
(1452, 18, 'TELE-VIDEO-COMPUTER TVC 4000', NULL, '<http://www.old-computers.com/museum/computer.asp?st=2&c=1148>', '2018-09-13 12:47:01', NULL, 4, NULL),
(1453, 3, 'MAC 512', NULL, '', '2018-09-13 12:47:01', NULL, 445, NULL),
(1454, 3, 'FS A1 WX / WSX', NULL, '<http://www.old-computers.com/museum/computer.asp?st=1&c=621>', '2018-09-13 12:47:01', NULL, 303, NULL),
(1457, 3, 'PX-4 / HC-40', '', '<http://www.old-computers.com/museum/computer.asp?st=1&c=370>\r\n\r\n<http://www.old-computers.com/museum/computer.asp?st=1&c=370>', '2018-09-13 12:47:01', NULL, 73, 1984),
(1458, 3, 'if 386 AX 21L(if NOTE)', NULL, '', '2018-09-13 12:47:01', NULL, 261, NULL),
(1459, 3, 'if800 model 60', NULL, '', '2018-09-13 12:47:01', NULL, 261, NULL),
(1460, 3, 'if800 RX 120F', NULL, '', '2018-09-13 12:47:01', NULL, 261, NULL),
(1461, 3, 'if 386 AX 51L', NULL, '', '2018-09-13 12:47:01', NULL, 261, NULL),
(1462, 3, 'if800 model 50', NULL, '', '2018-09-13 12:47:01', NULL, 261, NULL),
(1463, 3, 'if COM 7H (GA701H)', NULL, '', '2018-09-13 12:47:01', NULL, 261, NULL),
(1464, 3, 'if 386 AX 45L(if NOTE)', NULL, '', '2018-09-13 12:47:01', NULL, 261, NULL),
(1465, 3, 'Talent TPC-310 MSX2', NULL, '<http://www.museo8bits.com/talent_tpc310.htm>', '2018-09-13 12:47:01', NULL, 132, NULL),
(1466, 3, '2', NULL, '', '2018-09-13 12:47:01', NULL, 127, NULL),
(1467, 3, 'M4000', NULL, '<http://www.old-computers.com/museum/computer.asp?st=1&c=1258>', '2018-09-13 12:47:01', NULL, 363, NULL),
(1468, 3, 'ALPHATRONIC', NULL, '', '2018-09-13 12:47:01', NULL, 110, NULL),
(1469, 3, 'TA-1600', NULL, '<http://www.old-computers.com/museum/computer.asp?st=1&c=1304>', '2018-09-13 12:47:01', NULL, 110, NULL),
(1470, 3, 'ALPHATRONIC MODELL-P3 / P4', NULL, '', '2018-09-13 12:47:01', NULL, 110, NULL),
(1471, 18, 'TV GAME 2000K', NULL, '<http://www.old-computers.com/museum/computer.asp?st=3&c=676>', '2018-09-13 12:47:01', NULL, 339, NULL),
(1472, 3, '64 G', NULL, '', '2018-09-13 12:47:01', NULL, 339, NULL),
(1473, 3, '64 ALDI', NULL, '', '2018-09-13 12:47:01', NULL, 339, NULL),
(1474, 18, 'XK 410C', NULL, '<http://www.old-computers.com/museum/computer.asp?st=3&c=1165>', '2018-09-13 12:47:01', NULL, 228, NULL),
(1475, 18, 'TV MULTI-SPIEL (HANDHELD)', NULL, '<http://www.old-computers.com/museum/computer.asp?st=3&c=1104>', '2018-09-13 12:47:01', NULL, 164, NULL),
(1476, 18, 'MULTISPIEL 2006', NULL, '<http://www.old-computers.com/museum/computer.asp?st=3&c=1299>', '2018-09-13 12:47:01', NULL, 164, NULL);
INSERT INTO `catalog` (`id`, `type_id`, `title`, `title_eng`, `description`, `created`, `owner_id`, `company_id`, `year`) VALUES
(1477, 18, '9015', NULL, '<http://www.old-computers.com/museum/computer.asp?st=2&c=725>', '2018-09-13 12:47:01', NULL, 218, NULL),
(1478, 3, 'FC-200', NULL, '', '2018-09-13 12:47:01', NULL, 33, NULL),
(1479, 3, 'PC 8801 FA', NULL, '<http://www.old-computers.com/museum/computer.asp?st=1&c=399>', '2018-09-13 12:47:01', NULL, 383, NULL),
(1480, 18, 'COLOURSTARS', NULL, '<http://www.old-computers.com/museum/computer.asp?st=2&c=1199>', '2018-09-13 12:47:01', NULL, 163, NULL),
(1481, 3, 'Canon V-30 MSX2', NULL, '<http://www.museo8bits.com/canon_v30.htm>', '2018-09-13 12:47:01', NULL, 353, NULL),
(1482, 3, 'CX-1', NULL, '', '2018-09-13 12:47:01', NULL, 353, NULL),
(1483, 3, 'Olivetti ETV 260', NULL, '', '2018-09-13 12:47:01', NULL, 380, NULL),
(1484, 3, 'Olivetti PCS 86', NULL, '', '2018-09-13 12:47:02', NULL, 380, NULL),
(1485, 3, 'Olivetti Editor S-14', NULL, '', '2018-09-13 12:47:02', NULL, 380, NULL),
(1486, 3, 'Olivetti M 21', NULL, '', '2018-09-13 12:47:02', NULL, 380, NULL),
(1487, 3, 'Olivetti M24', NULL, '', '2018-09-13 12:47:02', NULL, 380, NULL),
(1488, 3, 'Olivetti Davinci', NULL, '', '2018-09-13 12:47:02', NULL, 380, NULL),
(1489, 3, 'Olivetti Envison', NULL, '', '2018-09-13 12:47:02', NULL, 380, NULL),
(1490, 3, 'P6040', NULL, '<http://www.old-computers.com/museum/computer.asp?st=1&c=836>', '2018-09-13 12:47:02', NULL, 380, NULL),
(1491, 3, 'Olivetti Prodest PC128', NULL, '', '2018-09-13 12:47:02', NULL, 380, NULL),
(1492, 3, 'Olivetti PCS 286', NULL, '', '2018-09-13 12:47:02', NULL, 380, NULL),
(1493, 3, 'Olivetti M240', NULL, '', '2018-09-13 12:47:02', NULL, 380, NULL),
(1494, 3, 'Olivetti M19', NULL, '', '2018-09-13 12:47:02', NULL, 380, NULL),
(1495, 3, 'Olivetti M 15 laptop', NULL, '', '2018-09-13 12:47:02', NULL, 380, NULL),
(1496, 3, 'Olivetti Prodest PC128s', NULL, '', '2018-09-13 12:47:02', NULL, 380, NULL),
(1497, 3, 'Olivetti Programma 101', NULL, '', '2018-09-13 12:47:02', NULL, 380, NULL),
(1498, 3, 'Olivetti ECHOS', NULL, '', '2018-09-13 12:47:02', NULL, 380, NULL),
(1499, 3, 'ETS 1010', NULL, '<http://www.old-computers.com/museum/computer.asp?st=1&c=491>', '2018-09-13 12:47:02', NULL, 380, NULL),
(1500, 3, 'Olivetti M 20', NULL, '', '2018-09-13 12:47:02', NULL, 380, NULL),
(1501, 3, 'Olivetti P 6060', NULL, '', '2018-09-13 12:47:02', NULL, 380, NULL),
(1502, 3, 'Olivetti Philos', NULL, '', '2018-09-13 12:47:02', NULL, 380, NULL),
(1503, 3, 'MODEL 006A', NULL, '', '2018-09-13 12:47:02', NULL, 380, NULL),
(1504, 3, 'TK3000', NULL, '', '2018-09-13 12:47:02', NULL, 1, NULL),
(1505, 3, 'TK-90', NULL, '', '2018-09-13 12:47:02', NULL, 1, NULL),
(1506, 3, 'BR-1000', NULL, '', '2018-09-13 12:47:02', NULL, 113, NULL),
(1507, 18, 'SIXPLAY', NULL, '<http://www.old-computers.com/museum/computer.asp?st=3&c=918>', '2018-09-13 12:47:02', NULL, 467, NULL),
(1508, 3, 'M2000', NULL, '', '2018-09-13 12:47:02', NULL, 17, NULL),
(1509, 18, 'UNIVERSAL GAME COMPUTER', NULL, '<http://www.old-computers.com/museum/computer.asp?st=2&c=1166>', '2018-09-13 12:47:02', NULL, 60, NULL),
(1510, 3, 'ORAO', NULL, '', '2018-09-13 12:47:02', NULL, 67, NULL),
(1511, 3, 'GALEB', NULL, '', '2018-09-13 12:47:02', NULL, 67, NULL),
(1512, 3, 'TV-BOY', NULL, '', '2018-09-13 12:47:02', NULL, 297, NULL),
(1513, 3, 'SMP-5', NULL, '', '2018-09-13 12:47:02', NULL, 342, NULL),
(1514, 3, 'SMP-8', NULL, '', '2018-09-13 12:47:02', NULL, 342, NULL),
(1515, 3, 'Neo Geo', NULL, '', '2018-09-13 12:47:02', NULL, 9, NULL),
(1516, 3, 'Neo Geo CD', NULL, '', '2018-09-13 12:47:02', NULL, 9, NULL),
(1517, 18, 'VIDEO-COMPUTER-GAME', NULL, '<http://www.old-computers.com/museum/computer.asp?st=2&c=1223>', '2018-09-13 12:47:02', NULL, 85, NULL),
(1518, 18, 'TELE-PLAY SR', NULL, '<http://www.old-computers.com/museum/computer.asp?st=3&c=735>', '2018-09-13 12:47:02', NULL, 85, NULL),
(1519, 3, 'Thomson TO 8 D', NULL, '', '2018-09-13 12:47:02', NULL, 282, NULL),
(1520, 3, 'Thomson TO 9', NULL, '', '2018-09-13 12:47:02', NULL, 282, NULL),
(1521, 3, 'Thomson TO 8', NULL, '', '2018-09-13 12:47:02', NULL, 282, NULL),
(1522, 3, 'Thomson TO 9 +', NULL, '', '2018-09-13 12:47:02', NULL, 282, NULL),
(1523, 3, 'Thomson MO 6', NULL, '', '2018-09-13 12:47:02', NULL, 282, NULL),
(1524, 3, 'Thomson TO 16', NULL, '', '2018-09-13 12:47:02', NULL, 282, NULL),
(1525, 3, 'Thomson TO 7 70', NULL, '<http://www.museo8bits.com/to770.htm>', '2018-09-13 12:47:02', NULL, 282, 1984),
(1526, 3, '809', NULL, '', '2018-09-13 12:47:02', NULL, 221, NULL),
(1527, 3, 'BC-12', NULL, '<http://www.old-computers.com/museum/computer.asp?st=1&c=1046>', '2018-09-13 12:47:02', NULL, 259, NULL),
(1528, 18, 'PG 7 (PROGRAMMABLE TV GAMES)', NULL, '<http://www.old-computers.com/museum/computer.asp?st=2&c=1128>', '2018-09-13 12:47:02', NULL, 466, NULL),
(1529, 3, 'FM 77 LEVEL 2', NULL, '<http://www.old-computers.com/museum/computer.asp?st=1&c=376>', '2018-09-13 12:47:02', NULL, 313, NULL),
(1530, 3, 'FM 77 AV SX', NULL, '<http://www.old-computers.com/museum/computer.asp?st=1&c=375>', '2018-09-13 12:47:02', NULL, 313, NULL),
(1531, 3, 'FM 77 LEVEL 4', NULL, '<http://www.old-computers.com/museum/computer.asp?st=1&c=327>', '2018-09-13 12:47:02', NULL, 313, NULL),
(1532, 3, 'KC 87', NULL, '', '2018-09-13 12:47:02', NULL, 331, NULL),
(1533, 18, 'VIDEO SECAM SYSTEM (4/303)', NULL, '<http://www.old-computers.com/museum/computer.asp?st=2&c=984>', '2018-09-13 12:47:02', NULL, 331, NULL),
(1535, 3, 'HX-20', NULL, '', '2018-09-13 12:47:02', NULL, 43, NULL),
(1536, 3, 'MPF 3', NULL, '', '2018-09-13 12:47:02', NULL, 119, NULL),
(1537, 3, 'MPF 2', NULL, '', '2018-09-13 12:47:02', NULL, 119, NULL),
(1538, 3, 'MPF-1B', NULL, '', '2018-09-13 12:47:02', NULL, 119, NULL),
(1539, 3, 'MICROKIT 09', NULL, '<http://www.old-computers.com/museum/computer.asp?st=1&c=1133>', '2018-09-13 12:47:02', NULL, 119, NULL),
(1540, 3, 'ODYSSEY²', NULL, '', '2018-09-13 12:47:02', NULL, 368, NULL),
(1541, 3, 'PROF80', NULL, '', '2018-09-13 12:47:02', NULL, 362, NULL),
(1542, 3, 'Nintendo Gameboy Advance', NULL, '<http://www.museo8bits.com/gba.htm>', '2018-09-13 12:47:02', NULL, 187, 2001),
(1543, 3, 'Clonicas NES ( Famiclones )', NULL, '', '2018-09-13 12:47:02', NULL, 187, NULL),
(1544, 3, 'Nintendo Gameboy Advance SP', NULL, '<http://www.museo8bits.com/gbasp.htm>', '2018-09-13 12:47:02', NULL, 187, 2003),
(1545, 3, '8000 HOLTER SYSTEM', NULL, '<http://www.old-computers.com/museum/computer.asp?st=1&c=458>', '2018-09-13 12:47:02', NULL, 101, NULL),
(1546, 18, '6', NULL, '<http://www.old-computers.com/museum/computer.asp?st=3&c=658>', '2018-09-13 12:47:02', NULL, 31, NULL),
(1547, 3, 'Pioneer LaserActive', NULL, '<http://www.museo8bits.com/laseractive.htm>', '2018-09-13 12:47:02', NULL, 206, NULL),
(1548, 3, 'M343', NULL, '<http://www.old-computers.com/museum/computer.asp?st=1&c=220>', '2018-09-13 12:47:02', NULL, 15, NULL),
(1549, 18, 'SPECTRUM 6', NULL, '<http://www.old-computers.com/museum/computer.asp?st=3&c=677>', '2018-09-13 12:47:02', NULL, 448, NULL),
(1550, 3, 'KC 87', NULL, '', '2018-09-13 12:47:02', NULL, 160, NULL),
(1551, 3, 'ACE 2000', NULL, '<http://www.old-computers.com/museum/computer.asp?st=1&c=769>', '2018-09-13 12:47:02', NULL, 481, NULL),
(1552, 18, 'TJ-141', NULL, '<http://www.old-computers.com/museum/computer.asp?st=3&c=865>', '2018-09-13 12:47:03', NULL, 125, NULL),
(1553, 3, 'PCW 8256 / 8512', NULL, '<http://www.old-computers.com/museum/computer.asp?st=1&c=189>', '2018-09-13 12:47:03', NULL, 354, NULL),
(1554, 3, 'Amstrad Notepad NC200', NULL, '', '2018-09-13 12:47:03', NULL, 354, NULL),
(1555, 3, 'CPC 664', NULL, '<http://www.old-computers.com/museum/computer.asp?st=1&c=112>', '2018-09-13 12:47:03', NULL, 354, NULL),
(1556, 3, 'CPC 6128', NULL, '<http://www.old-computers.com/museum/computer.asp?st=1&c=111>', '2018-09-13 12:47:03', NULL, 354, NULL),
(1557, 3, 'Amstrad PcW 10', NULL, '<http://www.museo8bits.com/pcw10.htm>', '2018-09-13 12:47:03', NULL, 354, 1993),
(1558, 3, 'Orb', NULL, '', '2018-09-13 12:47:03', NULL, 93, NULL),
(1559, 3, 'HP-75C / 75D', NULL, '<http://www.old-computers.com/museum/computer.asp?st=1&c=640>', '2018-09-13 12:47:03', NULL, 343, NULL),
(1560, 3, 'CPC-464', NULL, '', '2018-09-13 12:47:03', NULL, NULL, NULL),
(1561, 18, '406-6 (COLOR TV SPORTS VIDEO GAME)', NULL, '<http://www.old-computers.com/museum/computer.asp?st=3&c=1202>', '2018-09-13 12:47:03', NULL, 197, NULL),
(1562, 3, 'C64 EDC', NULL, '<http://www.old-computers.com/museum/computer.asp?st=1&c=1086>', '2018-09-13 12:47:03', NULL, 183, NULL),
(1563, 3, 'ACC 8000', NULL, '', '2018-09-13 12:47:03', NULL, 385, NULL),
(1564, 18, 'TELEBALL-CASSETTEN-GAME', NULL, '<http://www.old-computers.com/museum/computer.asp?st=2&c=748>', '2018-09-13 12:47:03', NULL, 155, NULL),
(1565, 3, 'TELEBALL-CASSETTE 1', NULL, '', '2018-09-13 12:47:03', NULL, 155, NULL),
(1566, 3, 'LASER 50 / ONE', NULL, '', '2018-09-13 12:47:03', NULL, 7, NULL),
(1567, 3, 'LASER 210', NULL, '', '2018-09-13 12:47:03', NULL, 7, NULL),
(1568, 3, 'LASER 100/110', NULL, '', '2018-09-13 12:47:03', NULL, 7, NULL),
(1569, 3, 'LASER 350 / 500 / 700 / 750', NULL, '', '2018-09-13 12:47:03', NULL, 7, NULL),
(1570, 3, 'LASER 3000', NULL, '', '2018-09-13 12:47:03', NULL, 7, NULL),
(1571, 3, 'LASER 310', NULL, '', '2018-09-13 12:47:03', NULL, 7, NULL),
(1572, 3, '128EX2', NULL, '', '2018-09-13 12:47:03', NULL, 7, NULL),
(1573, 3, 'MODEL 782 APL', NULL, '', '2018-09-13 12:47:03', NULL, 12, NULL),
(1574, 18, 'TELESPORT', NULL, '<http://www.old-computers.com/museum/computer.asp?st=3&c=770>', '2018-09-13 12:47:03', NULL, 112, NULL),
(1575, 3, 'Bit Amigo', NULL, '<http://www.museo8bits.com/bit_amigo.htm>', '2018-09-13 12:47:03', NULL, 83, NULL),
(1576, 3, 'HEADSTART', NULL, '<http://www.old-computers.com/museum/computer.asp?st=1&c=349>', '2018-09-13 12:47:03', NULL, 186, NULL),
(1577, 3, 'TUSCAN', NULL, '', '2018-09-13 12:47:03', NULL, 403, NULL),
(1578, 3, 'PC-1260 / 1261 / 1262', NULL, '', '2018-09-13 12:47:03', NULL, 168, NULL),
(1579, 3, 'PC 1500 / PC 1500A', NULL, '', '2018-09-13 12:47:03', NULL, 168, NULL),
(1580, 18, 'JN-838', NULL, '<http://www.old-computers.com/museum/computer.asp?st=2&c=724>', '2018-09-13 12:47:03', NULL, 103, NULL),
(1581, 18, 'V.G. 2', NULL, '<http://www.old-computers.com/museum/computer.asp?st=3&c=1198>', '2018-09-13 12:47:03', NULL, 436, NULL),
(1582, 3, 'MICROCOMPUTER TRAINER', NULL, '<http://www.old-computers.com/museum/computer.asp?st=1&c=1053>', '2018-09-13 12:47:03', NULL, 396, NULL),
(1583, 18, 'TELESPIEL 9010', NULL, '<http://www.old-computers.com/museum/computer.asp?st=3&c=932>', '2018-09-13 12:47:03', NULL, 14, NULL),
(1584, 3, 'VG 8010', NULL, '', '2018-09-13 12:47:03', NULL, 450, NULL),
(1585, 3, '5000', NULL, '', '2018-09-13 12:47:03', NULL, 276, NULL),
(1586, 3, 'CZ-1000 PLUS', NULL, '<http://www.old-computers.com/museum/computer.asp?st=1&c=928>', '2018-09-13 12:47:03', NULL, 294, NULL),
(1587, 3, 'GOUPIL 3', NULL, '', '2018-09-13 12:47:03', NULL, 416, NULL),
(1588, 3, 'GOUPIL G4', NULL, '', '2018-09-13 12:47:03', NULL, 416, NULL),
(1589, 3, 'GOUPIL 2', NULL, '', '2018-09-13 12:47:03', NULL, 416, NULL),
(1590, 18, 'TELESPORT', NULL, '<http://www.old-computers.com/museum/computer.asp?st=2&c=786>', '2018-09-13 12:47:03', NULL, 37, NULL),
(1591, 3, '9100', NULL, '<http://www.old-computers.com/museum/computer.asp?st=1&c=893>', '2018-09-13 12:47:03', NULL, 366, NULL),
(1592, 3, 'IMKO-1', NULL, '', '2018-09-13 12:47:03', NULL, 96, NULL),
(1593, 3, 'TTX-90', NULL, '', '2018-09-13 12:47:03', NULL, 307, NULL),
(1594, 3, 'L\'ATTACHÉ', NULL, '<http://www.old-computers.com/museum/computer.asp?st=1&c=751>', '2018-09-13 12:47:03', NULL, 307, NULL),
(1595, 3, 'Apple Powermac 6100', NULL, '<http://www.museo8bits.com/powermac6100.htm>', '2018-09-13 12:47:03', NULL, 156, 1994),
(1596, 3, 'Apple Macintosh LC II', NULL, '<http://www.museo8bits.com/mac_lc2.htm>', '2018-09-13 12:47:03', NULL, 156, 1992),
(1597, 3, 'SUN Sparc-Station IPX 4/50', NULL, '<http://www.museo8bits.com/sun_ipx.htm>', '2018-09-13 12:47:03', NULL, 320, NULL),
(1598, 3, '88A', NULL, '<http://www.old-computers.com/museum/computer.asp?st=1&c=1187>', '2018-09-13 12:47:03', NULL, 386, NULL),
(1599, 18, '9016 TELESPIEL COMPUTER', NULL, '<http://www.old-computers.com/museum/computer.asp?st=2&c=1163>', '2018-09-13 12:47:03', NULL, 20, NULL),
(1600, 3, 'SQUALE', NULL, '<http://www.old-computers.com/museum/computer.asp?st=1&c=224>', '2018-09-13 12:47:03', NULL, 209, NULL),
(1601, 18, 'SPORTSMAN 2001', NULL, '<http://www.old-computers.com/museum/computer.asp?st=3&c=689>', '2018-09-13 12:47:03', NULL, 458, NULL),
(1602, 3, 'APRICOT XI', NULL, '', '2018-09-13 12:47:03', NULL, 408, NULL),
(1603, 3, 'APRICOT F2 / F10', NULL, '', '2018-09-13 12:47:03', NULL, 408, NULL),
(1604, 3, 'QI-300', NULL, '', '2018-09-13 12:47:03', NULL, 408, NULL),
(1605, 3, 'ACT-800', NULL, '', '2018-09-13 12:47:03', NULL, 408, NULL),
(1606, 3, 'APRICOT PC', NULL, '', '2018-09-13 12:47:03', NULL, 408, NULL),
(1607, 3, 'APRICOT XEN', NULL, '', '2018-09-13 12:47:03', NULL, 408, NULL),
(1608, 3, 'APRICOT PORTABLE', NULL, '', '2018-09-13 12:47:03', NULL, 408, NULL),
(1609, 3, 'APRICOT F1', NULL, '', '2018-09-13 12:47:03', NULL, 408, NULL),
(1610, 3, 'Mega Drive 3', NULL, '<http://www.museo8bits.com/megadrive3.htm>', '2018-09-13 12:47:03', NULL, 82, NULL),
(1611, 3, 'Sega Saturn', NULL, '<http://www.museo8bits.com/saturn.htm>', '2018-09-13 12:47:03', NULL, 82, NULL),
(1612, 3, 'Series 5mx', NULL, '', '2018-09-13 12:47:03', NULL, 123, NULL),
(1613, 3, 'Organizer', NULL, '', '2018-09-13 12:47:03', NULL, 123, NULL),
(1614, 3, 'Series 7', NULL, '', '2018-09-13 12:47:03', NULL, 123, NULL),
(1615, 3, 'Series 3c', NULL, '', '2018-09-13 12:47:03', NULL, 123, NULL),
(1616, 3, 'MC 200', NULL, '', '2018-09-13 12:47:03', NULL, 123, NULL),
(1617, 3, 'Series 5', NULL, '', '2018-09-13 12:47:03', NULL, 123, NULL),
(1618, 3, 'Workabout', NULL, '', '2018-09-13 12:47:03', NULL, 123, NULL),
(1619, 3, 'Revo', NULL, '', '2018-09-13 12:47:03', NULL, 123, NULL),
(1620, 3, 'Series 3mx', NULL, '', '2018-09-13 12:47:03', NULL, 123, NULL),
(1621, 3, 'Series 3a', NULL, '', '2018-09-13 12:47:03', NULL, 123, NULL),
(1622, 3, 'MC 600', NULL, '', '2018-09-13 12:47:03', NULL, 123, NULL),
(1623, 3, 'Organizer II', NULL, '', '2018-09-13 12:47:03', NULL, 123, NULL),
(1624, 3, 'Siena', NULL, '', '2018-09-13 12:47:03', NULL, 123, NULL),
(1625, 3, 'MC 400', NULL, '', '2018-09-13 12:47:03', NULL, 123, NULL),
(1626, 3, 'Archimedes A3000', NULL, '', '2018-09-13 12:47:03', NULL, 129, NULL),
(1627, 3, 'ABC 210 / CAMBRIDGE WORKSTATION', NULL, '', '2018-09-13 12:47:03', NULL, 129, NULL),
(1628, 3, 'Archimedes A7000', NULL, '', '2018-09-13 12:47:03', NULL, 129, NULL),
(1629, 3, 'ABC 110', NULL, '', '2018-09-13 12:47:03', NULL, 129, NULL),
(1630, 3, 'Archimedes', NULL, '', '2018-09-13 12:47:03', NULL, 129, NULL),
(1631, 3, 'Acorn BBC Model A', NULL, '', '2018-09-13 12:47:03', NULL, 129, NULL),
(1632, 3, 'ABC 310', NULL, '', '2018-09-13 12:47:03', NULL, 129, NULL),
(1633, 3, 'Archimedes A3020', NULL, '', '2018-09-13 12:47:03', NULL, 129, NULL),
(1634, 3, 'Archimedes A5000', NULL, '', '2018-09-13 12:47:03', NULL, 129, NULL),
(1635, 3, 'Acorn BBC Model B+', NULL, '', '2018-09-13 12:47:03', NULL, 129, NULL),
(1636, 3, 'Acorn BBC Master Turbo', NULL, '', '2018-09-13 12:47:03', NULL, 129, NULL),
(1637, 3, 'Acorn BBC Master 512', NULL, '', '2018-09-13 12:47:03', NULL, 129, NULL),
(1638, 3, 'Archimedes A4000', NULL, '', '2018-09-13 12:47:04', NULL, 129, NULL),
(1639, 3, 'Acorn BBC Model B', NULL, '', '2018-09-13 12:47:04', NULL, 129, NULL),
(1640, 3, 'Archimedes A3010', NULL, '', '2018-09-13 12:47:04', NULL, 129, NULL),
(1641, 3, 'Acorn Proton', NULL, '', '2018-09-13 12:47:04', NULL, 129, NULL),
(1642, 3, 'Acorn BBC Master', NULL, '', '2018-09-13 12:47:04', NULL, 129, NULL),
(1643, 3, 'Risc PC', NULL, '', '2018-09-13 12:47:04', NULL, 129, NULL),
(1644, 3, 'A4', NULL, '', '2018-09-13 12:47:04', NULL, 129, NULL),
(1645, 3, 'Acorn BBC Compact', NULL, '', '2018-09-13 12:47:04', NULL, 129, NULL),
(1646, 3, 'FOX-640', NULL, '<http://www.old-computers.com/museum/computer.asp?st=1&c=457>', '2018-09-13 12:47:04', NULL, 468, NULL),
(1647, 18, '9015', NULL, '<http://www.old-computers.com/museum/computer.asp?st=2&c=743>', '2018-09-13 12:47:04', NULL, 102, NULL),
(1648, 3, 'IBM Palm Top PC 110', NULL, '<http://www.museo8bits.com/ibm_pc110.htm>', '2018-09-13 12:47:04', NULL, 48, NULL),
(1649, 3, 'S1', NULL, '<http://www.old-computers.com/museum/computer.asp?st=1&c=341>', '2018-09-13 12:47:04', NULL, 58, NULL),
(1650, 3, 'MERITUM', NULL, '<http://www.old-computers.com/museum/computer.asp?st=1&c=497>', '2018-09-13 12:47:04', NULL, 145, NULL),
(1651, 3, 'TELE-GAMES PINBALL BREAKAWAY (MODEL 99704)', NULL, '', '2018-09-13 12:47:04', NULL, 207, NULL),
(1652, 3, 'DY 80', NULL, '', '2018-09-13 12:47:04', NULL, 180, NULL),
(1653, 18, 'H-21 VIDEO COMPUTER', NULL, '<http://www.old-computers.com/museum/computer.asp?st=2&c=723>', '2018-09-13 12:47:04', NULL, 351, NULL),
(1654, 3, 'INES', NULL, '<http://www.old-computers.com/museum/computer.asp?st=1&c=964>', '2018-09-13 12:47:04', NULL, 176, NULL),
(1655, 3, 'AQUARIUS 2', NULL, '', '2018-09-13 12:47:04', NULL, 447, NULL),
(1656, 3, 'BLACK POINT (MODEL FS-1003)', NULL, '', '2018-09-13 12:47:04', NULL, 65, NULL),
(1657, 3, 'LNW 80 II', NULL, '<http://www.museo8bits.com/lnw80_2.htm>', '2018-09-13 12:47:04', NULL, 426, 1983),
(1658, 3, 'LNW80', NULL, '<http://www.museo8bits.com/lnw80.htm>', '2018-09-13 12:47:04', NULL, 426, NULL),
(1659, 3, 'LNW 80 Team', NULL, '<http://www.museo8bits.com/lnw80_team.htm>', '2018-09-13 12:47:04', NULL, 426, 1983),
(1660, 18, 'SPORTSTRON TV-GAME (COCA-COLA EDITION)', NULL, '<http://www.old-computers.com/museum/computer.asp?st=3&c=744>', '2018-09-13 12:47:04', NULL, 199, NULL),
(1661, 3, '7100', NULL, '<http://www.old-computers.com/museum/computer.asp?st=1&c=1301>', '2018-09-13 12:47:04', NULL, 215, NULL),
(1662, 3, 'C2', NULL, '<http://www.old-computers.com/museum/computer.asp?st=1&c=839>', '2018-09-13 12:47:04', NULL, 42, NULL),
(1663, 3, 'NE Z80', NULL, '', '2018-09-17 17:29:25', NULL, 483, 1981),
(1664, 3, 'Нафаня', 'Nafanya', 'Нафаня — российский клон ZX Spectrum 48K. Выпускался НПО "Аксон" (Москва). Построен на основе специального БМК, на принципиальной схеме имеющего обозначение СК1, а на самой микросхеме — логотип "Аксон" и обозначение СКС. Схема содержит 17 микросхем.\r\n\r\nВ ноябре 1992 года НПО "Аксон" являлось спонсором "Приза номера" журнала "Юный техник", в качестве приза выступал компьютер "Нафаня". На фотографии в журнале он изображён вместе с фигуркой одноимённого персонажа мультфильма "Приключения домовёнка Кузи", монитором МС6105, блоком питания БСП-5. В тот же период компьютер являлся призом в телепередаче "Звёздный час". Инструкция известного экземпляра 06452 датирована 1993 годом.\r\n\r\nЕсть упоминания о версиях со стандартной прошивкой Sinclair BASIC и с модифицированной, отображающий при включении компьютера графический логотип.\r\n\r\nСуществует одноимённой компьютер, вариант Радио-86РК, выпускавшийся объёдинением ЛОМО. Он имеет другой корпус с плёночной клавиатурой.\r\n\r\nПрототип "Нафани" выпускался в металлическом корпусе и имел процессор Z80 в планарном 48-пиновом корпусе.\r\n\r\nОсобенность "Нафани" - дипломат в комплекте, фактически - бесплатный, если учитывать, что другие клоны стоили дороже, а дипломатами не комплектовались. Также к компьютеру прилагались модулятор и джойстик, тогда как для чуть более дорогого "Мастера" и то и другое требовалось покупать отдельно.\r\n', '2018-09-21 17:13:29', NULL, 484, 1992),
(1665, 3, 'МК-88', 'MK-88', 'МК-88 — советский бытовой персональный компьютер, совместимый с IBM PC/XT, а также ЕС ПЭВМ. Разработан в конце 1980-х коллективами Института кибернетики им. В. М. Глушкова АН УССР и Минского ПО ВТ. На первом Всесоюзном конкурсе на создание перспективных моделей бытовых персональных ЭВМ, организованном ГКВТИ СССР и проводившемся в 1989 году, занял первое место и был рекомендован к серийному производству. Производство было начато в начале 1990-х Минским ПО ВТ. В 1991 году цена компьютера составляла около 4000 рублей.\r\n\r\nКомпьютеры МК-88 выпускались в нескольких исполнениях, отличающихся объёмом ОЗУ (128, 256 и 640 Кбайт), наличием в комплекте дисковода, адаптера локальной сети и монитора. Компьютер имел моноблочную конструкцию (клавиатура и системная плата в одном корпусе), с внешними блоком питания и дисководом. В качестве устройства хранения данных мог быть использован бытовой магнитофон. Были предусмотрены подключение принтера, джойстика и дополнительных внешних устройств через разъём системной шины. Для расширения памяти первых выпусков МК-88 позже был разработан модуль ОЗУ объёмом 512 Кбайт.', '2018-09-21 17:25:59', NULL, 485, 1990),
(1666, 4, '130XE', NULL, '', '2018-09-27 07:37:21', NULL, 75, NULL),
(1667, 15, 'TV modulator', NULL, '', '2018-09-27 07:37:21', NULL, 75, NULL),
(1668, 15, 'Power adapter', NULL, '', '2018-09-27 07:37:21', NULL, 75, NULL),
(1669, 8, 'Owner\'s manual', NULL, '', '2018-09-27 07:37:21', NULL, 75, NULL),
(1670, 13, 'Box', NULL, '', '2018-09-27 07:37:21', NULL, 75, NULL),
(1671, 19, 'Atari VCS', NULL, '', '2018-09-28 11:47:59', NULL, NULL, NULL),
(1672, 4, 'VCS CX2600 (Light Sixer)', NULL, '', '2018-09-28 12:06:12', NULL, 75, 1978),
(1673, 13, 'Box', NULL, '', '2018-09-28 12:06:12', NULL, 75, NULL),
(1674, 6, 'CX40 joystick', NULL, '', '2018-09-28 12:06:12', NULL, 75, NULL),
(1675, 15, 'Power adapter', NULL, '', '2018-09-28 12:06:12', NULL, 75, NULL),
(1676, 6, 'CX40 joystick', NULL, '', '2018-09-28 12:06:12', NULL, 75, NULL),
(1677, 18, 'VCS CX2600 (Sunnyvale Edition - Heavy Sixer)', NULL, '<http://www.museo8bits.com/2600.htm>\r\n\r\n<http://www.old-computers.com/museum/computer.asp?st=2&c=878>\r\n\r\nIn the first year of production (1977), Atari manufactured the CX2600 with heavy aluminum radio-frequency shielding as well as ​1⁄2-inch-thick (12 mm) plastic bottom half. These early units are differentiated from subsequent units by their thick plastic molding on the sides of the case, the curved molding on the front of the unit, as well as their heavier weight. Due to their heavier weight, these early consoles are sometimes referred to as "Heavy Sixers". The majority of the Heavy Sixer consoles were manufactured in Sunnyvale, California, after which Atari moved most console manufacturing overseas. Originally these consoles came with a grey power supply and spring-loaded joysticks, which differed slightly from the later models. Due to the generally higher quality parts and components that are used in these early models, collectors and enthusiasts claim that the Heavy Sixers have superior color to the subsequent 4 switch and Light Sixer models. The Heavy Sixers are considered rare given their limited production run before the Light Sixer models made their debut.\r\n', '2018-09-28 12:11:39', NULL, 75, 1977),
(1678, 21, 'fx-991EX', NULL, '', '2018-09-28 18:05:29', NULL, 310, 2015),
(1679, 20, 'Casio V.P.A.M.', NULL, '', '2018-09-28 18:08:19', NULL, NULL, NULL),
(1680, 4, 'fx-991EX', NULL, '', '2018-09-28 18:09:51', NULL, 310, NULL),
(1681, 13, 'Protection lid', NULL, '', '2018-09-28 18:09:51', NULL, 310, NULL),
(1682, 8, 'Casio fx-570EX fx-991EX User\'s Guide', NULL, '', '2018-09-28 18:09:51', NULL, 310, NULL),
(1683, 3, 'PS/1 486SX-25 (model 2133)', NULL, '', '2018-10-10 14:09:20', NULL, 48, 1992),
(1684, 3, 'PS/2 Model 30 286', NULL, 'The Model 30 had either an 8086 or 286 CPU and sported the full 101-key keyboard and standalone monitor along with three 8-bit ISA expansion slots. 8086 models had 720 KB floppies while 286 models had 1440 KB ones. Both the Model 25 and 30 could have an optional 20 MB ST-506 hard disk. 286-based Model 30s are otherwise a full AT-class machine and support up to 4 MB of RAM.\r\n\r\nThe PS/2 Model 30 was the one model of PS/2 that did not have Micro Channel Architecture.it had a PC AT bus.  Second it did not have VGA graphics it had MCGA (Multicolour Graphics Array).\r\n', '2018-10-10 14:15:14', NULL, 48, 1987),
(1685, 2, 'ЕС ПЭВМ', 'ES PEVM', '', '2018-10-15 17:51:56', NULL, NULL, NULL),
(1686, 3, 'ЕС-1841', 'ES-1841', 'Дальнейшее развитие ЕС-1840, аппаратно совместимая с ней 16-разрядная ПЭВМ на процессоре К1810ВМ86 с частотой 4,77 МГц, возможность установки сопроцессора, ОЗУ до 1,5 МБ; два НГМД на 720 КБ; Видеоадаптер CGA с поддержкой растровой графики 160×100, 320×200, 640×200 точек. Дополнительно могли входить в комплект:\r\n\r\n* НМД типа «винчестер» на 5, 10 или 21 МБ Seagate.\r\n* Манипулятор «Колобок» («мышь»).\r\n* Цифровой синтезатор речевых сообщений\r\n* Адаптер локальной сети «Эстафета»\r\n* Блок для установки дополнительных плат расширения\r\n', '2018-10-15 17:52:51', NULL, NULL, 1987),
(1687, 4, 'ЕС-1841', NULL, '', '2018-10-15 18:00:16', NULL, NULL, NULL),
(1688, 6, 'Monitor Электроника МС6105.02', NULL, '', '2018-10-15 18:00:16', NULL, NULL, NULL),
(1689, 15, 'Power cable', NULL, '', '2018-10-15 18:00:16', NULL, NULL, NULL),
(1690, 6, 'Floppy drive unit', NULL, '', '2018-10-15 18:00:16', NULL, NULL, NULL),
(1691, 6, 'Keyboard', NULL, '', '2018-10-15 18:00:16', NULL, NULL, NULL),
(1692, 15, 'Video cable', NULL, '', '2018-10-15 18:00:16', NULL, NULL, NULL),
(1693, 2, 'MSX', NULL, '', '2018-10-16 15:20:05', NULL, NULL, 1983),
(1694, 3, 'YIS-503III КУВТ2', 'YIS-503III KUVT2', '', '2018-10-16 15:22:19', NULL, 400, NULL),
(1695, 4, 'YIS-503III КУВТ2', NULL, '', '2018-10-16 15:24:04', NULL, 400, NULL),
(1696, 13, 'Box', NULL, '', '2018-10-16 15:24:04', NULL, 400, NULL),
(1697, 3, 'Электроника МС1502', 'Electronika MS1502', '', '2018-10-18 17:49:24', NULL, NULL, NULL),
(1698, 4, 'Электроника МС1502', NULL, '', '2018-10-18 17:52:08', NULL, NULL, NULL),
(1699, 6, 'External memory (Устройство запоминающее)', NULL, '', '2018-10-18 17:52:08', NULL, NULL, NULL),
(1700, 8, 'Микро-ЭВМ персональная Электроника МС 1502 Пакет игровых программ. Записная книжка. Редактор текста', NULL, '', '2018-10-18 17:52:08', NULL, NULL, NULL),
(1701, 12, 'Приложение. Устройство вычислительное. Схема электрическая принципиальная', NULL, '', '2018-10-18 17:52:08', NULL, NULL, NULL),
(1702, 8, 'Микро-ЭВМ персональная Электроника МС 1502 Язык программирования Бейсик-К. Описание языка', NULL, '', '2018-10-18 17:52:08', NULL, NULL, NULL),
(1703, 12, 'Приложение. Устройство вычислительное. Расположение элементов', NULL, '', '2018-10-18 17:52:08', NULL, NULL, NULL),
(1704, 8, 'Микро-ЭВМ персональная Электроника МС 1502 Базовое программное обеспечение. Описание применения', NULL, '', '2018-10-18 17:52:08', NULL, NULL, NULL),
(1705, 13, 'Box', NULL, '', '2018-10-18 17:52:08', NULL, NULL, NULL),
(1706, 8, 'Микро-ЭВМ персональная Электроника МС 1502 Руководство по эксплуатации', NULL, '', '2018-10-18 17:52:08', NULL, NULL, NULL),
(1707, 3, 'Elan Challenger', NULL, '<http://www.old-computers.com/museum/computer.asp?st=1&c=1013>', '2018-10-18 18:14:01', NULL, 336, 1985),
(1710, 2, 'Unofficial ZX Spectrum clones', NULL, '', '2018-10-25 17:31:11', NULL, NULL, NULL),
(1711, 3, 'Scorpion ZS 256', NULL, 'Scorpion — семейство 8-разрядных домашних компьютеров, клонов компьютера ZX Spectrum, обладающих целым рядом расширений. Компьютеры Scorpion разрабатывались и выпускались санкт-петербургской фирмой Scorpion. Лицом фирмы на ZX Spectrum-сцене был Сергей Зонов, автор одного из ранних клонов ZX Spectrum — схемы «Ленинград».\r\n\r\nКомпьютеры фирмы производились в виде печатных плат, которые могли устанавливаться пользователями в любые подходящие корпуса — в частности, в корпуса MiniTower от IBM PC-совместимых компьютеров, в подобном же виде компьютеры выпускались и самой фирмой.\r\n\r\n', '2018-10-25 17:32:39', NULL, 486, 1991),
(1712, 3, 'Scorpion ZS-256 Turbo+', NULL, '', '2018-10-25 17:35:46', NULL, 486, 1996),
(1713, 18, 'A-320', NULL, 'The Dingoo (full name Dingoo A-320) is a handheld gaming console that supports music and video playback and open game development. The system features an on-board radio and recording program. It is available to consumers in three colors: white, black, and pink. It was released in February 2009 and has since sold over 1 million units.', '2018-10-26 11:24:47', NULL, 487, 2009),
(1714, 4, 'A-320', NULL, '', '2018-10-26 11:26:17', NULL, 487, NULL),
(1715, 8, 'User manual (English)', NULL, '', '2018-10-26 11:26:17', NULL, 487, NULL),
(1716, 15, 'AV cable', NULL, '', '2018-10-26 11:26:17', NULL, 487, NULL),
(1717, 15, 'USB cable', NULL, '', '2018-10-26 11:26:17', NULL, 487, NULL),
(1718, 13, 'Box', NULL, '', '2018-10-26 11:26:17', NULL, 487, NULL),
(1719, 8, 'User manual (Chinese)', NULL, '', '2018-10-26 11:26:17', NULL, 487, NULL),
(1720, 15, 'Earphone', NULL, '', '2018-10-26 11:26:17', NULL, 487, NULL),
(1721, 15, 'Power adapter', NULL, '', '2018-10-26 11:26:17', NULL, 487, NULL),
(1722, 3, 'ЕС-1834', 'ES-1834', 'Der Personal Computer EC 1834 wurde ab 1986 in der DDR vom VEB Robotron-Elektronik Dresden, Fachgebiet Geräte E2 Karl-Marx-Stadt als Hauptentwickler gemeinsam mit dem VEB Buchungsmaschinenwerk Karl-Marx-Stadt (jetzt Chemnitz) und dem VEB Robotron-Büromaschinenwerk „Ernst Thälmann“ Sömmerda entwickelt und in beiden Werken hergestellt. Es wurden etwa 34.000 EC 1834 sowie etwa 120 Funktionsmuster des Modells EC 1834.01/EC 1834.M gebaut.\r\n\r\nDer EC 1834 stellte einen IBM PC XT-kompatiblen PC dar und wurde mit einer mit 4,9152 MHz getakteten Intel-8086-kompatiblen CPU K1810WM86 ausgestattet. Ein Sockel für einen mathematischen Koprozessor (K1810WM87 oder Intel 8087 waren einsetzbar) war vorhanden. Er verfügte über zwei 5,25 Zoll Diskettenlaufwerke (doppelseitig, je 720 kByte Kapazität), eine Festplatte (meist zu 20 MByte, z. T. aber auch 40 MByte, davon waren aber anfänglich nur 32 MByte nutzbar), und hatte einen Hauptspeicher von 256 kByte. Der Arbeitsspeicher konnte mit einer zusätzlichen Speichererweiterung (Kapazität: 384 kByte) auf 640 kByte – damals Grenze des Konventionellen Speichers – erweitert werden.\r\n\r\nDie erste Bauserie wurde z. T. auch ohne Festplatte, dafür aber mit bis zu vier Diskettenlaufwerken ausgeliefert. Ein Teil der Geräte mit Festplatte hatte aber auch nur ein Diskettenlaufwerk. Es soll auch Geräte mit zwei Festplatten gegeben haben. Neben den K 5504.20 / K 5504.50 von Robotron kamen auch bulgarische Festplatten und „West-Importe“ (u. a. MFM-Festplatten der Firma Seagate) zum Einsatz.\r\n\r\nIn der ursprünglichen Ausführung hatte der EC 1834 acht Steckplätze mit einem dreireihigen EFS-Steckverbinder. Diese waren zwar elektrisch mit dem XT-Bus kompatibel, jedoch mechanisch verschieden. Eine modernere Variante (EC 1834.01, auch EC 1834.M genannt) hatte auch einige 8 Bit-ISA-Steckplätze, in die dann auch westliche ISA-Karten (z. B. VGA-Grafikkarten oder ähnliche) passten.\r\n\r\nDer Grafikcontroller war ein U82720. Optional konnte der EC 1834 mit einem Farbgrafik-Adapter aufgerüstet werden, welcher ebenfalls eine Eigenentwicklung von Robotron war. Dieser war (durch einen Emulationslayer) kompatibel zum Grafikstandard CGA (hardwarenahe Spiele liefen problemlos auf dieser Emulation, im Gegensatz zur IBM-VGA-Karte) und unterstützte folgende Auflösungs-Modi:\r\n\r\n* 320 × 200 mit 4 Farben (CGA kompatibel)\r\n* 640 × 200 monochrom\r\n* 640 × 400 monochrom\r\n* 640 × 480 mit 16 Farben aus einer Palette von 4.096 Farben (3x 4 bit)\r\n', '2018-11-01 06:26:19', NULL, 114, 1986),
(1723, 4, 'ЕС-1834', NULL, '', '2018-11-01 06:28:05', NULL, 114, NULL),
(1724, 6, 'Keyboard', NULL, '', '2018-11-01 06:28:05', NULL, 114, NULL),
(1725, 6, 'Monitor', NULL, '', '2018-11-01 06:28:05', NULL, 114, NULL),
(1726, 3, 'Globalyst 130', NULL, '', '2018-11-02 17:13:36', NULL, 488, NULL),
(1727, 4, 'Globalyst 130', NULL, '', '2018-11-02 17:15:40', NULL, 488, NULL),
(1728, 15, 'Power adapter', NULL, '', '2018-11-02 17:15:40', NULL, 488, NULL),
(1729, 3, 'Кворум 128', 'Kvorum 128', 'Клон ZX Spectrum 128K без AY-3-8910. Схема построена на БМК КБ01ВГ1-2. В ПЗУ присутствует встроенный тест, монитор и копировщик. Возможность работы как в TR-DOS, так и в CP/M. На задней стенке корпуса компьютера располагались разъёмы для подключения внешнего блока питания, Kempston и Sinclair джойстиков, принтера, магнитофона, телевизора и монитора, а также разъём системной шины для подключения внешнего контроллера дисковода.\r\n', '2018-11-02 17:29:02', NULL, NULL, NULL),
(1730, 4, 'Кворум 128', NULL, '', '2018-11-02 17:33:45', NULL, NULL, NULL),
(1731, 16, 'Tape', NULL, 'Taper, Тест "Кворум", Video pool, Nipper II, Batty', '2018-11-02 17:33:45', NULL, NULL, NULL),
(1732, 15, 'Cable  DIN5-DIN5', NULL, '', '2018-11-02 17:33:45', NULL, NULL, NULL),
(1733, 15, 'Cable  DIN5-DIN5+Jack', NULL, '', '2018-11-02 17:33:45', NULL, NULL, NULL),
(1734, 15, 'Power adapter', NULL, '', '2018-11-02 17:33:45', NULL, NULL, NULL),
(1735, 15, 'Cable  DIN7-DIN7', NULL, '', '2018-11-02 17:33:45', NULL, NULL, NULL),
(1736, 8, 'Дополнения, вызванные доработкой компьютера', NULL, '', '2018-11-02 17:33:45', NULL, NULL, NULL),
(1737, 8, 'Персональный компьютер Кворум 128. Руководство по эксплуатации', NULL, '', '2018-11-02 17:33:45', NULL, NULL, NULL),
(1738, 15, 'RF cable', NULL, '', '2018-11-02 17:33:45', NULL, NULL, NULL),
(1739, 13, 'Box', NULL, '', '2018-11-02 17:33:45', NULL, NULL, NULL),
(1740, 3, 'Электроника МС0511 (УКНЦ)', 'Electronika MS0511 (UKNC)', '', '2018-11-03 14:00:03', NULL, NULL, 1987),
(1741, 4, '1000', NULL, '', '2018-11-03 14:42:04', NULL, 10, NULL),
(1742, 15, 'TV connector', NULL, '', '2018-11-03 14:42:04', NULL, 10, NULL),
(1743, 15, 'Power adapter 120V', NULL, '', '2018-11-03 14:42:04', NULL, 10, NULL),
(1744, 16, 'Tape Timex Sinclair 1000 Supermaze', NULL, '', '2018-11-03 14:42:04', NULL, 10, NULL),
(1745, 16, 'Timex Sinclair 1000 Money Analyzer 2', NULL, '', '2018-11-03 14:42:04', NULL, 10, NULL),
(1746, 15, 'RCA cable', NULL, '', '2018-11-03 14:42:04', NULL, 10, NULL),
(1747, 13, 'Box', NULL, '', '2018-11-03 14:42:04', NULL, 10, NULL),
(1748, 15, 'Audio connector', NULL, '', '2018-11-03 14:42:04', NULL, 10, NULL),
(1749, 8, 'Timex Sinclair 1000 User manual', NULL, '', '2018-11-03 14:42:04', NULL, 10, NULL),
(1750, 15, 'TV modulator', NULL, '', '2018-11-03 14:42:04', NULL, 10, NULL),
(1751, 3, 'Vectra VL2 4/33se', NULL, '', '2018-11-03 15:11:38', NULL, 343, NULL),
(1752, 3, 'Робик', 'Robik', 'Робик — клон ZX Spectrum 48K. Производился НПО "Ротор" (г. Черкассы, ныне автомобильный завод) приблизительно с конца 1980-х - начала 1990-х годов. Русифицирован, язык переключается клавишами CAPS L Shift и CAPS C Shift. Имеет дополнительное поле клавиш со стрелками и клавишу стрельбы, подключённые как стандартный Kempston joystick (порт #1F). Схема с раздельными полями памяти. 53 корпуса, ПЗУ в двух 2764, две РТ2.\r\n\r\nПри включении компьютера устанавливался синий цвет фона с белыми буквами и выводилась строка (C) SELTO-ROTOR Computer V02 (или V03).\r\n\r\nСовместимость с фирменной машиной около 40% — в частности, из-за изменений в ПЗУ (последствия русификации). Некоторые пользователи называли этот компьютер "гробик".\r\n\r\nКлавиатура 60-клавишная, герконовая. Выпускалось два варианта клавиатур, отличавшихся нанесёнными на клавиши надписями.\r\n\r\n', '2018-11-03 15:20:03', NULL, 489, 1989),
(1753, 3, 'Символ 128K', 'Simvol 128K', '«Символ» («Игровой компьютер Символ») — российский клон ZX Spectrum 128K. Выпускался ТОО «Форт», Пенза. Имеет встроенный контроллер дисковода, контроллер параллельного порта и музыкальный сопроцессор AY-3-8910. Построен на основе БМК Т34ВГ1, в схеме используется 49 микросхем.\r\n\r\n', '2018-11-05 17:19:39', NULL, NULL, NULL),
(1754, 3, 'Символ', 'Simvol', 'Компьютер имел 4 пятиконтактных выхода: Kempston-джойстик, магнитофон, телевизор цветной (полный RGB+Sync сигнал), телевизор ч/б и один разъём для блока питания 5 В. Отличался дешевизной, предельно упрощённой схемой и маленькими габаритами. Для соединения с цветным телевизором в комплекте поставки имелась плата-адаптер, которую необходимо было вставить в телевизор. Она переводила телевизор в RGB-видео режим, которого у советских моделей не было. В компьютере использовался аналог процессора Z80 — КР1858ВМ1 (или Т34ВМ1), 16 КБ ПЗУ, 48 КБ ОЗУ и БМК Т34ВГ1.\r\n\r\nВ данном компьютере использовалась прошивка клона Didaktik Gama (производство Словакии, Didaktik Skalica Co., 1987—1992 годы), при старте появлялась надпись ©1989 DIDAKTIK SKALICA. Также стоит отметить немного изменённый по сравнению с оригинальным шрифт (полужирный).\r\n', '2018-11-05 17:34:57', NULL, NULL, NULL),
(1755, 4, 'Символ', NULL, '', '2018-11-05 17:38:04', NULL, NULL, NULL),
(1756, 6, 'Joystick', NULL, '', '2018-11-05 17:38:04', NULL, NULL, NULL),
(1757, 13, 'Box', NULL, '', '2018-11-05 17:38:04', NULL, NULL, NULL),
(1758, 8, 'Игровой компьютер Символ ИК. Руководство по эксплуатации', NULL, '', '2018-11-05 17:38:04', NULL, NULL, NULL),
(1759, 15, 'Power adapter', NULL, '', '2018-11-05 17:38:04', NULL, NULL, NULL),
(1760, 15, 'TV cable', NULL, '', '2018-11-05 17:38:04', NULL, NULL, NULL),
(1761, 15, 'TV adapter', NULL, '', '2018-11-05 17:38:05', NULL, NULL, NULL),
(1762, 15, 'Tape recorder cable', NULL, '', '2018-11-05 17:38:05', NULL, NULL, NULL),
(1763, 16, 'Tape', NULL, '', '2018-11-05 17:38:05', NULL, NULL, NULL),
(1764, 3, 'Спектр 001', 'Spektr 001', '«Спектр-001» — советский 8-разрядный бытовой компьютер, клон ПК Радио 86РК. Выпускался серийно в начале 90-х годов Орловским заводом УВМ имени К. Н. Руднева.', '2018-11-05 18:03:39', NULL, NULL, NULL),
(1765, 3, 'Компаньон М', 'Kompan\'on M', 'Построен на Т34ВГ1, 19 микросхем. ПЗУ в виде двух корпусов 2764. На плате присутствует разводка для кодера и (или) модулятора, но детали не установлены.\r\n\r\nПо-видимому, предполагалось выпускать блоки ППЗУ с записанными программами, для подключения к системному разъёму. Для запуска таких программ на заднюю панель была выведена кнопка СТАРТ. Однако, информации о выпуске подобных блоков нет.\r\n\r\nОсновные разъёмы расположены на задней стенке корпуса. Первые три из них имеют тип DIN7, остальные DIN5. Слева направо (задней стенкой к себе): кнопки «Сброс» и «Старт» (запуск программы из ППЗУ), Kempston-джойстик (К.ДЖ) и Sinclair-джойстик (С.ДЖ), RGB, два разъёма для подключения магнитофона (ЗП и ЧТ), блок питания (БП). Также присутствует место для разъёма видеовыхода (ТВ). На правой боковой стенке корпуса находится системный разъём (ВУ).\r\n', '2018-11-05 18:25:08', NULL, NULL, NULL),
(1766, 3, 'Nikos', NULL, '', '2018-11-06 13:20:20', NULL, NULL, NULL),
(1767, 4, 'Nikos', NULL, '', '2018-11-06 13:22:44', NULL, NULL, NULL),
(1768, 6, 'Keyboard', NULL, '', '2018-11-06 13:22:44', NULL, NULL, NULL),
(1769, 15, 'Audio cable DIN5-2DIN5', NULL, '', '2018-11-06 13:22:44', NULL, NULL, NULL),
(1770, 15, 'Video cable DIN5-DIN5', NULL, '', '2018-11-06 13:22:44', NULL, NULL, NULL),
(1771, 3, 'Учебный микропроцессорный комплект', 'Uchebnyj mikroprocessornyj komplekt', 'Разработан    Рижским    производственным  объединением ВЭФ для обучения основам программирования и конструирования микро-ЭВМ.\r\n\r\nУМК необходим преподавателям и учащимся профессионально-технических училищ, техникумов,  вузов,  кружков  технического творчества, станций юных техников  УМК имеет системную программу  «Монитор», которая  обеспечивает:\r\n\r\n* чтение и модификацию содержимого памяти и регистров микропроцессора;\r\n* выполнение программ пользователя; вычисление контрольной суммы массива памяти;\r\n* заполнение массива памяти константой; перемещение заданного массива  памяти в адресном пространстве.\r\n\r\nЗа дополнительную плату УМК комплектуется набором плат, существенно  расширяющих  функциональные возможности:\r\n\r\n* М2 — макетирование схем сопряжения с устройствами, имеющими  параллельный  интерфейс (предусмотрена розетка для БИС ППЗУ  К573РФ2);\r\n* ППИ — освоение  сопряжения с устройствами, имеющими последовательный синхронный или асинхронный интерфейсы;\r\n* Г1ГМ — программирование БИС ППЗУ  типа К573РФ2. Источник питания, обеспечивающий напряжение 4-24 В;\r\n* АЦЛ — имеет два ЛЦП и два ЦЛП с длиной слова 10 бит;\r\n* ПС — изучение основ вычислительной  техники от элементарных логических операціім до модели простейших ЭВМ;\r\n* КОП — сопряжение УМК с КОП и  позволяот создать локальную сеть на базе УМК.\r\n\r\nНабор сменных плат позволит значительно расширить область применения УМК,  создав на его базе программатор, музыкальную приставку, электронный вольтметр и другие устройства.\r\n\r\n', '2018-11-06 13:39:18', NULL, NULL, NULL),
(1772, 3, 'Агат 7', 'Agat 7', '«Ага́т» — первый советский серийный универсальный 8-разрядный персональный компьютер, ориентированный для применения в народном образовании. Разработан в 1981—1983 гг. в Научно-исследовательском институте вычислительных комплексов (НИИВК). Главный конструктор — Анатолий Фёдорович Иоффе.\r\n\r\nПроизводился серийно с 1984 года на предприятиях Министерства радиопромышленности (Минрадиопрома). Первым освоил производство Лианозовский электромеханический завод (ЛЭМЗ, ПО «Утёс»), впоследствии производство развернули Волжский завод электронно-вычислительной техники (ЭВТ), Ковылкинский электромеханический завод (Мордовия) (КЭМЗ) и Загорский электромеханический завод (ЗЭМЗ, ПО «Звезда»), Минское НПО «Агат» (БССР), Костромской Электромеханический завод (КЭМЗ). К 1988 году было произведено около 12000 машин, за 9 месяцев 1989 года — около 7000.\r\n\r\nСерийное производство Агатов осуществлялось вплоть до 1993 года. Последним, по всей видимости, производство прекратил ЗЭМЗ: сборка прекращена в конце 1993 года, упаковка и отпуск готовых ПЭВМ — в 1994-м. По различным сообщениям в некоторых школах использование Агатов в учебном процессе продолжалось по меньшей мере до 2001 года.\r\n\r\n', '2018-11-06 18:28:30', NULL, NULL, NULL),
(1773, 4, 'Агат 7', NULL, '', '2018-11-06 18:29:40', NULL, NULL, NULL),
(1774, 6, 'Game controllers', NULL, '', '2018-11-06 18:29:40', NULL, NULL, NULL),
(1775, 6, 'Monitor Электроника МС6105.02', NULL, '', '2018-11-06 18:29:40', NULL, NULL, NULL),
(1776, 15, 'Monitor cable', NULL, '', '2018-11-06 18:29:40', NULL, NULL, NULL),
(1777, 6, 'Keyboard', NULL, '', '2018-11-06 18:29:40', NULL, NULL, NULL),
(1778, 3, 'Дельта С', 'Delta S', '', '2018-11-13 14:45:59', NULL, NULL, 1989),
(1779, 4, 'Дельта С', NULL, '', '2018-11-13 14:48:58', NULL, NULL, NULL),
(1780, 15, 'Power adapter', NULL, '', '2018-11-13 14:48:58', NULL, NULL, NULL),
(1781, 3, 'Байт', 'Byte', 'ПЭВМ «Байт» — 8-разрядный домашний компьютер, клон компьютера ZX Spectrum.\r\n\r\nВыпускался с 1989—1990 года Брестским электромеханическим заводом (БЭМЗ), входящим в Брестское производственное объединение средств вычислительной техники (БПО СВТ).\r\n\r\nКомпьютер был доработан по сравнению ZX Spectrum, имел альтернативную периферию ZX Spectrum отечественного производства, был популярен и очень хорошо продавался, хотя и имел ряд недоработок.\r\n\r\nОбъём производства нарастал до 1992 года, с 1992—1993 пошёл на спад. Спад производства был вызван объективной экономической ситуацией в результате распада СССР на постсоветском пространстве. Рост же производства до 1992 года происходил «по инерции»: производственные мощности советского периода были все еще достаточно сильны.\r\n\r\nВсего на БПО СВТ было выпущено порядка 65 тыс. штук.\r\n', '2018-11-16 09:42:13', NULL, 490, 1989),
(1782, 3, 'BYTE', NULL, '', '2018-11-16 09:51:03', NULL, NULL, NULL),
(1783, 4, 'BYTE', NULL, '', '2018-11-16 09:52:03', NULL, NULL, NULL),
(1784, 13, 'Box', NULL, '', '2018-11-16 09:52:03', NULL, NULL, NULL),
(1785, 15, 'Power adapter', NULL, '', '2018-11-16 09:52:03', NULL, NULL, NULL),
(1787, 16, 'Cassette tape', NULL, '', '2018-11-16 11:01:41', NULL, NULL, NULL),
(1788, 8, 'Приставка телевизионная программируемая. Руководство пользователя', NULL, '', '2018-11-16 11:02:19', NULL, NULL, NULL),
(1789, 8, 'Приставка телевизионная программируемая. Руководство по эксплуатации', NULL, '', '2018-11-16 11:02:38', NULL, NULL, NULL),
(1790, 8, 'Ручной манипулятор Веста ИМ-01. Руководство по эксплуатации', NULL, '', '2018-11-16 11:28:02', NULL, NULL, NULL),
(1791, 3, 'Спектр 48', 'Spektr 48', '', '2018-11-21 12:18:26', NULL, NULL, NULL),
(1792, 3, 'Апогей БК01Ц', 'Apogey BK01C', '', '2018-11-21 13:06:56', NULL, NULL, NULL),
(1793, 4, 'Апогей БК01Ц', NULL, '', '2018-11-21 13:13:18', NULL, NULL, NULL),
(1794, 13, 'Box', NULL, '', '2018-11-21 13:13:18', NULL, NULL, NULL),
(1795, 8, 'Руководство по эксплуатации ПЭВМ Апогей-БК01ц. Приложение 3. Системные и прикладные программы.', NULL, '', '2018-11-21 13:13:18', NULL, NULL, NULL),
(1796, 15, 'TV modulator', NULL, '', '2018-11-21 13:13:18', NULL, NULL, NULL),
(1797, 15, 'Connector for self testing', NULL, '', '2018-11-21 13:13:18', NULL, NULL, NULL),
(1798, 16, 'Cassette tape: utils', NULL, 'Программное обеспечение персональной ЭВМ Апогей-БК01ц. Программа контроля ПЭВМ, Интерпретатор языка Бейсик-М, Интерпретатор языка Бейсик-РК, Редактор текстов и ассемблер Микрон, Улучшенный редактор текстов и дизассемблер Микрон, Графический редактор, ДАМР Редактор, Интерпретатор языка Бейсик-Графический, ЛСИСТГ, ЛСИСТВ, ЛОПРГ, ЛОБРГ, ЛСЗФАД, ЛСЗДАН, НКОРНС, НКОРМЮ, МЕТОД ОБРУЧА, НКОРКР, НСИСТН, НЗОЛС, НМИНР, НМИНГР, НМИННС, ЧИНЛГ, ЧИННЬЮ, ЧРДЭЙЛ, ЧРДРК, ОЛПС1, ОЛПС2, ОМПРГ, ОНАЗН, ОТРАНС, ОСПУД, ОСПУФ, ОСПМИС, ОСПМАК, СРПИР, СРБЫС, СРГЕН, СРКОМ, СТЛНРГ, СТТИПЗ, СТДИСА, СТЗРАС', '2018-11-21 13:13:18', NULL, NULL, NULL),
(1799, 13, 'Box for power adapter', NULL, '', '2018-11-21 13:13:18', NULL, NULL, NULL),
(1800, 12, 'Блок питания. Схема электрическая принципиальная.', NULL, '', '2018-11-21 13:13:18', NULL, NULL, NULL),
(1801, 12, 'Плата микро-ЭВМ', NULL, '', '2018-11-21 13:13:18', NULL, NULL, NULL),
(1802, 13, 'Box for computer', NULL, '', '2018-11-21 13:13:18', NULL, NULL, NULL),
(1803, 8, 'Руководство по эксплуатации ПЭВМ Апогей-БК01ц. Приложение 5. Описание RGB-интерфейса и звукового канала', NULL, '', '2018-11-21 13:13:18', NULL, NULL, NULL),
(1804, 15, 'Cable DIN5-2DIN5', NULL, '', '2018-11-21 13:13:18', NULL, NULL, NULL),
(1805, 12, 'Схема', NULL, '', '2018-11-21 13:13:18', NULL, NULL, NULL),
(1806, 8, 'Руководство по эксплуатации ПЭВМ Апогей-БК01ц. Приложение 1. Система команд и программирование на ассемблере.', NULL, '', '2018-11-21 13:13:18', NULL, NULL, NULL),
(1807, 8, 'Персональная электронная вычислительная машина Апогей-БК01ц. Руководство по эксплуатации.', NULL, '', '2018-11-21 13:13:18', NULL, NULL, NULL),
(1808, 12, 'Персональная ЭВМ Апогей-БК01ц. Схема электрическая принципиальная', NULL, '', '2018-11-21 13:13:18', NULL, NULL, NULL),
(1809, 15, 'Power adapter', NULL, '', '2018-11-21 13:13:18', NULL, NULL, NULL),
(1810, 16, 'Cassette tape: games', NULL, 'Программное обеспечение персональной ЭВМ Апогей-БК01ц. Игровые программы на языке Ассемблер: Тетрис, Клад, ХО 1Х М, Ракма, Лестница, Удав, Цирк, Рикошет, Вулкан, Шахматы, Гонки. Игровые программы на языке Бейсик: Реверси, Крестики-Нолики, Угадай число, Лабиринт 1, Лабиринт 2, Лабиринт 3, Лабиринт 4, Королевство Эйфория, Орегонская тропа, Шашки, Посадка на Луну, Кубик, Морской бой', '2018-11-21 13:13:18', NULL, NULL, NULL),
(1811, 13, 'Блок питания Апогей-БК01. Паспорт', NULL, '', '2018-11-21 13:13:18', NULL, NULL, NULL),
(1812, 8, 'Руководство по эксплуатации ПЭВМ Апогей-БК01ц. Приложение 2. Интерпретатор языка Бейсик. Руководство пользователя.', NULL, '', '2018-11-21 13:13:18', NULL, NULL, NULL),
(1813, 15, 'Cable DIN7-DIN7', NULL, '', '2018-11-21 13:13:18', NULL, NULL, NULL),
(1814, 4, 'Amiga 500', NULL, '', '2018-11-30 12:53:01', NULL, 339, NULL),
(1815, 15, 'RCA-2RCA cable', NULL, '', '2018-11-30 12:53:02', NULL, 339, NULL),
(1816, 6, 'Commodore mouse', NULL, '', '2018-11-30 12:53:02', NULL, 339, NULL),
(1817, 15, 'Power adapter', NULL, '', '2018-11-30 12:53:02', NULL, 339, NULL),
(1818, 13, 'Box', NULL, '', '2018-11-30 12:53:02', NULL, 339, NULL),
(1819, 8, 'Introduction to the Commodore Amiga 500', NULL, '', '2018-11-30 12:53:02', NULL, 339, NULL),
(1820, 18, 'Dendy', NULL, 'Dendy (Russian: Де́нди) is a Taiwanese hardware clone of the Family Computer (the Japanese version of the Nintendo Entertainment System), produced for the Russian market. It was released in the early 1990s by the Steepler company. Since no officially licensed version of the NES was ever released in the former USSR, the Dendy was easily the most popular video game console of its time in that region and enjoyed a degree of fame roughly equivalent to that experienced by the NES/Famicom in North America and Japan. In 1992, Dendy was selling in Russia for 39,000 rubles[citation needed] (roughly 70–80 USD); by 1994, over one million Dendy units were sold in Russia, and the price was roughly $35.', '2018-11-30 13:19:18', NULL, 491, NULL),
(1821, 4, 'Dendy', NULL, '', '2018-11-30 13:22:10', NULL, NULL, NULL),
(1822, 6, 'Joystick (15 pin DSUB)', NULL, '', '2018-11-30 13:22:10', NULL, NULL, NULL),
(1823, 15, 'TV modulator', NULL, '', '2018-11-30 13:22:10', NULL, NULL, NULL),
(1824, 15, 'Power adapter', NULL, '', '2018-11-30 13:22:10', NULL, NULL, NULL),
(1825, 13, 'Box', NULL, '', '2018-11-30 13:22:10', NULL, NULL, NULL),
(1826, 15, 'TV cable', NULL, '', '2018-11-30 13:22:10', NULL, NULL, NULL),
(1827, 18, 'Dendy Junior', NULL, '', '2018-11-30 13:28:38', NULL, 491, NULL),
(1828, 4, 'Dendy Junior', NULL, '', '2018-11-30 13:29:23', NULL, 491, NULL),
(1829, 13, 'Box', NULL, '', '2018-11-30 13:29:23', NULL, 491, NULL),
(1830, 15, 'TV cable', NULL, '', '2018-11-30 13:29:23', NULL, 491, NULL),
(1831, 15, 'Power adapter', NULL, '', '2018-11-30 13:29:23', NULL, 491, NULL),
(1832, 4, 'Clone of Mega Drive II', NULL, '', '2018-12-07 11:52:46', NULL, NULL, NULL),
(1833, 6, 'Gamepad', NULL, '', '2018-12-07 11:52:46', NULL, 82, NULL),
(1834, 15, 'TV cable', NULL, '', '2018-12-07 11:52:46', NULL, 82, NULL),
(1835, 15, 'Video cable', NULL, '', '2018-12-07 11:52:46', NULL, 82, NULL),
(1836, 13, 'Box', NULL, '', '2018-12-07 11:52:46', NULL, 82, NULL),
(1837, 15, 'TV modulator', NULL, '', '2018-12-07 11:52:46', NULL, 82, NULL),
(1838, 15, 'Power adapter', NULL, '', '2018-12-07 11:52:46', NULL, 82, NULL),
(1839, 6, 'Gamepad', NULL, '', '2018-12-07 11:52:46', NULL, 82, NULL),
(1840, 18, 'Киборд 003', 'Keyboard 003', '', '2018-12-07 11:58:57', NULL, 492, NULL),
(1841, 4, 'Киборд 003', 'Keyboard 003', '', '2018-12-07 12:02:52', NULL, 492, NULL),
(1842, 6, 'Mouse', NULL, '', '2018-12-07 12:02:52', NULL, 492, NULL),
(1843, 8, 'Руководство по эксплуатации Киборд 003', NULL, '', '2018-12-07 12:02:52', NULL, 492, NULL),
(1844, 16, 'Educational cartridge', NULL, '', '2018-12-07 12:02:52', NULL, 492, NULL);
INSERT INTO `catalog` (`id`, `type_id`, `title`, `title_eng`, `description`, `created`, `owner_id`, `company_id`, `year`) VALUES
(1845, 15, 'Power adapter', NULL, '', '2018-12-07 12:02:52', NULL, 492, NULL),
(1846, 13, 'Mouse pad', NULL, '', '2018-12-07 12:02:52', NULL, 492, NULL),
(1847, 13, 'Box', NULL, '', '2018-12-07 12:02:52', NULL, 492, NULL),
(1848, 6, 'Joystick', NULL, '', '2018-12-07 12:02:52', NULL, 492, NULL),
(1849, 3, 'ПК-01 Львов', 'PK-01 Lvov', 'ПК-01 «Львов» — 8-разрядный учебно-бытовой микрокомпьютер. Разработан примерно в 1986—1987 год во Львовском политехническом институте доцентом Владимиром Яковлевичем Пуйдой. Выпускался Львовским производственным объединением им. В. И. Ленина.', '2018-12-07 12:29:34', NULL, NULL, 1986),
(1850, 4, 'ПК-01 Львов', NULL, '', '2018-12-07 12:34:05', NULL, NULL, NULL),
(1851, 8, 'ПК-01 Львов. Описание языка Бейсик', NULL, '', '2018-12-07 12:34:05', NULL, NULL, NULL),
(1852, 8, 'ПК-01 Львов. Руководство по эксплуатации', NULL, '', '2018-12-07 12:34:05', NULL, NULL, NULL),
(1853, 16, 'Cassette tape', NULL, 'Бейсик тест, Ракета, Клавиатура', '2018-12-07 12:34:05', NULL, NULL, NULL),
(1854, 6, 'Joystick Веста ИМ-01', NULL, '', '2018-12-10 12:10:09', NULL, 493, NULL),
(1855, 3, 'Веста ИК-30', 'Vesta IK-30', '<http://speccy.info/%D0%92%D0%B5%D1%81%D1%82%D0%B0_%D0%98%D0%9A-30>', '2018-12-10 12:12:23', NULL, 493, NULL),
(1856, 4, 'Веста ИК-30', NULL, '', '2018-12-10 12:15:49', NULL, 493, NULL),
(1857, 16, 'Cassette tape', NULL, '', '2018-12-10 12:15:49', NULL, 493, NULL),
(1858, 15, 'Video cable', NULL, '', '2018-12-10 12:15:49', NULL, 493, NULL),
(1859, 8, 'Блок питания Веста БП 30-5', NULL, '', '2018-12-10 12:15:49', NULL, 493, NULL),
(1860, 8, 'Информационный игровой комплекс Веста ИК-30. Прикладные программы. Руководство пользователя', NULL, '', '2018-12-10 12:15:49', NULL, 493, NULL),
(1861, 8, 'Информационный игровой комплекс Веста ИК-30. Язык Бейсик. Руководство пользователя', NULL, '', '2018-12-10 12:15:49', NULL, 493, NULL),
(1862, 8, 'Информационный игровой комплекс Веста ИК-30. Руководство по эксплуатации', NULL, '', '2018-12-10 12:15:49', NULL, 493, NULL),
(1863, 12, 'Схема электрическая принципиальная платы питания', NULL, '', '2018-12-10 12:15:49', NULL, 493, NULL),
(1864, 15, 'Power adapter', NULL, '', '2018-12-10 12:15:49', NULL, 493, NULL),
(1865, 15, 'Audio cable', NULL, '', '2018-12-10 12:15:49', NULL, 493, NULL),
(1866, 13, 'Box', NULL, '', '2018-12-10 12:15:49', NULL, 493, NULL),
(1867, 3, 'Поиск', 'Poisk', '<https://ru.wikipedia.org/wiki/%D0%9F%D0%BE%D0%B8%D1%81%D0%BA_(%D0%BA%D0%BE%D0%BC%D0%BF%D1%8C%D1%8E%D1%82%D0%B5%D1%80)>', '2018-12-11 11:34:06', NULL, 494, 1988),
(1868, 21, 'Электроника МК-59', 'Electronika MK-59', '', '2018-12-11 12:29:53', NULL, NULL, NULL),
(1869, 4, 'Электроника МК-59', NULL, '', '2018-12-11 12:33:28', NULL, NULL, NULL),
(1870, 8, 'Паспорт калькулятора', NULL, '', '2018-12-11 12:33:28', NULL, NULL, NULL),
(1871, 13, 'Box', NULL, '', '2018-12-11 12:33:28', NULL, NULL, NULL),
(1872, 21, 'Электроника МК-44', 'Electronika MK-44', '', '2018-12-11 12:51:13', NULL, NULL, NULL),
(1873, 3, 'Мастер', 'Master', '<http://speccy.info/%D0%9C%D0%B0%D1%81%D1%82%D0%B5%D1%80>', '2018-12-12 08:48:35', NULL, NULL, NULL),
(1874, 4, 'Мастер', NULL, '', '2018-12-12 08:50:35', NULL, NULL, NULL),
(1875, 16, 'Cassette tape', NULL, '', '2018-12-12 08:50:35', NULL, NULL, NULL),
(1876, 8, 'Персональный микрокомпьютер Мастер. Руководство для пользователя', NULL, '', '2018-12-12 08:50:35', NULL, NULL, NULL),
(1877, 15, 'Power adapter', NULL, '', '2018-12-12 08:50:35', NULL, NULL, NULL),
(1878, 13, 'Box', NULL, '', '2018-12-12 08:50:35', NULL, NULL, NULL),
(1879, 8, 'Персональный микрокомпьютер Мастер.', NULL, '', '2018-12-12 08:50:35', NULL, NULL, NULL),
(1880, 3, 'Север-48/002', 'Sever-48/002', '<http://speccy.info/%D0%A1%D0%B5%D0%B2%D0%B5%D1%80-48-002>', '2018-12-12 11:04:47', NULL, NULL, NULL),
(1881, 4, 'Север-48/002', NULL, '', '2018-12-12 11:08:45', NULL, NULL, NULL),
(1882, 8, 'Компьютер бытовой "Север". Инструкция по эксплуатации', NULL, '', '2018-12-12 11:08:45', NULL, NULL, NULL),
(1883, 15, 'Monitor cable', NULL, '', '2018-12-12 11:08:45', NULL, NULL, NULL),
(1884, 15, 'Power adapter', NULL, '', '2018-12-12 11:08:45', NULL, NULL, NULL),
(1885, 6, 'Joystick', NULL, '', '2018-12-12 11:08:45', NULL, NULL, NULL),
(1886, 15, 'Audio cable', NULL, '', '2018-12-12 11:08:45', NULL, NULL, NULL),
(1887, 8, 'Паспорт', NULL, '', '2018-12-12 11:08:45', NULL, NULL, NULL),
(1888, 13, 'Box', NULL, '', '2018-12-12 11:08:45', NULL, NULL, NULL),
(1889, 16, 'Cassette tape', NULL, '', '2018-12-12 11:08:45', NULL, NULL, NULL),
(1890, 8, 'Manual 2', NULL, '', '2018-12-12 11:08:45', NULL, NULL, NULL),
(1891, 3, 'Квант', 'Kvant', '<http://zxbyte.ru/inter.htm>', '2018-12-12 11:52:13', NULL, NULL, 1991),
(1892, 4, 'Квант', NULL, '', '2018-12-12 11:59:13', NULL, NULL, NULL),
(1893, 6, 'Joystick', NULL, '', '2018-12-12 11:59:13', NULL, NULL, NULL),
(1894, 15, 'Audio cable', NULL, '', '2018-12-12 11:59:13', NULL, NULL, NULL),
(1895, 12, 'PCB layout', NULL, '', '2018-12-12 11:59:13', NULL, NULL, NULL),
(1896, 16, 'Cassette tape МК-60', NULL, '', '2018-12-12 11:59:13', NULL, NULL, NULL),
(1897, 12, 'Schematics', NULL, '', '2018-12-12 11:59:13', NULL, NULL, NULL),
(1898, 15, 'Cable DIN3-DIN3', NULL, '', '2018-12-12 11:59:13', NULL, NULL, NULL),
(1899, 15, 'Video cable', NULL, '', '2018-12-12 11:59:13', NULL, NULL, NULL),
(1900, 15, 'Power adapter', NULL, '', '2018-12-12 11:59:13', NULL, NULL, NULL),
(1901, 13, 'Box', NULL, '', '2018-12-12 11:59:13', NULL, NULL, NULL),
(1902, 8, 'Квант. Персональная электронная вычислительная машина. Руководство по эксплуатации', NULL, '', '2018-12-12 11:59:13', NULL, NULL, NULL),
(1903, 3, 'Интер', 'Inter', '<http://zxbyte.ru/inter.htm>', '2018-12-12 12:16:41', NULL, NULL, NULL),
(1904, 4, 'Интер', NULL, '', '2018-12-12 12:22:32', NULL, NULL, NULL),
(1905, 15, 'Power adapter', NULL, '', '2018-12-12 12:22:32', NULL, NULL, NULL),
(1906, 6, 'Joystick', NULL, '', '2018-12-12 12:22:32', NULL, NULL, NULL),
(1907, 8, 'Персональная электронная вычислительная машина Интер. Руководство по эксплуатации', NULL, '', '2018-12-12 12:22:32', NULL, NULL, NULL),
(1908, 3, 'Вектор-06Ц', 'Vector-06C', '', '2018-12-12 14:22:46', NULL, NULL, 1987),
(1909, 4, 'Вектор-06Ц', NULL, '', '2018-12-12 14:23:50', NULL, NULL, NULL),
(1910, 15, 'Power adapter', NULL, '', '2018-12-12 14:23:50', NULL, NULL, NULL),
(1911, 8, 'Базовое программное обеспечение бытовой персональной электронной вычислительной машины Вектор-06Ц. Интерпретатор языка Бейсик. Описание языка', NULL, '', '2018-12-12 14:23:50', NULL, NULL, NULL),
(1912, 15, 'Video cable', NULL, '', '2018-12-12 14:23:50', NULL, NULL, NULL),
(1913, 15, 'Audio cable', NULL, '', '2018-12-12 14:23:50', NULL, NULL, NULL),
(1914, 15, 'Power cable', NULL, '', '2018-12-12 14:23:50', NULL, NULL, NULL),
(1915, 3, 'БК 0010-01', 'BK 0010-01', '', '2018-12-13 08:01:34', NULL, NULL, NULL),
(1916, 4, 'БК 0010-01', 'BK 0010-01', '', '2018-12-13 08:16:42', NULL, NULL, NULL),
(1917, 13, 'Computer box', NULL, '', '2018-12-13 08:16:42', NULL, NULL, NULL),
(1918, 6, 'Блок МСТД', NULL, '', '2018-12-13 08:16:42', NULL, NULL, NULL),
(1919, 15, 'Power adapter', NULL, '', '2018-12-13 08:16:42', NULL, NULL, NULL),
(1920, 15, 'Antenna cable', NULL, '', '2018-12-13 08:16:42', NULL, NULL, NULL),
(1921, 15, 'Cable DIN5-DIN5', NULL, '', '2018-12-13 08:16:42', NULL, NULL, NULL),
(1922, 8, 'Соответствие клавиш УИВ с пленочным шильдом клавиатуры клавишам УИВ с кнопочной клавиатурой', NULL, '', '2018-12-13 08:16:42', NULL, NULL, NULL),
(1923, 8, 'Математическое обеспечение микро-ЭВМ "Электроника БК0010". Язык "Фокал". Руководство пользователя', NULL, '', '2018-12-13 08:16:42', NULL, NULL, NULL),
(1924, 13, 'Kit box', NULL, '', '2018-12-13 08:16:42', NULL, NULL, NULL),
(1925, 15, 'Cable DIN5-3DIN5', NULL, '', '2018-12-13 08:16:42', NULL, NULL, NULL),
(1926, 15, 'Power cable', NULL, '', '2018-12-13 08:16:42', NULL, NULL, NULL),
(1927, 8, 'Схема доработки телевизоров для подключения ПК', NULL, '', '2018-12-13 08:16:42', NULL, NULL, NULL),
(1928, 8, 'Микро-ЭВМ индивидуального пользования "Электроника БК0010" "Электроника БК0010-01". Руководство по эксплуатации', NULL, '', '2018-12-13 08:16:42', NULL, NULL, NULL),
(1929, 8, 'Микро-ЭВМ "Электроника БК0010-01" Программное обеспечение. Пакет игровых программ (Фокал). Руководство пользователя', NULL, '', '2018-12-13 08:16:42', NULL, NULL, NULL),
(1930, 8, 'Микро-ЭВМ "Электроника БК0010-01" Программное обеспечение. Прикладные программы (Бейсик). Руководство пользователя', NULL, '', '2018-12-13 08:16:42', NULL, NULL, NULL),
(1931, 3, 'Волна', 'Volna', '<http://speccy.info/%D0%92%D0%BE%D0%BB%D0%BD%D0%B0>', '2018-12-14 08:13:38', NULL, NULL, NULL),
(1932, 4, 'Волна', 'Volna', '', '2018-12-14 08:17:27', NULL, NULL, NULL),
(1933, 6, 'Joystick', NULL, '', '2018-12-14 08:17:27', NULL, NULL, NULL),
(1934, 8, 'Компьютер домашний Волна. Техническое описание и руководство по эксплуатации', NULL, '', '2018-12-14 08:17:27', NULL, NULL, NULL),
(1935, 15, 'Power adapter', NULL, '', '2018-12-14 08:17:27', NULL, NULL, NULL),
(1936, 3, 'Орель БК-08', 'Orel BK-08', '<http://speccy.info/%D0%9E%D1%80%D0%B5%D0%BB%D1%8C-%D0%91%D0%9A08>', '2018-12-14 08:30:15', NULL, 495, NULL),
(1937, 4, 'Орель БК-08', NULL, '', '2018-12-14 08:47:51', NULL, 495, NULL),
(1938, 8, 'Компьютер видеоигровой Орель БК-08. Описание языка', NULL, '', '2018-12-14 08:47:51', NULL, 495, NULL),
(1939, 15, 'Power adapter', NULL, '', '2018-12-14 08:47:51', NULL, 495, NULL),
(1940, 8, 'Компьютер видеоигровой Орель БК-08. Программа MZ80. Руководство пользователя', NULL, '', '2018-12-14 08:47:51', NULL, 495, NULL),
(1941, 8, 'Компьютеры видеоигровые Орель БК-08 и БК-08-01. Руководство по эксплуатации', NULL, '', '2018-12-14 08:47:51', NULL, 495, NULL),
(1942, 8, 'Компьютер видеоигровой Орель БК-08. Программа tst. Руководство пользователя', NULL, '', '2018-12-14 08:47:51', NULL, 495, NULL),
(1943, 15, 'Cable DIN5-DIN5', NULL, '', '2018-12-14 08:47:51', NULL, 495, NULL),
(1944, 15, 'Cable DIN5-DIN5', NULL, '', '2018-12-14 08:47:51', NULL, 495, NULL),
(1945, 13, 'Box', NULL, '', '2018-12-14 08:47:51', NULL, 495, NULL),
(1946, 15, 'Cable DIN7-DIN7', NULL, '', '2018-12-14 08:47:51', NULL, 495, NULL),
(1947, 3, 'Квант-БК', 'Kvant-BK', '<http://speccy.info/%D0%9A%D0%B2%D0%B0%D0%BD%D1%82-%D0%91%D0%9A>\r\n', '2018-12-24 07:42:32', NULL, NULL, NULL),
(1948, 4, 'Квант-БК', NULL, '', '2018-12-24 07:46:04', NULL, NULL, NULL),
(1949, 15, 'Cable DIN5M-DIN5M+DIN3M', NULL, '', '2018-12-24 07:46:04', NULL, NULL, NULL),
(1950, 15, 'Cable DIN5M-DIN5M', NULL, '', '2018-12-24 07:46:04', NULL, NULL, NULL),
(1951, 15, 'Power adapter (МС-9022К)', NULL, '', '2018-12-24 07:46:04', NULL, NULL, NULL),
(1952, 3, 'Роби', 'Robi', '<http://speccy.info/%D0%A0%D0%BE%D0%B1%D0%B8>', '2018-12-24 07:59:45', NULL, NULL, NULL),
(1953, 4, 'Роби', NULL, '', '2018-12-24 08:03:47', NULL, NULL, NULL),
(1954, 16, 'Cassette tape', NULL, 'Программы для Роби. TEST, VPOOL, LODE RUN, Fast Food, BATTLE S., TETRIS, IS-CHESS, STAR, Zotyocop', '2018-12-24 08:03:47', NULL, NULL, NULL),
(1955, 13, 'Box', NULL, '', '2018-12-24 08:03:47', NULL, NULL, NULL),
(1956, 15, 'Audio cable', NULL, '', '2018-12-24 08:03:47', NULL, NULL, NULL),
(1957, 8, 'Программирование на языке BASIC', NULL, '', '2018-12-24 08:03:47', NULL, NULL, NULL),
(1958, 15, 'Video cable', NULL, '', '2018-12-24 08:03:47', NULL, NULL, NULL),
(1959, 15, 'TV Modulator', NULL, '', '2018-12-24 08:03:47', NULL, NULL, NULL),
(1960, 12, 'Computer schematics', NULL, '', '2018-12-24 08:03:47', NULL, NULL, NULL),
(1961, 15, 'Power adapter', NULL, '', '2018-12-24 08:03:47', NULL, NULL, NULL),
(1962, 8, 'Программируемый игровой автомат Роби. Руководство по эксплуатации', NULL, '', '2018-12-24 08:03:47', NULL, NULL, NULL),
(1963, 18, 'SB-225', NULL, '', '2019-01-09 06:36:44', NULL, 496, NULL),
(1964, 21, 'Электроника МК-22', 'Electronika MK-22', '', '2019-01-09 07:05:05', NULL, NULL, NULL),
(1965, 3, 'Sintez 2', NULL, '<http://speccy.info/Sintez>', '2019-01-09 07:08:25', NULL, 493, NULL),
(1966, 4, 'Sintez 2', NULL, '', '2019-01-09 07:09:40', NULL, 493, NULL),
(1967, 15, 'Power adapter', NULL, '', '2019-01-09 07:09:40', NULL, 493, NULL),
(1968, 3, 'Дубна-48К', 'Dubna-48K', '<http://speccy.info/%D0%94%D1%83%D0%B1%D0%BD%D0%B0-48%D0%9A>', '2019-01-09 07:32:31', NULL, NULL, NULL),
(1969, 4, 'Дубна-48К', NULL, '', '2019-01-09 07:36:10', NULL, NULL, NULL),
(1970, 15, 'Power adapter', NULL, '', '2019-01-09 07:36:10', NULL, NULL, NULL),
(1971, 15, 'TV adapter', NULL, '', '2019-01-09 07:36:10', NULL, NULL, NULL),
(1972, 8, 'Бытовой компьютер Дубна. Язык программирования Бейсик. Техническое описание', NULL, '', '2019-01-09 07:36:10', NULL, NULL, NULL),
(1973, 6, 'Joystick', NULL, '', '2019-01-09 07:36:10', NULL, NULL, NULL),
(1974, 16, 'Cassette tape', NULL, '', '2019-01-09 07:36:10', NULL, NULL, NULL),
(1975, 20, 'Casio graphic calculators', NULL, '', '2019-01-09 13:16:10', NULL, 310, NULL),
(1976, 21, 'fx-9750G', NULL, '', '2019-01-09 13:17:32', NULL, 310, NULL),
(1977, 4, 'fx-9750G', NULL, '', '2019-01-09 13:18:49', NULL, 310, NULL),
(1978, 13, 'Protection lid', NULL, '', '2019-01-09 13:18:49', NULL, 310, NULL),
(1979, 8, 'Manual', NULL, '', '2019-01-09 13:18:49', NULL, 310, NULL),
(1980, 21, 'SRP-300', NULL, '', '2019-01-09 13:47:55', NULL, 497, NULL),
(1981, 4, 'SRP-300', NULL, '', '2019-01-09 13:48:10', NULL, 497, NULL),
(1982, 13, 'Protection lid', NULL, '', '2019-01-09 13:48:10', NULL, 497, NULL),
(1983, 19, 'Handheld consoles', NULL, '', '2019-01-10 07:29:39', NULL, NULL, NULL),
(1984, 19, 'Электроника', 'Electronika', '', '2019-01-10 07:30:06', NULL, NULL, NULL),
(1985, 18, 'ИМ-33', 'IM-33', '', '2019-01-10 07:31:48', NULL, NULL, NULL),
(1986, 18, 'ИМ-16', 'IM-16', '', '2019-01-10 07:38:26', NULL, NULL, NULL),
(1987, 18, 'Клон ИМ-23', 'IM-23 clone', '', '2019-01-10 07:51:56', NULL, NULL, NULL),
(1988, 4, 'Клон ИМ-23', NULL, '', '2019-01-10 07:52:42', NULL, NULL, NULL),
(1989, 13, 'Box', NULL, '', '2019-01-10 07:52:42', NULL, NULL, NULL),
(1990, 8, 'Manual', NULL, '', '2019-01-10 07:52:42', NULL, NULL, NULL),
(1991, 21, 'Электроника Б3-23', 'Electronika B3-23', '<https://ru.wikipedia.org/wiki/%D0%AD%D0%BB%D0%B5%D0%BA%D1%82%D1%80%D0%BE%D0%BD%D0%B8%D0%BA%D0%B0_%D0%913-23>\r\n', '2019-01-10 12:23:58', NULL, NULL, NULL),
(1992, 4, 'Электроника Б3-23', 'Electronika B3-23', '', '2019-01-10 12:24:32', NULL, NULL, NULL),
(1993, 13, 'Cover', NULL, '', '2019-01-10 12:24:32', NULL, NULL, NULL),
(1994, 21, 'Электроника МК-60', 'Electronika MK-60', '<https://ru.wikipedia.org/wiki/%D0%AD%D0%BB%D0%B5%D0%BA%D1%82%D1%80%D0%BE%D0%BD%D0%B8%D0%BA%D0%B0_%D0%9C%D0%9A-60>', '2019-01-10 12:38:52', NULL, NULL, NULL),
(1995, 4, 'Электроника МК-60', NULL, '', '2019-01-10 12:39:17', NULL, NULL, NULL),
(1996, 8, 'Manual', NULL, '', '2019-01-10 12:39:17', NULL, NULL, NULL),
(1997, 13, 'Box', NULL, '', '2019-01-10 12:39:17', NULL, NULL, NULL),
(1998, 13, 'Cover', NULL, '', '2019-01-10 12:39:17', NULL, NULL, NULL),
(1999, 21, 'fx-3600Pv', NULL, '', '2019-01-14 11:32:07', NULL, 310, NULL),
(2000, 4, 'fx-3600Pv', NULL, '', '2019-01-14 11:34:42', NULL, 310, NULL),
(2001, 8, 'Manual', NULL, '', '2019-01-14 11:34:42', NULL, 310, NULL),
(2002, 13, 'Box', NULL, '', '2019-01-14 11:34:42', NULL, 310, NULL),
(2003, 2, 'Handheld computers', NULL, '', '2019-01-18 07:53:54', NULL, NULL, NULL),
(2004, 21, 'Электроника МК-61', 'Electronika MK-61', '<https://ru.wikipedia.org/wiki/%D0%AD%D0%BB%D0%B5%D0%BA%D1%82%D1%80%D0%BE%D0%BD%D0%B8%D0%BA%D0%B0_%D0%9C%D0%9A-61>', '2019-01-18 07:58:27', NULL, NULL, 1984),
(2005, 4, 'Электроника МК-61', NULL, '', '2019-01-18 08:03:46', NULL, NULL, NULL),
(2006, 13, 'Cover', NULL, '', '2019-01-18 08:03:46', NULL, NULL, NULL),
(2007, 8, 'Руководство по эксплуатации МК-61', NULL, '', '2019-01-18 08:03:46', NULL, NULL, NULL),
(2008, 13, 'Box', NULL, '', '2019-01-18 08:03:46', NULL, NULL, NULL),
(2009, 15, 'Power adapter', NULL, '', '2019-01-18 08:03:46', NULL, NULL, NULL),
(2010, 20, 'Programmable calculators', NULL, '', '2019-01-18 08:11:59', NULL, NULL, NULL),
(2011, 21, 'Электроника МК-52', 'Electronika MK-52', '<https://ru.wikipedia.org/wiki/%D0%AD%D0%BB%D0%B5%D0%BA%D1%82%D1%80%D0%BE%D0%BD%D0%B8%D0%BA%D0%B0_%D0%9C%D0%9A-52>', '2019-01-25 13:10:35', NULL, NULL, 1985),
(2012, 4, 'Электроника МК-52', NULL, '', '2019-01-25 13:15:03', NULL, NULL, NULL),
(2013, 8, 'Микрокалькулятор Электроника МК-52. Руководство по эксплуатации. Часть 1', NULL, '', '2019-01-25 13:15:03', NULL, NULL, NULL),
(2014, 8, 'Микрокалькулятор Электроника МК-52. Руководство по эксплуатации. Часть 2', NULL, '', '2019-01-25 13:15:03', NULL, NULL, NULL),
(2015, 13, 'Power batteries', NULL, '', '2019-01-25 13:15:03', NULL, NULL, NULL),
(2016, 12, 'Схема электрическая принципиальная микрокалькулятора Электроника МК-52', NULL, '', '2019-01-25 13:15:03', NULL, NULL, NULL),
(2017, 13, 'Блок питания Электроника Д2-37А. Паспорт', NULL, '', '2019-01-25 13:15:03', NULL, NULL, NULL),
(2018, 13, 'Cover', NULL, '', '2019-01-25 13:15:03', NULL, NULL, NULL),
(2019, 15, 'Power adapter', NULL, '', '2019-01-25 13:15:03', NULL, NULL, NULL),
(2020, 13, 'Box', NULL, '', '2019-01-25 13:15:03', NULL, NULL, NULL),
(2021, 2, 'Portable computers', '', '', '2019-01-26 10:48:10', NULL, NULL, NULL),
(2022, 2, '', 'Palm', '<https://en.wikipedia.org/wiki/Palm_(PDA)>', '2019-03-13 09:24:17', NULL, 498, NULL),
(2023, 3, '', 'Palm TX', '<https://en.wikipedia.org/wiki/Palm_TX>', '2019-03-13 09:49:33', NULL, 498, 2005),
(2024, 4, '', 'Palm TX for Russia', '', '2019-03-14 09:27:49', NULL, 498, NULL),
(2025, 16, 'Palm OS 3.x-5.x по-русски', NULL, '', '2019-03-14 09:27:49', NULL, 498, NULL),
(2026, 13, 'Case', NULL, '', '2019-03-14 09:27:49', NULL, 498, NULL),
(2027, 15, 'Power adapter', NULL, '', '2019-03-14 09:27:49', NULL, 498, NULL),
(2028, 15, 'USB cable', NULL, '', '2019-03-14 09:27:49', NULL, 498, NULL),
(2029, 2, '', 'Acer N series', 'The Acer N series is a line of PDA\'s produced by Acer for the Pocket PC 2002 operating system and its successors over the period 2003 to 2005.\n\nThe newer models are ones from the n300 series – Acer n310 and Acer n311. The Acer N series is well known for the USB hosts in the newer models.\n\nBy the time of the introduction of the later models smartphones were thought to beginning to make significant in-roads into the market for PDAs.\n\n<https://en.wikipedia.org/wiki/Acer_N_series>', '2019-03-14 09:32:06', NULL, 499, 2003),
(2030, 3, '', 'n300', '', '2019-03-14 09:34:49', NULL, 499, 2005),
(2031, 4, '', 'n300 for Russia', '', '2019-03-14 12:19:34', NULL, 499, NULL),
(2032, 16, 'Словари Мультилекс RU <-> EN, GE, FR', NULL, '', '2019-03-14 12:19:34', NULL, 499, NULL),
(2033, 16, 'Getting started CD for Acer n300 handheld', NULL, '', '2019-03-14 12:19:34', NULL, 499, NULL),
(2034, 8, 'Руководство пользователя', NULL, '', '2019-03-14 12:19:34', NULL, 499, NULL),
(2035, 13, 'Accumulator', NULL, '', '2019-03-14 12:19:34', NULL, 499, NULL),
(2036, 13, 'Box', NULL, '', '2019-03-14 12:19:34', NULL, 499, NULL),
(2037, 13, 'Soft case', NULL, '', '2019-03-14 12:19:34', NULL, 499, NULL),
(2038, 15, 'Power+USB cable', NULL, '', '2019-03-14 12:19:34', NULL, 499, NULL),
(2039, 15, 'Power adapter', NULL, '', '2019-03-14 12:19:34', NULL, 499, NULL),
(2040, 15, 'Cradle', NULL, '', '2019-03-14 12:19:34', NULL, 499, NULL),
(2041, 15, 'USB-miniUSB cable', NULL, '', '2019-03-14 12:19:34', NULL, 499, NULL),
(2042, 21, '', 'TI-34', 'The TI-34 name is a branding used by Texas Instruments for its mid-range scientific calculators aimed at the educational market. The first TI-34 model was introduced in 1987 as a midpoint between the TI-30 series and the TI-35/TI-36 series. The TI-34 is better than the TI-34II. Earlier models included Boolean algebra features, though these were removed with the introduction of the TI-34II in 1999, which focuses more on fractional calculations and other subjects common in middle and high school math and science curricula.\n\n<https://en.wikipedia.org/wiki/TI-34>', '2019-03-14 12:51:20', NULL, 246, 1987),
(2043, 4, '', 'TI-34', '', '2019-03-14 12:52:29', NULL, 246, NULL),
(2044, 13, 'Lid', NULL, '', '2019-03-14 12:52:29', NULL, 246, NULL),
(2045, 21, 'Электроника МК-51', 'Electronika MK-51', '<https://ru.wikipedia.org/wiki/%D0%AD%D0%BB%D0%B5%D0%BA%D1%82%D1%80%D0%BE%D0%BD%D0%B8%D0%BA%D0%B0_%D0%9C%D0%9A-51>', '2019-03-14 13:11:42', NULL, NULL, 1982),
(2046, 4, 'Электроника МК-51', 'Electronika MK-51', '', '2019-03-14 13:13:13', NULL, NULL, NULL),
(2047, 13, 'Battery', NULL, '', '2019-03-14 13:13:13', NULL, NULL, NULL),
(2048, 8, 'Руководство по эксплуатации', NULL, '', '2019-03-14 13:13:13', NULL, NULL, NULL),
(2049, 13, 'Soft case', NULL, '', '2019-03-14 13:13:13', NULL, NULL, NULL),
(2050, 13, 'Box', NULL, '', '2019-03-14 13:13:13', NULL, NULL, NULL),
(2051, 3, '', 'ThinkPad T420s', '', '2019-04-19 08:05:18', NULL, 500, 2011),
(2052, 4, '', 'ThinkPad T420s', '', '2019-04-19 08:08:00', NULL, 500, NULL),
(2053, 13, 'Box', NULL, '', '2019-04-19 08:08:00', NULL, 500, NULL),
(2054, 15, 'Power adapter', NULL, '', '2019-04-19 08:08:00', NULL, 500, NULL),
(2055, 20, '', 'Mechanical calculators', '', '2019-07-08 11:41:46', NULL, NULL, NULL),
(2056, 21, '', 'Arithma Addiator', '', '2019-07-08 11:42:10', NULL, 501, NULL),
(2057, 4, '', 'Arithma Addiator', '', '2019-07-08 11:46:58', NULL, 501, NULL),
(2058, 13, 'Stylus', '', '', '2019-07-08 11:46:58', NULL, 501, NULL),
(2059, 13, 'Case', 'Pouch', '', '2019-07-08 11:46:58', NULL, 501, NULL),
(2060, 9, '', 'ZX Spectrum+ Keyboard Tutor', '', '2019-08-02 12:35:49', NULL, NULL, NULL),
(2061, 9, '', 'User-defined Graphics Generator and Games', '', '2019-08-02 12:36:18', NULL, NULL, NULL),
(2062, 22, '', 'NES cartridge', '', '2019-08-04 19:02:18', NULL, NULL, NULL),
(2063, 22, '', 'Cassette tape', 'Compact Cassettes come in two forms, either already containing content as a prerecorded cassette (Musicassette), or as a fully recordable "blank" cassette. Both forms are reversible by the user.\n\nThe compact cassette technology was originally designed for dictation machines, but improvements in fidelity led the Compact Cassette to supplant the stereo 8-track cartridge and reel-to-reel tape recording in most non-professional applications. Its uses ranged from portable audio to home recording to data storage for early microcomputers.\n\nCompact Cassettes contain two miniature spools, between which the magnetically coated, polyester-type plastic film (magnetic tape) is passed and wound. These spools and their attendant parts are held inside a protective plastic shell which is 4×2.5×0.5 in at its largest dimensions. The tape itself was commonly referred to as "eighth-inch" tape, supposedly 1/8 inches wide, but it was slightly larger: 0.15 in. Two stereo pairs of tracks (four total) or two monaural audio tracks are available on the tape; one stereo pair or one monophonic track is played or recorded when the tape is moving in one direction and the second (pair) when moving in the other direction. This reversal is achieved either by flipping the cassette, or by the reversal of tape movement ("auto-reverse") when the mechanism detects that the tape has come to an end.', '2019-08-04 19:04:47', NULL, NULL, NULL),
(2064, 22, '', 'Floppy disk', '', '2019-08-05 05:00:36', NULL, NULL, NULL),
(2065, 22, '', 'Punch tape', '', '2019-08-05 05:01:18', NULL, NULL, NULL),
(2066, 23, '', 'Game', '', '2019-08-07 15:10:14', NULL, NULL, NULL),
(2067, 3, 'Пентагон 128', 'Pentagon 128', '', '2019-08-07 16:18:04', NULL, NULL, NULL),
(2068, 3, '', 'ZX Spectrum 16k', '', '2019-08-08 10:18:25', NULL, NULL, NULL);

-- --------------------------------------------------------

--
-- Структура таблицы `catalog_attribute`
--

CREATE TABLE `catalog_attribute` (
  `id` int(11) NOT NULL,
  `type` int(11) NOT NULL,
  `catalog_id` int(11) NOT NULL,
  `value_id` int(11) NOT NULL
) ENGINE=InnoDB DEFAULT CHARSET=utf8 COLLATE=utf8_general_mysql500_ci;

--
-- Дамп данных таблицы `catalog_attribute`
--

INSERT INTO `catalog_attribute` (`id`, `type`, `catalog_id`, `value_id`) VALUES
(1, 1, 53, 9),
(2, 1, 61, 12),
(3, 2, 1, 14),
(4, 2, 32, 15),
(5, 2, 59, 16),
(6, 2, 45, 17),
(7, 1, 31, 20),
(8, 1, 66, 21),
(9, 1, 72, 22),
(10, 2, 66, 26),
(11, 1, 3, 27),
(12, 2, 3, 28),
(13, 2, 72, 29),
(14, 2, 5, 30),
(15, 1, 1664, 31),
(16, 2, 10, 32),
(17, 2, 61, 33),
(18, 2, 279, 34),
(19, 1, 279, 35),
(20, 1, 1678, 38),
(21, 2, 1678, 39),
(22, 2, 60, 44),
(23, 1, 1729, 46),
(24, 1, 1740, 47),
(25, 1, 115, 50),
(26, 2, 115, 51),
(27, 1, 1752, 53),
(28, 1, 1753, 55),
(29, 1, 1753, 56),
(30, 1, 1753, 57),
(31, 1, 1753, 58),
(32, 1, 1754, 60),
(33, 1, 1754, 61),
(34, 1, 1754, 62),
(35, 1, 1754, 63),
(36, 1, 1758, 64),
(37, 1, 1758, 65),
(38, 1, 1758, 66),
(39, 1, 1765, 68),
(40, 1, 1765, 69),
(41, 1, 1765, 70),
(42, 1, 1766, 72),
(43, 1, 1771, 74),
(44, 1, 1772, 77),
(45, 1, 1778, 78),
(46, 1, 1778, 80),
(47, 2, 1781, 81),
(48, 1, 1781, 82),
(49, 1, 1782, 84),
(50, 1, 1792, 87),
(51, 1, 1087, 89),
(52, 1, 1820, 90),
(53, 1, 1827, 93),
(54, 1, 1855, 95),
(55, 1, 1867, 96),
(56, 1, 1872, 98),
(57, 1, 1873, 100),
(58, 1, 1874, 101),
(59, 1, 1880, 104),
(60, 1, 1891, 106),
(61, 1, 1903, 108),
(62, 1, 1908, 109),
(63, 1, 1931, 112),
(64, 1, 1936, 114),
(65, 1, 1952, 116),
(66, 1, 1976, 120),
(67, 2, 1976, 122),
(68, 1, 1980, 124),
(69, 2, 1980, 125),
(71, 2, 11, 127),
(72, 1, 1991, 132),
(73, 2, 1999, 136),
(74, 2, 2004, 137),
(75, 1, 2023, 140),
(76, 1, 2023, 141),
(77, 1, 2030, 143),
(78, 1, 2042, 146),
(79, 1, 2045, 148),
(80, 1, 2045, 150),
(81, 1, 2056, 151);

-- --------------------------------------------------------

--
-- Структура таблицы `catalog_comment`
--

CREATE TABLE `catalog_comment` (
  `comment_id` int(11) NOT NULL,
  `ref_id` int(11) NOT NULL
) ENGINE=InnoDB DEFAULT CHARSET=utf8 COLLATE=utf8_general_mysql500_ci;

-- --------------------------------------------------------

--
-- Структура таблицы `catalog_history`
--

CREATE TABLE `catalog_history` (
  `id` int(11) NOT NULL,
  `catalog_id` int(11) NOT NULL,
  `user_id` int(11) NOT NULL,
  `field` text COLLATE utf8_general_mysql500_ci NOT NULL,
  `value` text COLLATE utf8_general_mysql500_ci,
  `old_value` text COLLATE utf8_general_mysql500_ci,
  `created` timestamp NOT NULL DEFAULT CURRENT_TIMESTAMP
) ENGINE=InnoDB DEFAULT CHARSET=utf8 COLLATE=utf8_general_mysql500_ci;

-- --------------------------------------------------------

--
-- Структура таблицы `catalog_item_relation`
--

CREATE TABLE `catalog_item_relation` (
  `id` int(11) NOT NULL,
  `catalog_id` int(11) NOT NULL,
  `item_id` int(11) NOT NULL,
  `type` int(11) NOT NULL
) ENGINE=InnoDB DEFAULT CHARSET=utf8 COLLATE=utf8_general_mysql500_ci;

--
-- Дамп данных таблицы `catalog_item_relation`
--

INSERT INTO `catalog_item_relation` (`id`, `catalog_id`, `item_id`, `type`) VALUES
(1, 2060, 16, 4),
(2, 2061, 16, 4);

-- --------------------------------------------------------

--
-- Структура таблицы `catalog_relation`
--

CREATE TABLE `catalog_relation` (
  `id` int(11) NOT NULL,
  `catalog_id1` int(11) NOT NULL,
  `catalog_id2` int(11) NOT NULL,
  `type` int(11) NOT NULL
) ENGINE=InnoDB DEFAULT CHARSET=utf8 COLLATE=utf8_general_mysql500_ci;

--
-- Дамп данных таблицы `catalog_relation`
--

INSERT INTO `catalog_relation` (`id`, `catalog_id1`, `catalog_id2`, `type`) VALUES
(1, 1, 2, 1),
(2, 2, 3, 1),
(3, 2, 4, 1),
(4, 5, 6, 1),
(5, 6, 7, 1),
(6, 6, 8, 1),
(7, 6, 9, 1),
(8, 10, 12, 1),
(9, 10, 13, 1),
(10, 12, 13, 1),
(12, 12, 14, 1),
(13, 12, 15, 1),
(14, 12, 16, 1),
(15, 12, 17, 1),
(16, 12, 18, 1),
(17, 12, 19, 1),
(18, 12, 20, 1),
(19, 12, 21, 1),
(20, 12, 22, 1),
(21, 12, 23, 1),
(22, 12, 24, 1),
(23, 12, 25, 1),
(24, 12, 26, 1),
(25, 12, 27, 1),
(26, 12, 28, 1),
(27, 12, 29, 1),
(28, 12, 30, 1),
(29, 10, 31, 1),
(30, 33, 34, 1),
(31, 5, 35, 1),
(32, 37, 3, 1),
(33, 37, 38, 1),
(34, 37, 39, 1),
(35, 37, 40, 1),
(36, 37, 41, 1),
(37, 37, 42, 1),
(38, 37, 43, 1),
(40, 45, 46, 1),
(41, 46, 47, 1),
(42, 46, 48, 1),
(43, 46, 49, 1),
(44, 46, 50, 1),
(45, 46, 51, 1),
(46, 46, 52, 1),
(47, 53, 54, 1),
(48, 55, 56, 1),
(49, 55, 57, 1),
(50, 55, 58, 1),
(51, 60, 61, 1),
(53, 62, 63, 1),
(54, 62, 64, 1),
(56, 65, 66, 1),
(57, 65, 67, 1),
(58, 65, 68, 1),
(59, 70, 71, 1),
(60, 71, 72, 1),
(61, 71, 73, 1),
(62, 71, 74, 1),
(63, 71, 75, 1),
(64, 71, 76, 1),
(65, 5, 77, 1),
(66, 1, 78, 1),
(67, 79, 80, 1),
(68, 2, 386, 1),
(70, 59, 385, 1),
(71, 59, 391, 1),
(72, 78, 389, 1),
(73, 78, 384, 1),
(74, 78, 394, 1),
(75, 78, 392, 1),
(76, 69, 607, 1),
(77, 69, 608, 1),
(78, 59, 115, 1),
(79, 59, 92, 1),
(80, 59, 1663, 1),
(81, 59, 85, 1),
(82, 59, 83, 1),
(83, 59, 87, 1),
(84, 45, 1079, 1),
(87, 11, 1089, 1),
(88, 11, 1067, 1),
(89, 11, 1054, 1),
(90, 11, 1076, 1),
(91, 11, 1061, 1),
(92, 11, 1063, 1),
(93, 11, 1068, 1),
(94, 11, 1087, 1),
(95, 11, 1080, 1),
(97, 11, 1082, 1),
(98, 11, 1073, 1),
(99, 11, 1072, 1),
(100, 45, 1081, 1),
(101, 45, 1070, 1),
(102, 2, 1664, 1),
(103, 5, 1665, 1),
(104, 60, 298, 1),
(105, 60, 323, 1),
(106, 60, 304, 1),
(107, 60, 274, 1),
(108, 60, 279, 1),
(109, 60, 290, 1),
(110, 60, 280, 1),
(111, 60, 299, 1),
(112, 60, 292, 1),
(113, 60, 303, 1),
(114, 60, 285, 1),
(115, 1666, 279, 1),
(116, 1666, 1667, 1),
(117, 1666, 1668, 1),
(118, 1666, 1669, 1),
(119, 1666, 1670, 1),
(120, 1671, 288, 1),
(121, 1672, 288, 1),
(122, 1672, 1673, 1),
(123, 1672, 1674, 1),
(124, 1672, 1675, 1),
(125, 1672, 1676, 1),
(126, 1671, 1677, 1),
(127, 1679, 1678, 1),
(128, 1680, 1678, 1),
(129, 1680, 1681, 1),
(130, 1680, 1682, 1),
(131, 5, 1406, 1),
(132, 5, 213, 1),
(133, 213, 1683, 1),
(134, 5, 1684, 1),
(135, 1685, 1686, 1),
(136, 5, 1686, 1),
(137, 1687, 1686, 1),
(138, 1687, 1688, 1),
(139, 1687, 1689, 1),
(140, 1687, 1690, 1),
(141, 1687, 1691, 1),
(142, 1687, 1692, 1),
(143, 5, 1685, 1),
(144, 1693, 1694, 1),
(145, 1695, 1694, 1),
(146, 1695, 1696, 1),
(147, 5, 1697, 1),
(148, 1698, 1697, 1),
(149, 1698, 1699, 1),
(150, 1698, 1700, 1),
(151, 1698, 1701, 1),
(152, 1698, 1702, 1),
(153, 1698, 1703, 1),
(154, 1698, 1704, 1),
(155, 1698, 1705, 1),
(156, 1698, 1706, 1),
(157, 5, 1707, 1),
(160, 1, 1710, 1),
(161, 1710, 1711, 1),
(162, 1710, 1712, 1),
(163, 1710, 1664, 1),
(164, 1714, 1713, 1),
(165, 1714, 1715, 1),
(166, 1714, 1716, 1),
(167, 1714, 1717, 1),
(168, 1714, 1718, 1),
(169, 1714, 1719, 1),
(170, 1714, 1720, 1),
(171, 1714, 1721, 1),
(172, 1685, 1722, 1),
(173, 5, 1722, 1),
(174, 1723, 1722, 1),
(175, 1723, 1724, 1),
(176, 1723, 1725, 1),
(177, 5, 1726, 1),
(178, 1727, 1726, 1),
(179, 1727, 1728, 1),
(180, 78, 1729, 1),
(181, 1710, 1729, 1),
(182, 1730, 1729, 1),
(183, 1730, 1731, 1),
(184, 1730, 1732, 1),
(185, 1730, 1733, 1),
(186, 1730, 1734, 1),
(187, 1730, 1735, 1),
(188, 1730, 1736, 1),
(189, 1730, 1737, 1),
(190, 1730, 1738, 1),
(191, 1730, 1739, 1),
(192, 1741, 115, 1),
(193, 1741, 1742, 1),
(194, 1741, 1743, 1),
(195, 1741, 1744, 1),
(196, 1741, 1745, 1),
(197, 1741, 1746, 1),
(198, 1741, 1747, 1),
(199, 1741, 1748, 1),
(200, 1741, 1749, 1),
(201, 1741, 1750, 1),
(202, 1710, 1752, 1),
(203, 2, 1752, 1),
(204, 1710, 1753, 1),
(205, 78, 1753, 1),
(206, 2, 1754, 1),
(207, 1710, 1754, 1),
(208, 1755, 1754, 1),
(209, 1755, 1756, 1),
(210, 1755, 1757, 1),
(211, 1755, 1758, 1),
(212, 1755, 1759, 1),
(213, 1755, 1760, 1),
(214, 1755, 1761, 1),
(215, 1755, 1762, 1),
(216, 1755, 1763, 1),
(217, 10, 1764, 1),
(218, 1710, 1765, 1),
(219, 2, 1765, 1),
(220, 1710, 1766, 1),
(221, 2, 1766, 1),
(222, 1767, 1766, 1),
(223, 1767, 1768, 1),
(224, 1767, 1769, 1),
(225, 1767, 1770, 1),
(226, 32, 66, 1),
(227, 32, 1772, 1),
(228, 1773, 1772, 1),
(229, 1773, 1774, 1),
(230, 1773, 1775, 1),
(231, 1773, 1776, 1),
(232, 1773, 1777, 1),
(233, 1710, 1778, 1),
(234, 2, 1778, 1),
(235, 1779, 1778, 1),
(236, 1779, 1780, 1),
(237, 2, 1781, 1),
(238, 1710, 1781, 1),
(239, 1710, 1782, 1),
(240, 2, 1782, 1),
(241, 1783, 1782, 1),
(242, 1783, 1784, 1),
(243, 1783, 1785, 1),
(244, 1783, 1854, 1),
(245, 1783, 1787, 1),
(246, 1783, 1788, 1),
(247, 1783, 1789, 1),
(248, 1783, 1790, 1),
(249, 1710, 1791, 1),
(250, 2, 1791, 1),
(251, 10, 1792, 1),
(252, 1793, 1792, 1),
(253, 1793, 1794, 1),
(254, 1793, 1795, 1),
(255, 1793, 1796, 1),
(256, 1793, 1797, 1),
(257, 1793, 1798, 1),
(258, 1793, 1799, 1),
(259, 1793, 1800, 1),
(260, 1793, 1801, 1),
(261, 1793, 1802, 1),
(262, 1793, 1803, 1),
(263, 1793, 1804, 1),
(264, 1793, 1805, 1),
(265, 1793, 1806, 1),
(266, 1793, 1807, 1),
(267, 1793, 1808, 1),
(268, 1793, 1809, 1),
(269, 1793, 1810, 1),
(270, 1793, 1811, 1),
(271, 1793, 1812, 1),
(272, 1793, 1813, 1),
(273, 1814, 1087, 1),
(274, 1814, 1815, 1),
(275, 1814, 1816, 1),
(276, 1814, 1817, 1),
(277, 1814, 1818, 1),
(278, 1814, 1819, 1),
(279, 69, 1820, 1),
(280, 1821, 1820, 1),
(281, 1821, 1822, 1),
(282, 1821, 1823, 1),
(283, 1821, 1824, 1),
(284, 1821, 1825, 1),
(285, 1821, 1826, 1),
(286, 69, 1827, 1),
(287, 1828, 1827, 1),
(288, 1828, 1829, 1),
(289, 1828, 1830, 1),
(290, 1828, 1831, 1),
(291, 1832, 340, 1),
(292, 1832, 1833, 1),
(293, 1832, 1834, 1),
(294, 1832, 1835, 1),
(295, 1832, 1836, 1),
(296, 1832, 1837, 1),
(297, 1832, 1838, 1),
(298, 1832, 1839, 1),
(299, 69, 1840, 1),
(300, 1841, 1840, 1),
(301, 1841, 1842, 1),
(302, 1841, 1843, 1),
(303, 1841, 1844, 1),
(304, 1841, 1845, 1),
(305, 1841, 1846, 1),
(306, 1841, 1847, 1),
(307, 1841, 1848, 1),
(308, 1850, 1849, 1),
(309, 1850, 1851, 1),
(310, 1850, 1852, 1),
(311, 1850, 1853, 1),
(312, 2, 1855, 1),
(313, 1710, 1855, 1),
(314, 1856, 1855, 1),
(315, 1856, 1857, 1),
(316, 1856, 1858, 1),
(317, 1856, 1859, 1),
(318, 1856, 1860, 1),
(319, 1856, 1861, 1),
(320, 1856, 1862, 1),
(321, 1856, 1863, 1),
(322, 1856, 1864, 1),
(323, 1856, 1865, 1),
(324, 1856, 1866, 1),
(325, 1856, 1854, 1),
(326, 5, 1867, 1),
(327, 5, 63, 1),
(328, 1869, 1868, 1),
(329, 1869, 1870, 1),
(330, 1869, 1871, 1),
(331, 1710, 1873, 1),
(332, 2, 1873, 1),
(333, 1874, 1873, 1),
(334, 1874, 1875, 1),
(335, 1874, 1876, 1),
(336, 1874, 1877, 1),
(337, 1874, 1878, 1),
(338, 1874, 1879, 1),
(339, 1710, 1880, 1),
(340, 2, 1880, 1),
(341, 1881, 1880, 1),
(342, 1881, 1882, 1),
(343, 1881, 1883, 1),
(344, 1881, 1884, 1),
(345, 1881, 1885, 1),
(346, 1881, 1886, 1),
(347, 1881, 1887, 1),
(348, 1881, 1888, 1),
(349, 1881, 1889, 1),
(350, 1881, 1890, 1),
(351, 1710, 1891, 1),
(352, 1892, 1891, 1),
(353, 1892, 1893, 1),
(354, 1892, 1894, 1),
(355, 1892, 1895, 1),
(356, 1892, 1896, 1),
(357, 1892, 1897, 1),
(358, 1892, 1898, 1),
(359, 1892, 1899, 1),
(360, 1892, 1900, 1),
(361, 1892, 1901, 1),
(362, 1892, 1902, 1),
(363, 2, 1891, 1),
(364, 1710, 1903, 1),
(365, 2, 1903, 1),
(366, 1904, 1903, 1),
(367, 1904, 1905, 1),
(368, 1904, 1906, 1),
(369, 1904, 1907, 1),
(370, 1909, 1908, 1),
(371, 1909, 1910, 1),
(372, 1909, 1911, 1),
(373, 1909, 1912, 1),
(374, 1909, 1913, 1),
(375, 1909, 1914, 1),
(376, 36, 1915, 1),
(377, 1916, 1915, 1),
(378, 1916, 1917, 1),
(379, 1916, 1918, 1),
(380, 1916, 1919, 1),
(381, 1916, 1920, 1),
(382, 1916, 1921, 1),
(383, 1916, 1922, 1),
(384, 1916, 1923, 1),
(385, 1916, 1924, 1),
(386, 1916, 1925, 1),
(387, 1916, 1926, 1),
(388, 1916, 1927, 1),
(389, 1916, 1928, 1),
(390, 1916, 1929, 1),
(391, 1916, 1930, 1),
(392, 2, 1931, 1),
(393, 1932, 1931, 1),
(394, 1932, 1933, 1),
(395, 1932, 1934, 1),
(396, 1932, 1935, 1),
(397, 1937, 1936, 1),
(398, 1937, 1938, 1),
(399, 1937, 1939, 1),
(400, 1937, 1940, 1),
(401, 1937, 1941, 1),
(402, 1937, 1942, 1),
(403, 1937, 1943, 1),
(404, 1937, 1944, 1),
(405, 1937, 1945, 1),
(406, 1937, 1946, 1),
(407, 1937, 1896, 1),
(408, 1710, 1947, 1),
(409, 2, 1947, 1),
(410, 1948, 1947, 1),
(411, 1948, 1949, 1),
(412, 1948, 1950, 1),
(413, 1948, 1951, 1),
(414, 1948, 1854, 1),
(415, 1710, 1952, 1),
(416, 2, 1952, 1),
(417, 1953, 1952, 1),
(418, 1953, 1954, 1),
(419, 1953, 1955, 1),
(420, 1953, 1956, 1),
(421, 1953, 1957, 1),
(422, 1953, 1958, 1),
(423, 1953, 1959, 1),
(424, 1953, 1960, 1),
(425, 1953, 1961, 1),
(426, 1953, 1962, 1),
(427, 12, 13, 2),
(428, 37, 3, 2),
(429, 46, 47, 2),
(430, 55, 56, 2),
(431, 62, 63, 2),
(432, 65, 66, 2),
(433, 71, 72, 2),
(434, 1666, 279, 2),
(435, 1672, 288, 2),
(436, 1680, 1678, 2),
(437, 1687, 1686, 2),
(438, 1695, 1694, 2),
(439, 1698, 1697, 2),
(440, 1714, 1713, 2),
(441, 1723, 1722, 2),
(442, 1727, 1726, 2),
(443, 1730, 1729, 2),
(444, 1741, 115, 2),
(445, 1755, 1754, 2),
(446, 1767, 1766, 2),
(447, 1773, 1772, 2),
(448, 1779, 1778, 2),
(449, 1783, 1782, 2),
(450, 1793, 1792, 2),
(451, 1814, 1087, 2),
(452, 1821, 1820, 2),
(453, 1828, 1827, 2),
(454, 1832, 340, 2),
(455, 1841, 1840, 2),
(456, 1850, 1849, 2),
(457, 1856, 1854, 2),
(458, 1869, 1868, 2),
(459, 1874, 1873, 2),
(460, 1881, 1880, 2),
(461, 1892, 1891, 2),
(462, 1904, 1903, 2),
(463, 1909, 1908, 2),
(464, 1916, 1915, 2),
(465, 1932, 1931, 2),
(466, 1937, 1896, 2),
(467, 1948, 1854, 2),
(468, 1953, 1952, 2),
(490, 69, 1963, 1),
(491, 2, 1965, 1),
(492, 1710, 1965, 1),
(493, 1966, 1965, 1),
(494, 1966, 1965, 2),
(495, 1966, 1967, 1),
(496, 1710, 1968, 1),
(497, 2, 1968, 1),
(498, 1969, 1968, 1),
(499, 1969, 1968, 2),
(500, 1969, 1970, 1),
(501, 1969, 1971, 1),
(502, 1969, 1972, 1),
(503, 1969, 1973, 1),
(504, 1969, 1974, 1),
(505, 1975, 1976, 1),
(506, 1977, 1976, 1),
(507, 1977, 1976, 2),
(508, 1977, 1978, 1),
(509, 1977, 1979, 1),
(510, 1981, 1980, 1),
(511, 1981, 1980, 2),
(512, 1981, 1982, 1),
(513, 32, 496, 1),
(514, 32, 488, 1),
(515, 32, 500, 1),
(516, 32, 509, 1),
(517, 32, 502, 1),
(518, 32, 505, 1),
(519, 32, 506, 1),
(520, 32, 491, 1),
(521, 1983, 1984, 1),
(522, 1984, 1985, 1),
(523, 1984, 1986, 1),
(524, 1984, 1987, 1),
(525, 1988, 1987, 1),
(526, 1988, 1987, 2),
(527, 1988, 1989, 1),
(528, 1988, 1990, 1),
(529, 1992, 1991, 1),
(530, 1992, 1991, 2),
(531, 1992, 1993, 1),
(532, 1995, 1994, 1),
(533, 1995, 1994, 2),
(534, 1995, 1996, 1),
(535, 1995, 1997, 1),
(536, 1995, 1998, 1),
(537, 2000, 1999, 1),
(538, 2000, 1999, 2),
(539, 2000, 2001, 1),
(540, 2000, 2002, 1),
(541, 2005, 2004, 1),
(542, 2005, 2004, 2),
(543, 2005, 2006, 1),
(544, 2005, 2007, 1),
(545, 2005, 2008, 1),
(546, 2005, 2009, 1),
(547, 2010, 1999, 1),
(548, 2010, 1976, 1),
(549, 2010, 1980, 1),
(550, 2010, 72, 1),
(551, 2010, 2004, 1),
(552, 2010, 2011, 1),
(553, 2012, 2011, 1),
(554, 2012, 2011, 2),
(555, 2012, 2013, 1),
(556, 2012, 2014, 1),
(557, 2012, 2015, 1),
(558, 2012, 2016, 1),
(559, 2012, 2017, 1),
(560, 2012, 2018, 1),
(561, 2012, 2019, 1),
(562, 2012, 2020, 1),
(563, 1710, 1931, 1),
(564, 1710, 773, 1),
(565, 2, 773, 1),
(566, 1710, 774, 1),
(567, 2021, 260, 1),
(568, 2021, 1457, 1),
(569, 2021, 267, 1),
(570, 2021, 9, 1),
(571, 2021, 7, 1),
(572, 2021, 8, 1),
(573, 2021, 1406, 1),
(574, 2003, 2022, 1),
(575, 2022, 2023, 1),
(576, 2024, 2023, 1),
(577, 2024, 2023, 2),
(578, 2024, 2025, 1),
(579, 2024, 2026, 1),
(580, 2024, 2027, 1),
(581, 2024, 2028, 1),
(582, 2003, 2029, 1),
(583, 2029, 2030, 1),
(584, 2031, 2030, 1),
(585, 2031, 2030, 2),
(586, 2031, 2032, 1),
(587, 2031, 2033, 1),
(588, 2031, 2034, 1),
(589, 2031, 2035, 1),
(590, 2031, 2036, 1),
(591, 2031, 2037, 1),
(592, 2031, 2038, 1),
(593, 2031, 2039, 1),
(594, 2031, 2040, 1),
(595, 2031, 2041, 1),
(596, 2043, 2042, 1),
(597, 2043, 2042, 2),
(598, 2043, 2044, 1),
(599, 2046, 2045, 1),
(600, 2046, 2045, 2),
(601, 2046, 2047, 1),
(602, 2046, 2048, 1),
(603, 2046, 2049, 1),
(604, 2046, 2050, 1),
(605, 6, 2051, 1),
(606, 2052, 2051, 1),
(607, 2052, 2051, 2),
(608, 2052, 2053, 1),
(609, 2052, 2054, 1),
(610, 2021, 2051, 1),
(611, 2055, 2056, 1),
(612, 2057, 2056, 1),
(613, 2057, 2056, 2),
(614, 2057, 2058, 1),
(615, 2057, 2059, 1),
(616, 2060, 42, 4),
(617, 2061, 42, 4),
(618, 2062, 1844, 1),
(619, 2063, 1853, 1),
(620, 2063, 1857, 1),
(621, 2063, 1875, 1),
(622, 2063, 1889, 1),
(623, 2063, 1954, 1),
(624, 2063, 1974, 1),
(625, 2063, 1787, 1),
(626, 2063, 1763, 1),
(627, 2063, 1896, 1),
(628, 2063, 1810, 1),
(629, 2063, 1798, 1),
(630, 2063, 1731, 1),
(631, 2063, 1744, 1),
(632, 1, 2060, 5),
(633, 1, 2061, 5),
(634, 1710, 2067, 1),
(635, 1, 2068, 1);

-- --------------------------------------------------------

--
-- Структура таблицы `catalog_type`
--

CREATE TABLE `catalog_type` (
  `id` int(11) NOT NULL,
  `title` text COLLATE utf8_general_mysql500_ci NOT NULL,
  `is_physical` tinyint(1) NOT NULL DEFAULT '1',
  `is_group` tinyint(1) NOT NULL DEFAULT '0',
  `is_kit` tinyint(1) NOT NULL DEFAULT '0'
) ENGINE=InnoDB DEFAULT CHARSET=utf8 COLLATE=utf8_general_mysql500_ci;

--
-- Дамп данных таблицы `catalog_type`
--

INSERT INTO `catalog_type` (`id`, `title`, `is_physical`, `is_group`, `is_kit`) VALUES
(1, 'Nothing', 1, 0, 0),
(2, 'Computer family', 0, 1, 0),
(3, 'Computer', 1, 0, 0),
(4, 'Kit', 1, 0, 1),
(5, 'Mainboard', 1, 0, 0),
(6, 'Peripheral device', 1, 0, 0),
(8, 'Manual', 1, 0, 0),
(9, 'Software', 1, 0, 0),
(11, 'Book', 1, 0, 0),
(12, 'Schematics', 1, 0, 0),
(13, 'Other', 1, 0, 0),
(15, 'Cable/Adapter', 1, 0, 0),
(16, 'Data storage', 1, 0, 0),
(18, 'Console', 1, 0, 0),
(19, 'Console family', 0, 1, 0),
(20, 'Calculator family', 0, 1, 0),
(21, 'Calculator', 1, 0, 0),
(22, 'Data storage family', 0, 1, 0),
(23, 'Software family', 0, 1, 0);

-- --------------------------------------------------------

--
-- Структура таблицы `collection`
--

CREATE TABLE `collection` (
  `id` int(11) NOT NULL,
  `owner_id` int(11) NOT NULL,
  `created` timestamp NOT NULL DEFAULT CURRENT_TIMESTAMP,
  `title` text COLLATE utf8_general_mysql500_ci NOT NULL,
  `description` text COLLATE utf8_general_mysql500_ci NOT NULL
) ENGINE=InnoDB DEFAULT CHARSET=utf8 COLLATE=utf8_general_mysql500_ci;

--
-- Дамп данных таблицы `collection`
--

INSERT INTO `collection` (`id`, `owner_id`, `created`, `title`, `description`) VALUES
(1, 1, '2018-09-01 12:07:10', 'Old computers and stuff', ''),
(2, 2, '2018-09-01 14:45:48', 'The emptiest collection. Ever.', 'There\'s nothing out here. All there is is sea, and birds, and fish. And 20,000 tons of crude oil. And a fire. And the part of the ship that the front fell off. There\'s nothing else out here. It\'s a complete void.');

-- --------------------------------------------------------

--
-- Структура таблицы `comment`
--

CREATE TABLE `comment` (
  `id` int(11) NOT NULL,
  `user_id` int(11) NOT NULL,
  `message` text COLLATE utf8_general_mysql500_ci NOT NULL,
  `created` timestamp NOT NULL DEFAULT CURRENT_TIMESTAMP
) ENGINE=InnoDB DEFAULT CHARSET=utf8 COLLATE=utf8_general_mysql500_ci;

--
-- Дамп данных таблицы `comment`
--

INSERT INTO `comment` (`id`, `user_id`, `message`, `created`) VALUES
(1, 1, 'Now it is a frankenpad - screen and case from T60p 15" and internals from T60.', '2019-06-28 17:23:13');

-- --------------------------------------------------------

--
-- Структура таблицы `company`
--

CREATE TABLE `company` (
  `id` int(11) NOT NULL,
  `title` text COLLATE utf8_general_mysql500_ci NOT NULL
) ENGINE=InnoDB DEFAULT CHARSET=utf8 COLLATE=utf8_general_mysql500_ci;

--
-- Дамп данных таблицы `company`
--

INSERT INTO `company` (`id`, `title`) VALUES
(1, 'Microdigital'),
(2, 'MicroAce'),
(3, 'OTRONA'),
(4, 'Körting'),
(5, 'VIDEO TECHNOLOGY'),
(6, 'Radiola'),
(7, 'Vtech (Video Technology)'),
(8, 'MUPID'),
(9, 'SNK'),
(10, 'Timex Sinclair'),
(11, 'Exidy'),
(12, 'MCM COMPUTERS'),
(13, 'Unisys'),
(14, 'A10'),
(15, 'Sord'),
(16, 'NCR'),
(17, 'ADDS'),
(18, 'SMT'),
(19, 'ACTRIX'),
(20, 'MUSTANG'),
(21, 'NANO'),
(22, 'RADIO SHACK'),
(23, 'MICROMEGA'),
(24, 'PROTEUS INTERNATIONAL'),
(25, 'MICROWRITER'),
(26, 'ULTRASOUND'),
(27, 'INTERTON'),
(28, 'Dragon Data Ltd'),
(29, 'Videoton'),
(30, 'Gemini'),
(31, 'ASAFLEX'),
(32, 'Intel'),
(33, 'Goldstar'),
(34, 'IPTVT (TRAIAN VUIA POLYTECHNICAL INSTITUTE)'),
(35, 'ATT'),
(36, 'COMX WORLD OPERATIONS LIMITED'),
(37, 'H.G.S. Electronic'),
(38, 'Samsung'),
(39, 'Motorola'),
(40, 'AVT ELECTRONICS'),
(41, 'Educatel'),
(42, 'OHIO Scientific'),
(43, 'Toshiba'),
(44, 'VEB Microelektronik'),
(45, 'MIDWICH'),
(46, 'Siera'),
(47, 'Televideo'),
(48, 'IBM'),
(49, 'SCHNEIDER (PHILIPS)'),
(50, 'Microkey KFFT'),
(51, 'CCE'),
(52, 'ITMC'),
(53, 'Grundy'),
(54, 'NATIONAL RADIO INSTITUTE'),
(55, 'UNITRON (BRAZIL)'),
(56, 'HEATHKIT'),
(57, 'TIMEX COMPUTERS'),
(58, 'Hitachi'),
(59, 'Secoinsa'),
(60, 'CABEL'),
(61, 'MIT'),
(62, 'SEB LOISIRS'),
(63, 'FRAEL'),
(64, 'Alpha Micro'),
(65, 'S.H.G.'),
(66, 'METROLOGIE'),
(67, 'VELEBIT'),
(68, 'STAREX'),
(69, 'MECIPT'),
(70, 'Kyocera'),
(71, 'Osborne Corp.'),
(72, 'MICROCOMPUTER ASSOCIATES INC.'),
(73, 'Epson'),
(74, 'Sage Computer Technology'),
(75, 'Atari'),
(76, 'ROBERTS'),
(77, 'Daewoo'),
(78, 'Cifer Systems'),
(79, 'SOUNDIC'),
(80, 'SAITEK'),
(81, 'WORLD BOOK'),
(82, 'Sega'),
(83, 'Bit Corporation'),
(84, 'ACCESS COMPUTER'),
(85, 'PALLADIUM'),
(86, 'Morrow Designs'),
(87, 'EAGLE COMPUTERS INC.'),
(88, 'Advanced Computer Systems'),
(89, 'Memotech'),
(90, 'SHELTON INSTRUMENTS'),
(91, 'Exelvision'),
(92, 'Signetics'),
(93, 'ABS'),
(94, 'BüROMASCHINENWERKE ZELLA-MEHLIS'),
(95, 'TELMI'),
(96, 'Pravetz'),
(97, 'DVW MICRO-ELECTRONICS'),
(98, 'Sinclair'),
(99, 'Smoke Signal Broadcasting'),
(100, 'JOSTYKIT'),
(101, 'MARQUETTE ELECTRONICS'),
(102, 'POPPY'),
(103, 'INTERSTELLAR FIGHTER'),
(104, 'ABS COMPUTER'),
(105, 'MGT (Miles Gordon Technology)'),
(106, 'CENTRAL DATA'),
(107, 'Data Technology Industries'),
(108, 'CAMBRIDGE COMPUTERS'),
(109, 'DAVID COMPUTER'),
(110, 'TRIUMPH ADLER'),
(111, 'VECTRIX'),
(112, 'PLAYTECH'),
(113, 'BRASCOM'),
(114, 'Robotron'),
(115, 'MOS TECHNOLOGY'),
(116, 'SBS'),
(117, 'Fairchild'),
(118, 'Zenith Data Systems'),
(119, 'MULTITECH'),
(120, 'Lucas'),
(121, 'IMCE'),
(122, 'COMART'),
(123, 'Psion'),
(124, 'Enterprise'),
(125, 'NOVOTON'),
(126, 'HBN Computeur'),
(127, 'Orange'),
(128, 'Convex Computer Corp.'),
(129, 'Acorn'),
(130, 'GCE'),
(131, 'Dick Smith'),
(132, 'Talent Telematica'),
(133, 'Jupiter Cantab'),
(134, 'Mindset Corp.'),
(135, 'Game Master'),
(136, 'AVAL'),
(137, 'ALEX'),
(138, 'REDANT'),
(139, 'LEMZ'),
(140, 'CSIRAC'),
(141, 'MIRAGAMA'),
(142, 'Digital Micro Systems'),
(143, 'VOLTMACE'),
(144, 'Independant Business Systems'),
(145, 'MERA-ELZAB'),
(146, 'PRINZTRONIC'),
(147, 'Dismac'),
(148, 'Cray Research'),
(149, 'Camputers'),
(150, 'ATOMIC ENERGY AUTHORITY (UK)'),
(151, 'Aiwa'),
(152, 'SMH - ALCATEL'),
(153, 'INTEL (GERMANY)'),
(154, 'DARLAY'),
(155, 'MBO'),
(156, 'Apple'),
(157, 'EXXON'),
(158, 'Processor Technology Corp'),
(159, 'TALENT/TELEMATICA'),
(160, 'Rockwell'),
(161, 'GEM'),
(162, 'AI Electronics'),
(163, 'TELENG'),
(164, 'UNIVERSUM'),
(165, 'Nokia'),
(166, 'TOKYO'),
(167, 'Medusa'),
(168, 'Sharp'),
(169, 'CONIC'),
(170, 'GENERAL HOME PRODUCTS (GHP)'),
(171, 'National Semiconductor'),
(172, 'MAGICLICK'),
(173, 'Tatung'),
(174, 'CONITEC'),
(175, 'LOGYSTEM'),
(176, 'SPICA'),
(177, 'DULMONT'),
(178, 'RAIR microcomputer'),
(179, 'MATSUSHITA'),
(180, 'DARLEY'),
(181, 'G.Z.E. UNIMOR'),
(182, 'Logabax'),
(183, 'EDS'),
(184, 'Acetronic'),
(185, 'OPEN UNIVERSITY, UK'),
(186, 'Intertec'),
(187, 'Nintendo'),
(188, 'Siemens'),
(189, 'DYNALOGIC'),
(190, 'POWERTRAN CYBERNETICS'),
(191, 'Sanco'),
(192, 'CREATIVE TECHNOLOGY'),
(193, 'UNIVOX'),
(194, 'Q1 CORPORATION'),
(195, 'KONTRON'),
(196, 'Xerox'),
(197, 'SONICO'),
(198, 'D&D Systems'),
(199, 'FUJI ELECTRIC'),
(200, 'NBI'),
(201, 'LEISURE-DYNAMICS'),
(202, 'MBC'),
(203, 'TERTA'),
(204, 'MYARC'),
(205, 'Sirius Computer'),
(206, 'Pioneer'),
(207, 'SEARS'),
(208, 'PERTEC'),
(209, 'Apollo 7'),
(210, 'COLLINS INTERNATIONAL TRADING CORPORATION'),
(211, 'Coleco'),
(212, 'ELECTRONIC PRODUCT ASS.'),
(213, 'Kaypro'),
(214, 'Altos Computer Systems'),
(215, 'BASF'),
(216, 'Olympia'),
(217, 'Ice-Felix'),
(218, 'SANWA'),
(219, 'GORENJE'),
(220, 'Ce-Tec'),
(221, 'CODIMEX'),
(222, 'Matra'),
(223, 'PEL VARAZDIN'),
(224, 'RIL (ROLLET INTERNATIONAL LIMITED)'),
(225, 'ELEKTRONSKA INDUSTRIJA NIS'),
(226, 'Cambridge Research'),
(227, 'Creon Enterprises'),
(228, 'INGERSOLL'),
(229, 'EXTENSIS'),
(230, 'VISUAL TECHNOLOGY'),
(231, 'Mits'),
(232, 'CW/P'),
(233, 'IVASIM ELEKTRONIKA'),
(234, 'HEATHKIT / ZENITH'),
(235, 'Texet'),
(236, 'Polymorphic'),
(237, 'Schumec'),
(238, 'Unitron (Alemania)'),
(239, 'Elwro'),
(240, 'MATCH'),
(241, 'Northstar'),
(242, 'SANDS'),
(243, 'Tiger'),
(244, 'Konix'),
(245, 'Vector Graphics'),
(246, 'Texas Instruments'),
(247, 'Iasis'),
(248, 'VICTOR'),
(249, 'DATAVUE'),
(250, 'Digital Equipment Corporation'),
(251, 'ISKRA DELTA'),
(252, 'brd'),
(253, 'AM International Jacquard Systems'),
(254, 'RADIONIC'),
(255, 'Sony'),
(256, 'TELE-PARTNER'),
(257, 'POLYCORP'),
(258, 'Electronica'),
(259, 'Billings'),
(260, 'SELCOM'),
(261, 'Oki'),
(262, 'TIKI-DATA'),
(263, 'Matra Hachette'),
(264, 'WORLDS OF WONDER'),
(265, 'NATIONAL'),
(266, 'MSI'),
(267, 'COMPUTER DEVICES INCORPORATED'),
(268, 'Ban Dai'),
(269, 'Yeno'),
(270, 'HOLBORN'),
(271, 'Kemitron'),
(272, 'HOMELAB SERIES'),
(273, 'NTT'),
(274, 'Remington Rand'),
(275, 'SPORTRON'),
(276, 'I.S.T.C. (Informatic Systèmes Télécom)'),
(277, 'Hanimex'),
(278, 'RCA'),
(279, 'Grid'),
(280, 'ACORN COMPUTER'),
(281, 'Synertek'),
(282, 'Thomson'),
(283, 'TRIOS MICRO SYSTEMS'),
(284, 'MISC'),
(285, 'BAINBRIDGE RESEARCH AND DEVELOPMENT, INC.'),
(286, 'Advance Technology'),
(287, 'SONOLOR'),
(288, 'Epoch'),
(289, 'CORVUS SYSTEMS'),
(290, 'SYSTEM FORMULET INC.'),
(291, 'Telcon Industries'),
(292, 'Nixdorf'),
(293, 'Emerson'),
(294, 'Czerweny'),
(295, 'Research Machines'),
(296, 'COMX'),
(297, 'Gakken'),
(298, 'Spectravideo'),
(299, 'Firefox'),
(300, 'QUAY Corporation'),
(301, 'ITT'),
(302, 'Tomy'),
(303, 'Panasonic'),
(304, 'Seequa'),
(305, 'Sages'),
(306, 'Dynacom'),
(307, 'Bull'),
(308, 'RADOFIN ELECTRONICS LIMITED'),
(309, 'Feedback'),
(310, 'Casio'),
(311, 'Compucolor Corporation'),
(312, 'NORMEREL'),
(313, 'Fujitsu'),
(314, 'Sanyo'),
(315, 'TELE FLIP'),
(316, 'Lambda Electronics Limited'),
(317, 'ASCI'),
(318, 'Brandt Electronique'),
(319, 'ONTEL'),
(320, 'SUN'),
(321, 'PRIM 6 VIDEO'),
(322, 'ORDISOR'),
(323, 'Honeywell'),
(324, 'ENGLISH ELECTRIC CO.'),
(325, 'INTV CORP.'),
(326, 'Didaktik'),
(327, 'JouéClub'),
(328, 'HOBBIT'),
(329, 'Husky Computers Limited'),
(330, 'Be'),
(331, 'Rollet'),
(332, 'GAVILAN'),
(333, 'Salora'),
(334, 'TONEL'),
(335, 'Data Soft'),
(336, 'Leanord'),
(337, 'Tapwave'),
(338, 'Tandy Radio Shack'),
(339, 'Commodore'),
(340, 'BASIS'),
(341, 'R2E'),
(342, 'ADD-X Système'),
(343, 'Hewlett Packard'),
(344, 'AXEL'),
(345, 'Mitsubishi'),
(346, 'R.F.T.'),
(347, 'APF'),
(348, 'Oric'),
(349, 'WICAT'),
(350, 'LAMBDA ELECTRONICS LTD'),
(351, 'T.R.Q. (Talleres Radioeléctricos Querol)'),
(352, 'ICL'),
(353, 'Canon'),
(354, 'Amstrad'),
(355, 'MICRONIQUE'),
(356, 'BINATONE'),
(357, 'Creative Labs'),
(358, 'Applied Technologies'),
(359, 'UNIMEX'),
(360, 'DIGITUS'),
(361, 'BLAUPUNKT'),
(362, 'PROF80'),
(363, 'Merlin'),
(364, 'DATAPOINT CORPORATION'),
(365, 'FORTUNE'),
(366, 'SEIKO'),
(367, 'ISC (Intelligent Systems Corp)'),
(368, 'MAGNAVOX'),
(369, 'YASHICA'),
(370, 'Akor'),
(371, 'Stellar Electronique'),
(372, 'MSX'),
(373, 'Telenova'),
(374, 'South West Technical Products Corporation'),
(375, 'Durango'),
(376, 'SUPERLECTRON'),
(377, 'ENTEX'),
(378, 'CONTINENTAL EDISON / SABA'),
(379, 'SOBRELEC'),
(380, 'Olivetti'),
(381, 'ZPA'),
(382, 'Videomaster'),
(383, 'Nec'),
(384, 'Dynadata'),
(385, 'ACC'),
(386, 'V-MARC'),
(387, 'Convergent Technologies'),
(388, 'SYMAG Informatique'),
(389, 'Mostek'),
(390, 'COMPUTER DATA SYSTEMS'),
(391, 'TEI'),
(392, 'Quasar Data Products'),
(393, 'BRITISH MICRO'),
(394, 'WELECT'),
(395, 'INDUSTRIA ARGENTINA'),
(396, 'SCIENCE FAIR'),
(397, 'BENTLEY'),
(398, 'Unipolbrit'),
(399, 'Litton - Monroe'),
(400, 'Yamaha'),
(401, 'MENTOR'),
(402, 'DMS'),
(403, 'TRANSAM'),
(404, 'I.S.T.C. (INFORMATIC SYSTČMES TÉLÉCOM)'),
(405, 'DATAMAN DESIGNS'),
(406, 'CAB'),
(407, 'Lobo Drives International'),
(408, 'ACT Apricot'),
(409, 'INTERVISION'),
(410, 'JVC'),
(411, 'SYSDATA ELETRONICA'),
(412, 'ADD-X SYSTČME'),
(413, 'AMPERE'),
(414, 'ROWTRON'),
(415, 'KAWAI'),
(416, 'SMT Goupil'),
(417, 'ISOT'),
(418, 'Nakajima'),
(419, 'Seattle Computer'),
(420, 'GALAKSIJA'),
(421, 'KENBAK COMPUTER COMPANY'),
(422, 'RIVA'),
(423, 'COMPUMEDIC'),
(424, 'ELECTROMAGNETICA'),
(425, 'SOLID STATE TECHNOLOGY'),
(426, 'LNW RESEARCH'),
(427, 'ACT'),
(428, 'Gradiente'),
(429, 'MILTON BRADLEY'),
(430, 'ZBA'),
(431, 'Epcom / Sharp'),
(432, 'ADVISION'),
(433, 'Cromemco'),
(434, 'MICROKIT'),
(435, 'THORN EMI'),
(436, 'POLISTIL'),
(437, 'SCHMID'),
(438, 'Tesla'),
(439, 'PIZON BROS'),
(440, 'Grandstand'),
(441, 'Prologica'),
(442, 'Société Occitane d\'Electronique'),
(443, 'Compukit'),
(444, 'SEMI-TECH'),
(445, 'Unitron (Brasil)'),
(446, 'UNITRON (GERMANY)'),
(447, 'Mattel Electronics'),
(448, 'CONCEPT 2000'),
(449, 'Next Computers'),
(450, 'Philips'),
(451, 'Interact'),
(452, 'Audiosonic'),
(453, 'ORMATU ELECTRIC BV'),
(454, 'PROMOTORS LTD'),
(455, 'Columbia Data Products'),
(456, 'Compaq'),
(457, 'SCHNEIDER (GERMANY)'),
(458, 'Luxor'),
(459, 'TASHKI COMPUTER SYSTEM'),
(460, 'MARK-8'),
(461, 'IMSAI'),
(462, 'Indata'),
(463, 'SAFT LECLANCHÉ'),
(464, 'Eaca'),
(465, 'Bally'),
(466, 'POLYCON'),
(467, 'SIXPLAY'),
(468, 'Fox'),
(469, 'TANGERINE'),
(470, 'General'),
(471, 'C.ITOH'),
(472, 'SCIENTIFIC COMPUTER'),
(473, 'Regnecentralen'),
(474, 'GAMATIC'),
(475, 'IMLAC'),
(476, 'Peerless'),
(477, 'COMPUTER & ELECTRONIC SYSTEM'),
(478, 'Compupro'),
(479, 'IBP'),
(480, 'Intersystems'),
(481, 'Franklin'),
(482, 'KOSMOS'),
(483, 'Nova Eletrônica'),
(484, 'НПО "Аксон"'),
(485, 'МПО ВТ'),
(486, 'Scorpion'),
(487, 'Dingoo Digital'),
(488, 'AT&T'),
(489, 'НПО Ротор'),
(490, 'БЭМЗ'),
(491, 'Steepler'),
(492, 'Simba'),
(493, 'Ставропольский радиозавод "Сигнал"'),
(494, 'НПО "Электронмаш"'),
(495, 'Днепровский машиностроительный завод'),
(496, 'Subor'),
(497, 'Citizen'),
(498, 'Palm Computing'),
(499, 'Acer'),
(500, 'Lenovo'),
(501, 'Addiator Gesellschaft');

-- --------------------------------------------------------

--
-- Структура таблицы `image`
--

CREATE TABLE `image` (
  `id` int(11) NOT NULL,
  `ext` text COLLATE utf8_general_mysql500_ci NOT NULL,
  `filename` text COLLATE utf8_general_mysql500_ci NOT NULL,
  `owner_id` int(11) DEFAULT NULL
) ENGINE=InnoDB DEFAULT CHARSET=utf8 COLLATE=utf8_general_mysql500_ci;

--
-- Дамп данных таблицы `image`
--

INSERT INTO `image` (`id`, `ext`, `filename`, `owner_id`) VALUES
(2, 'jpg', 'ZXSpectrumPlus.jpg', 1),
(3, 'jpg', 'ThinkPad_iSeries_1161.jpg', 1),
(4, 'jpg', 'ThinkPad_T60_T60p.jpg', 1),
(5, 'jpg', 'ThinkPad_T60_T60p.jpg', 1),
(6, 'jpg', 'SchneiderCPC464.jpg', 1),
(7, 'jpg', 'ApogeyWhite.jpg', 1),
(8, 'jpg', 'Commodore64C.jpg', 1),
(9, 'jpg', 'Korvet.jpg', 1),
(10, 'jpg', 'Korvet8010.jpg', 1),
(11, 'jpg', 'Robotron1715M.jpg', 1),
(12, 'jpg', 'Atari-800XL.jpg', 1),
(13, 'jpg', 'Atari800XL.jpg', 1),
(14, 'png', 'zx_spectrum.png', 1),
(15, 'png', 'apple2.png', 1),
(16, 'png', 'zx80.png', 1),
(17, 'png', 'c64.png', 1),
(18, 'jpg', 'NCR_PC4.jpg', 1),
(19, 'jpg', 'Base64A.jpg', 1),
(20, 'jpg', 'Mikrosha.jpg', 1),
(21, 'jpg', 'base-64.jpg', 1),
(22, 'png', 'TI-82.png', 1),
(23, 'jpg', 'TI82.jpg', 1),
(24, 'jpg', 'CompaqLTE5280.jpg', 1),
(25, 'jpg', 'SunfireV100.jpg', 1),
(26, 'jpg', 'Base64ALogo.jpg', 1),
(27, 'jpg', 'ZX_Spectrum.jpg', 1),
(28, 'jpg', 'ZX_SpectrumLogo.jpg', 1),
(29, 'jpg', 'TI82Logo.jpg', 1),
(30, 'png', 'x86pc.png', 1),
(31, 'jpg', 'Nafanya_Case1.jpg', 1),
(32, 'png', 'RK_86.png', 1),
(33, 'jpg', 'Atari800XL_logo.jpg', 1),
(34, 'jpg', 'Atari130XE_logo.jpg', 1),
(35, 'jpg', 'Atari130XE.jpg', 1),
(36, 'jpg', 'Atari130XE.jpg', 1),
(37, 'jpg', 'Atari2600.jpg', 1),
(38, 'png', 'Casio-fx991Ex.png', 1),
(39, 'png', 'Casio-fx991Ex_logo.png', 1),
(40, 'jpg', 'PS2Model30_286.jpg', 1),
(41, 'jpg', 'IMG_2609.jpg', 1),
(42, 'jpg', 'IMG_2611.jpg', 1),
(43, 'jpg', 'IMG_2609.jpg', 1),
(44, 'png', 'Atari.png', 1),
(45, 'jpg', 'Kvorum128.jpg', 1),
(46, 'jpg', 'Kvorum128.jpg', 1),
(47, 'jpg', 'MC0511.jpg', 1),
(48, 'jpg', 'MC0511.jpg', 1),
(49, 'jpg', 'Timex1000.jpg', 1),
(50, 'jpg', 'Timex1000.jpg', 1),
(51, 'jpg', 'Timex1000Logo.jpg', 1),
(52, 'jpg', 'Robik.jpg', 1),
(53, 'jpg', 'Robik.jpg', 1),
(54, 'jpg', 'Symbol128.jpg', 1),
(55, 'jpg', 'Symbol128.jpg', 1),
(56, 'jpg', 'Simvol_Board.jpg', 1),
(57, 'jpg', 'Simvol_Case.jpg', 1),
(58, 'jpg', 'Simvol_Package.jpg', 1),
(59, 'jpg', 'Symbol.jpg', 1),
(60, 'jpg', 'Symbol.jpg', 1),
(61, 'jpg', 'Simvol48k-front.jpg', 1),
(62, 'jpg', 'Simvol48k-bottom.jpg', 1),
(63, 'jpg', 'Simvol48k-back.jpg', 1),
(64, 'jpg', 'Simvol48k-manual.jpg', 1),
(65, 'jpg', 'Simvol48k-PCB.jpg', 1),
(66, 'jpg', 'Simvol48k-schema.jpg', 1),
(67, 'jpg', 'Komnanyon.jpg', 1),
(68, 'jpg', 'Komnanyon.jpg', 1),
(69, 'jpg', 'Kompanion_M_Board.jpg', 1),
(70, 'jpg', 'Kompanion_Case.jpg', 1),
(71, 'jpg', 'Nikos.jpg', 1),
(72, 'jpg', 'Nikos.jpg', 1),
(73, 'jpg', 'UMK.jpg', 1),
(74, 'jpg', 'UMK.jpg', 1),
(75, 'jpg', 'Agat7.jpg', 1),
(76, 'jpg', 'Agat7.jpg', 1),
(77, 'jpg', 'Agat7.jpg', 1),
(78, 'jpg', 'Delta-C_personal_computer.jpg', 1),
(79, 'jpg', 'DeltaC.jpg', 1),
(80, 'jpg', 'DeltaC.jpg', 1),
(81, 'jpg', 'Byte_logo.jpg', 1),
(82, 'jpg', 'Byte_belorus.jpg', 1),
(83, 'jpg', 'Byte_belorus.jpg', 1),
(84, 'jpg', 'BYTE.jpg', 1),
(85, 'jpg', 'BYTE.jpg', 1),
(86, 'jpg', 'ApogeyColor.jpg', 1),
(87, 'jpg', 'ApogeyColor.jpg', 1),
(88, 'jpg', 'Amiga500.jpg', 1),
(89, 'jpg', 'Amiga500.jpg', 1),
(90, 'jpg', 'Dendy.jpg', 1),
(91, 'jpg', 'Dendy.jpg', 1),
(92, 'jpg', 'DendyJR.jpg', 1),
(93, 'jpg', 'DendyJR.jpg', 1),
(94, 'jpg', 'VestaIK30.jpg', 1),
(95, 'jpg', 'VestaIK30.jpg', 1),
(96, 'jpg', 'Poisk.jpg', 1),
(97, 'jpg', 'Poisk.jpg', 1),
(98, 'jpg', 'MK44.jpg', 1),
(99, 'jpg', 'MK44.jpg', 1),
(100, 'jpg', 'Master_.jpg', 1),
(101, 'jpg', 'Master.jpg', 1),
(102, 'jpg', 'Master_.jpg', 1),
(103, 'jpg', 'Sever.jpg', 1),
(104, 'jpg', 'Sever.jpg', 1),
(105, 'jpg', 'Kvant.jpg', 1),
(106, 'jpg', 'Kvant.jpg', 1),
(107, 'jpg', 'Inter.jpg', 1),
(108, 'jpg', 'Inter.jpg', 1),
(109, 'jpg', 'Vector-06c.JPG', 1),
(110, 'jpg', 'Vector06c.jpg', 1),
(111, 'jpg', 'BK0010-01.jpg', 1),
(112, 'jpg', 'Volna.jpg', 1),
(113, 'jpg', 'Volna.jpg', 1),
(114, 'jpg', 'OrelBK08.jpg', 1),
(115, 'jpg', 'OrelBK08.jpg', 1),
(116, 'jpg', 'Robi.jpg', 1),
(117, 'jpg', 'Robi.jpg', 1),
(118, 'jpg', 'Sintez2.jpg', 1),
(119, 'jpg', 'Lvov.jpg', 1),
(120, 'jpg', 'Casio9750G.jpg', 1),
(121, 'jpg', 'Casio9750G.jpg', 1),
(122, 'png', 'Casio9750GLogo.png', 1),
(123, 'jpg', 'CitizenSRP300.jpg', 1),
(124, 'jpg', 'CitizenSRP300.jpg', 1),
(125, 'png', 'CitizenSRP300Logo.png', 1),
(126, 'png', 'Amiga.png', 1),
(127, 'png', 'Amiga.png', 1),
(128, 'jpg', 'IM33-gray.jpg', 1),
(129, 'jpg', 'IM33-yellow.jpg', 1),
(130, 'jpg', 'IM16.jpg', 1),
(131, 'jpg', 'IM23-clone.jpg', 1),
(132, 'jpg', 'B3-23.jpg', 1),
(133, 'jpg', 'B3-23.jpg', 1),
(134, 'jpg', 'MK60.jpg', 1),
(135, 'jpg', 'Casio3600Pv.jpg', 1),
(136, 'png', 'Casio3600PvLogo.png', 1),
(137, 'png', 'MK61Logo.png', 1),
(138, 'jpg', 'MK61.jpg', 1),
(139, 'jpg', 'MK52.jpg', 1),
(140, 'jpg', 'PalmTX.jpg', 1),
(141, 'jpg', 'PalmTX.jpg', 1),
(142, 'jpg', 'PalmTX.jpg', 1),
(143, 'jpg', 'AcerN300.jpg', 1),
(144, 'jpg', 'AcerN300.jpg', 1),
(145, 'jpg', 'AcerN300.jpg', 1),
(146, 'jpg', 'TI34.jpg', 1),
(147, 'jpg', 'TI34.jpg', 1),
(148, 'jpg', 'MK51.jpg', 1),
(149, 'jpg', 'MK51.jpg', 1),
(150, 'jpg', 'Elektronika-MK-51-1.jpg', 1),
(151, 'jpg', 'Modern_Addiator.jpg', 1);

-- --------------------------------------------------------

--
-- Структура таблицы `item`
--

CREATE TABLE `item` (
  `id` int(11) NOT NULL,
  `catalog_id` int(11) NOT NULL,
  `internal_id` text COLLATE utf8_general_mysql500_ci,
  `description` text COLLATE utf8_general_mysql500_ci NOT NULL,
  `added` timestamp NOT NULL DEFAULT CURRENT_TIMESTAMP,
  `collection_id` int(11) NOT NULL
) ENGINE=InnoDB DEFAULT CHARSET=utf8 COLLATE=utf8_general_mysql500_ci;

--
-- Дамп данных таблицы `item`
--

INSERT INTO `item` (`id`, `catalog_id`, `internal_id`, `description`, `added`, `collection_id`) VALUES
(2, 9, 'A0071', 'Model 1161-41G', '2018-09-01 14:14:25', 1),
(3, 7, '', 'Type 1951', '2018-09-01 14:20:38', 1),
(4, 8, NULL, '', '2018-09-01 14:24:47', 1),
(6, 13, 'A0001', 'White case', '2018-09-05 12:29:30', 1),
(7, 31, 'A0077', '', '2018-09-05 12:56:39', 1),
(8, 34, 'A0008', '', '2018-09-05 13:11:30', 1),
(9, 35, 'A0013', '', '2018-09-05 13:17:41', 1),
(10, 37, '', '', '2018-09-06 08:12:43', 1),
(11, 3, 'A0045', '', '2018-09-06 08:12:43', 1),
(12, 38, 'P0208', '', '2018-09-06 08:12:43', 1),
(13, 39, 'P0209', '', '2018-09-06 08:12:43', 1),
(14, 40, 'P0210', '', '2018-09-06 08:12:43', 1),
(15, 41, 'P0211', '', '2018-09-06 08:12:43', 1),
(16, 42, 'S0028', '', '2018-09-06 08:12:43', 1),
(17, 43, 'B0035', '', '2018-09-06 08:12:43', 1),
(18, 44, 'B0036', '', '2018-09-06 08:12:43', 1),
(19, 46, '', '', '2018-09-07 11:05:52', 1),
(20, 47, 'A0073', '', '2018-09-07 11:05:52', 1),
(21, 48, 'P0155', '', '2018-09-07 11:05:52', 1),
(22, 49, 'P0156', '', '2018-09-07 11:05:52', 1),
(23, 50, 'P0158', '', '2018-09-07 11:05:52', 1),
(24, 51, 'P0157', '', '2018-09-07 11:05:52', 1),
(25, 52, 'B0020', '', '2018-09-07 11:05:52', 1),
(26, 54, 'A0002', '', '2018-09-07 13:00:40', 1),
(27, 55, '', '', '2018-09-07 13:12:51', 1),
(28, 56, 'A0011', '', '2018-09-07 13:12:51', 1),
(29, 57, 'P0016', '', '2018-09-07 13:12:51', 1),
(30, 58, 'P0017', '', '2018-09-07 13:12:51', 1),
(31, 61, 'A0030', '', '2018-09-09 18:38:59', 1),
(32, 62, '', '', '2018-09-10 12:29:47', 1),
(33, 63, 'A0031', '', '2018-09-10 12:29:47', 1),
(34, 64, 'P0436', '', '2018-09-10 12:29:47', 1),
(35, 65, '', '', '2018-09-10 12:36:48', 1),
(36, 66, 'A0075', 'Power adapter is missing.', '2018-09-10 12:36:48', 1),
(37, 67, 'P0400', '', '2018-09-10 12:36:49', 1),
(38, 68, 'B0197', '', '2018-09-10 12:36:49', 1),
(39, 71, '', '', '2018-09-11 11:44:00', 1),
(40, 73, 'P0009', '', '2018-09-11 11:44:00', 1),
(41, 74, 'P0222', '', '2018-09-11 11:44:00', 1),
(42, 75, 'P0223', '', '2018-09-11 11:44:00', 1),
(43, 72, 'A0112', '', '2018-09-11 11:44:00', 1),
(44, 76, 'B0046', '', '2018-09-11 11:46:20', 1),
(45, 77, 'A0016', 'Pentium 120', '2018-09-12 04:55:35', 1),
(46, 80, 'A0024', '2GB RAM', '2018-09-12 05:04:20', 1),
(47, 1664, 'A0042', '', '2018-09-21 17:14:36', 1),
(48, 1665, 'A0072', '', '2018-09-21 17:26:34', 1),
(49, 1666, '', '', '2018-09-27 07:54:08', 1),
(50, 279, 'A0007', '', '2018-09-27 07:54:08', 1),
(51, 1670, 'P0146', '', '2018-09-27 07:54:08', 1),
(52, 1672, '', '', '2018-09-28 12:06:24', 1),
(53, 1673, 'P0144', '', '2018-09-28 12:06:24', 1),
(54, 1674, 'P0143', '', '2018-09-28 12:06:24', 1),
(55, 1676, 'P0435', '', '2018-09-28 12:06:24', 1),
(56, 1675, 'P0142', '', '2018-09-28 12:06:24', 1),
(57, 288, 'A0009', '', '2018-09-28 12:06:24', 1),
(58, 1680, '', '', '2018-09-28 18:10:01', 1),
(59, 1682, 'B0001', '', '2018-09-28 18:10:01', 1),
(60, 1678, 'A0097', '', '2018-09-28 18:10:01', 1),
(61, 1681, 'P0001', '', '2018-09-28 18:10:01', 1),
(62, 1406, 'A0084', 'model 2660', '2018-10-09 15:17:01', 1),
(63, 1683, 'A0059', '', '2018-10-10 14:09:34', 1),
(64, 1684, 'A0062', '', '2018-10-10 14:15:36', 1),
(65, 1687, '', '', '2018-10-15 18:00:29', 1),
(66, 1690, 'P0023', '', '2018-10-15 18:00:29', 1),
(67, 1691, 'P0024', '', '2018-10-15 18:00:29', 1),
(68, 1688, 'P0020', '', '2018-10-15 18:00:29', 1),
(69, 1689, 'P0022', '', '2018-10-15 18:00:29', 1),
(70, 1692, 'P0021', '', '2018-10-15 18:00:29', 1),
(71, 1686, 'A0012', '', '2018-10-15 18:00:29', 1),
(73, 1695, '', '', '2018-10-16 15:45:43', 1),
(74, 1696, 'P0463', '', '2018-10-16 15:45:43', 1),
(75, 1694, 'A0019', '', '2018-10-16 15:45:43', 1),
(76, 1698, '', '', '2018-10-18 17:52:25', 1),
(77, 1705, 'P0401', '', '2018-10-18 17:52:25', 1),
(78, 1699, 'P0402', '', '2018-10-18 17:52:25', 1),
(79, 1704, 'B0202', '', '2018-10-18 17:52:25', 1),
(80, 1700, 'B0203', '', '2018-10-18 17:52:25', 1),
(81, 1706, 'B0199', '', '2018-10-18 17:52:25', 1),
(82, 1702, 'B0204', '', '2018-10-18 17:52:25', 1),
(83, 1703, 'B0200', '', '2018-10-18 17:52:25', 1),
(84, 1701, 'B0201', '', '2018-10-18 17:52:25', 1),
(85, 1697, 'A0020', '', '2018-10-18 17:52:25', 1),
(86, 1707, 'A0061', '', '2018-10-18 18:15:13', 1),
(87, 1711, 'A0032', '', '2018-10-25 17:36:06', 1),
(88, 1711, 'A0064', '', '2018-10-25 17:36:29', 1),
(89, 1714, '', '', '2018-10-26 11:27:12', 1),
(90, 1713, 'A0129', '', '2018-10-26 11:27:12', 1),
(91, 1718, 'P0460', '', '2018-10-26 11:27:13', 1),
(92, 1720, 'P0461', '', '2018-10-26 11:27:13', 1),
(93, 1721, 'P0459', '', '2018-10-26 11:27:13', 1),
(94, 1719, 'B0213', '', '2018-10-26 11:27:13', 1),
(95, 1715, 'B0212', '', '2018-10-26 11:27:13', 1),
(96, 1723, '', '', '2018-11-01 06:28:13', 1),
(97, 1724, 'P0025', '', '2018-11-01 06:28:13', 1),
(98, 1725, 'P0026', '', '2018-11-01 06:28:13', 1),
(99, 1722, 'A0014', '', '2018-11-01 06:28:13', 1),
(100, 1727, '', '', '2018-11-02 17:15:49', 1),
(101, 1726, 'A0015', '', '2018-11-02 17:15:50', 1),
(102, 1728, 'P0363', '', '2018-11-02 17:15:50', 1),
(103, 1730, '', '', '2018-11-02 17:34:01', 1),
(104, 1739, 'P0315', '', '2018-11-02 17:34:01', 1),
(105, 1732, 'P0318', '', '2018-11-02 17:34:01', 1),
(106, 1733, 'P0316', '', '2018-11-02 17:34:01', 1),
(107, 1735, 'P0319', '', '2018-11-02 17:34:01', 1),
(108, 1734, 'P0314', '', '2018-11-02 17:34:01', 1),
(109, 1738, 'P0320', '', '2018-11-02 17:34:01', 1),
(110, 1731, 'S0421', '', '2018-11-02 17:34:01', 1),
(111, 1736, 'B0135', '', '2018-11-02 17:34:01', 1),
(112, 1729, 'A0021', '', '2018-11-02 17:34:02', 1),
(113, 1737, 'B0134', '', '2018-11-02 17:34:02', 1),
(114, 1740, 'A0041', '', '2018-11-03 14:00:18', 1),
(115, 1741, '', '', '2018-11-03 14:42:11', 1),
(116, 115, 'A0043', 'The keyboard membrane was replaced with new clone.', '2018-11-03 14:42:11', 1),
(117, 1748, 'P0203', '', '2018-11-03 14:42:11', 1),
(118, 1747, 'P0201', '', '2018-11-03 14:42:11', 1),
(119, 1743, 'P0205', '', '2018-11-03 14:42:11', 1),
(120, 1746, 'P0204', '', '2018-11-03 14:42:11', 1),
(121, 1744, 'S0029', '', '2018-11-03 14:42:11', 1),
(122, 1745, 'S0030', '', '2018-11-03 14:42:11', 1),
(123, 1749, 'B0034', '', '2018-11-03 14:42:11', 1),
(124, 1742, 'P0207', '', '2018-11-03 14:42:11', 1),
(125, 1750, 'P0202', '', '2018-11-03 14:42:11', 1),
(126, 1751, 'A0060', '', '2018-11-03 15:11:52', 1),
(127, 1752, 'A0004', '', '2018-11-03 15:26:21', 1),
(128, 1753, 'A0044', '', '2018-11-05 17:20:23', 1),
(129, 1755, '', '', '2018-11-05 17:38:42', 1),
(130, 1759, 'P0185', '', '2018-11-05 17:38:42', 1),
(131, 1754, 'A0069', '', '2018-11-05 17:38:42', 1),
(132, 1764, 'A0076', '', '2018-11-05 18:03:53', 1),
(133, 1765, 'A0068', '', '2018-11-05 18:25:37', 1),
(134, 1767, '', '', '2018-11-06 13:22:48', 1),
(135, 1769, 'P0378', '', '2018-11-06 13:22:48', 1),
(136, 1768, 'P0377', '', '2018-11-06 13:22:48', 1),
(137, 1766, 'A0022', '', '2018-11-06 13:22:48', 1),
(138, 1770, 'P0379', '', '2018-11-06 13:22:48', 1),
(139, 1771, 'A0037', '', '2018-11-06 13:39:46', 1),
(140, 1773, '', '', '2018-11-06 18:29:55', 1),
(141, 1774, 'P0052', '', '2018-11-06 18:29:55', 1),
(142, 1777, 'P0051', '', '2018-11-06 18:29:55', 1),
(143, 1776, 'P0053', '', '2018-11-06 18:29:55', 1),
(144, 1775, 'P0050', '', '2018-11-06 18:29:55', 1),
(145, 1772, 'A0010', '', '2018-11-06 18:29:55', 1),
(146, 1779, '', '', '2018-11-13 14:49:10', 1),
(147, 1780, 'P0376', '', '2018-11-13 14:49:10', 1),
(148, 1778, 'A0023', '', '2018-11-13 14:49:10', 1),
(149, 1781, 'A0005', '', '2018-11-16 09:47:17', 1),
(150, 1783, '', '', '2018-11-16 09:52:16', 1),
(151, 1784, 'P0168', '', '2018-11-16 09:52:16', 1),
(152, 1782, 'A0067', '', '2018-11-16 09:52:16', 1),
(153, 1854, 'P0070', '', '2018-11-16 09:52:16', 1),
(154, 1785, 'P0167', '', '2018-11-16 09:52:16', 1),
(155, 1787, 'S0329', '', '2018-11-16 11:17:27', 1),
(156, 1788, 'B0022', '', '2018-11-16 11:19:28', 1),
(157, 1789, 'B0023', '', '2018-11-16 11:19:41', 1),
(158, 1790, 'B0021', '', '2018-11-16 11:28:54', 1),
(159, 1791, 'A0027', '', '2018-11-21 12:18:50', 1),
(160, 12, '', 'Parts without the computer.\r\n\r\nThe computer itself was traded with HNF: <https://www.hnf.de/en/home.html>', '2018-11-21 12:37:27', 1),
(161, 23, 'P0119', '', '2018-11-21 12:37:27', 1),
(162, 30, 'S0279', '', '2018-11-21 12:37:27', 1),
(163, 24, 'P0120', '', '2018-11-21 12:37:27', 1),
(164, 25, 'P0121', '', '2018-11-21 12:37:27', 1),
(165, 18, 'B0012', '', '2018-11-21 12:37:27', 1),
(166, 19, 'B0013', '', '2018-11-21 12:37:27', 1),
(167, 22, 'B0016', '', '2018-11-21 12:37:27', 1),
(168, 16, 'B0011', '', '2018-11-21 12:37:27', 1),
(169, 20, 'B0014', '', '2018-11-21 12:37:27', 1),
(170, 21, 'B0015', '', '2018-11-21 12:37:27', 1),
(171, 14, 'B0017', '', '2018-11-21 12:37:27', 1),
(172, 15, 'B0018', '', '2018-11-21 12:37:27', 1),
(173, 17, 'B0010', '', '2018-11-21 12:37:27', 1),
(174, 1793, '', '', '2018-11-21 13:15:03', 1),
(175, 1794, 'P0299', '', '2018-11-21 13:15:03', 1),
(176, 1802, 'P0291', '', '2018-11-21 13:15:03', 1),
(177, 1799, 'P0295', '', '2018-11-21 13:15:03', 1),
(178, 1804, 'P0296', '', '2018-11-21 13:15:03', 1),
(179, 1813, 'P0297', '', '2018-11-21 13:15:03', 1),
(180, 1810, 'S0420', '', '2018-11-21 13:15:03', 1),
(181, 1798, 'S0419', '', '2018-11-21 13:15:03', 1),
(182, 1797, 'P0298', '', '2018-11-21 13:15:03', 1),
(183, 1809, 'P0294', '', '2018-11-21 13:15:03', 1),
(184, 1796, 'P0292', '', '2018-11-21 13:15:03', 1),
(185, 1792, 'A0028', 'Blue case', '2018-11-21 13:15:03', 1),
(186, 1811, 'B0123', '', '2018-11-21 13:15:03', 1),
(187, 1800, 'B0120', '', '2018-11-21 13:15:03', 1),
(188, 1808, 'B0122', '', '2018-11-21 13:15:03', 1),
(189, 1807, 'B0114', '', '2018-11-21 13:15:03', 1),
(190, 1801, 'B0119', '', '2018-11-21 13:15:03', 1),
(191, 1806, 'B0115', '', '2018-11-21 13:15:03', 1),
(192, 1812, 'B0116', '', '2018-11-21 13:15:03', 1),
(193, 1795, 'B0117', '', '2018-11-21 13:15:03', 1),
(194, 1803, 'B0118', '', '2018-11-21 13:15:03', 1),
(195, 1805, 'B0121', '', '2018-11-21 13:15:03', 1),
(196, 1793, '', '', '2018-11-21 13:24:15', 1),
(197, 1794, 'P0136', '', '2018-11-21 13:24:15', 1),
(198, 1802, 'P0133', '', '2018-11-21 13:24:15', 1),
(199, 1799, 'P0138', '', '2018-11-21 13:24:15', 1),
(200, 1804, 'P0139', '', '2018-11-21 13:24:15', 1),
(201, 1813, 'P0140', '', '2018-11-21 13:24:15', 1),
(202, 1809, 'P0137', '', '2018-11-21 13:24:15', 1),
(203, 1796, 'P0134', '', '2018-11-21 13:24:15', 1),
(204, 1792, 'A0033', 'Red case', '2018-11-21 13:24:15', 1),
(205, 1814, '', '', '2018-11-30 12:54:00', 1),
(206, 1087, 'A0017', '', '2018-11-30 12:54:00', 1),
(207, 1818, 'P0390', '', '2018-11-30 12:54:00', 1),
(208, 1816, 'P0364', '', '2018-11-30 12:54:00', 1),
(209, 1819, 'B0157', '', '2018-11-30 12:54:00', 1),
(210, 1817, 'P0386', '', '2018-11-30 12:54:00', 1),
(211, 1815, 'P0387', '', '2018-11-30 12:54:00', 1),
(212, 1821, '', '', '2018-11-30 13:25:17', 1),
(213, 1825, 'P0417', '', '2018-11-30 13:25:17', 1),
(214, 1820, 'A0029', '', '2018-11-30 13:25:17', 1),
(215, 1822, 'P0418', '', '2018-11-30 13:25:17', 1),
(216, 1824, 'P0415', '', '2018-11-30 13:25:17', 1),
(217, 1826, 'P0414', '', '2018-11-30 13:25:17', 1),
(218, 1823, 'P0413', '', '2018-11-30 13:25:17', 1),
(219, 1828, '', '', '2018-11-30 13:29:27', 1),
(220, 1829, 'P0437', '', '2018-11-30 13:29:27', 1),
(221, 1827, 'A0036', '', '2018-11-30 13:29:28', 1),
(222, 1831, 'P0439', '', '2018-11-30 13:29:28', 1),
(223, 1830, 'P0438', '', '2018-11-30 13:29:28', 1),
(224, 1832, '', '', '2018-12-07 11:53:22', 1),
(225, 1836, 'P0426', '', '2018-12-07 11:53:22', 1),
(226, 1833, 'P0429', '', '2018-12-07 11:53:22', 1),
(227, 1839, 'P0430', '', '2018-12-07 11:53:22', 1),
(228, 340, 'A0034', '', '2018-12-07 11:53:22', 1),
(229, 1838, 'P0428', '', '2018-12-07 11:53:22', 1),
(230, 1834, 'P0427', '', '2018-12-07 11:53:22', 1),
(231, 1837, 'P0425', '', '2018-12-07 11:53:22', 1),
(232, 1835, 'P0431', '', '2018-12-07 11:53:22', 1),
(233, 1841, '', '', '2018-12-07 12:02:56', 1),
(234, 1847, 'P0421', '', '2018-12-07 12:02:56', 1),
(235, 1844, 'S0554', 'Обучающий картридж. Excel, G-BASIC, Word, Алфавитный тир, Архитектор, Блокнот, Жмурки, Калькулятор, Караоке, Пасьянс, Реверси, Сапер, Собери картинку, Фоторобот, Что такое PC', '2018-12-07 12:02:56', 1),
(236, 1848, 'P0420', '', '2018-12-07 12:02:56', 1),
(237, 1842, 'P0422', '', '2018-12-07 12:02:56', 1),
(238, 1846, 'P0424', '', '2018-12-07 12:02:56', 1),
(239, 1845, 'P0419', '', '2018-12-07 12:02:56', 1),
(240, 1840, 'A0035', '', '2018-12-07 12:02:56', 1),
(241, 1843, 'B0211', '', '2018-12-07 12:02:56', 1),
(242, 1850, '', '', '2018-12-07 12:34:09', 1),
(243, 1853, 'S0336', '', '2018-12-07 12:34:09', 1),
(244, 1849, 'A0040', '', '2018-12-07 12:34:09', 1),
(245, 1851, 'B0048', '', '2018-12-07 12:34:09', 1),
(246, 1852, 'B0047', '', '2018-12-07 12:34:09', 1),
(247, 1853, 'S0337', '', '2018-12-07 12:35:55', 1),
(248, 1851, 'B0049', '', '2018-12-07 12:36:43', 1),
(249, 1851, 'B0050', '', '2018-12-07 12:36:50', 1),
(250, 1856, '', '', '2018-12-11 11:05:40', 1),
(251, 1865, 'P0215', '', '2018-12-11 11:05:40', 1),
(252, 1866, 'P0212', '', '2018-12-11 11:05:40', 1),
(254, 1864, 'P0214', '', '2018-12-11 11:05:40', 1),
(255, 1858, 'P0213', '', '2018-12-11 11:05:40', 1),
(256, 1859, 'B0037', '', '2018-12-11 11:05:40', 1),
(257, 1855, 'A0046', '', '2018-12-11 11:05:40', 1),
(258, 1860, 'B0041', '', '2018-12-11 11:05:40', 1),
(259, 1862, 'B0039', '', '2018-12-11 11:05:40', 1),
(260, 1861, 'B0040', '', '2018-12-11 11:05:40', 1),
(261, 1863, 'B0038', '', '2018-12-11 11:05:40', 1),
(262, 1867, 'A0047', '', '2018-12-11 11:36:24', 1),
(263, 1868, 'A0048', 'without power cord', '2018-12-11 12:30:08', 1),
(264, 1869, '', '', '2018-12-11 12:33:39', 1),
(265, 1871, 'P0118', '', '2018-12-11 12:33:39', 1),
(266, 1870, 'B0009', '', '2018-12-11 12:33:39', 1),
(267, 1868, 'A0049', '', '2018-12-11 12:33:39', 1),
(268, 1872, 'A0050', '', '2018-12-11 12:51:28', 1),
(269, 1874, '', '', '2018-12-12 08:52:03', 1),
(270, 1877, 'P0391', '', '2018-12-12 08:52:03', 1),
(271, 1873, 'A0051', '', '2018-12-12 08:52:03', 1),
(272, 1876, 'B0178', '', '2018-12-12 08:52:03', 1),
(273, 1881, '', '', '2018-12-12 11:09:19', 1),
(274, 1886, 'P0372', '', '2018-12-12 11:09:19', 1),
(275, 1885, 'P0034', 'Без провода, на герконах, но потеряны некоторые магниты', '2018-12-12 11:09:19', 1),
(276, 1883, 'P0371', '', '2018-12-12 11:09:19', 1),
(277, 1882, 'B0147', '', '2018-12-12 11:09:19', 1),
(278, 1880, 'A0052', '', '2018-12-12 11:09:19', 1),
(279, 1892, '', '', '2018-12-12 11:59:47', 1),
(280, 1894, 'P0396', '', '2018-12-12 11:59:47', 1),
(281, 1901, 'P0393', '', '2018-12-12 11:59:47', 1),
(282, 1896, 'S0523', '', '2018-12-12 11:59:47', 1),
(283, 1893, 'P0395', '', '2018-12-12 11:59:47', 1),
(284, 1895, 'B0196', '', '2018-12-12 11:59:47', 1),
(285, 1900, 'P0394', '', '2018-12-12 11:59:47', 1),
(286, 1898, 'P0397', '', '2018-12-12 11:59:47', 1),
(287, 1897, 'B0195', '', '2018-12-12 11:59:47', 1),
(288, 1899, 'P0398', '', '2018-12-12 11:59:47', 1),
(289, 1891, 'A0053', '', '2018-12-12 11:59:47', 1),
(290, 1902, 'B0194', '', '2018-12-12 11:59:47', 1),
(291, 1904, '', '', '2018-12-12 12:22:38', 1),
(292, 1906, 'P0038', '', '2018-12-12 12:22:38', 1),
(293, 1905, 'P0408', '', '2018-12-12 12:22:38', 1),
(294, 1903, 'A0054', '', '2018-12-12 12:22:38', 1),
(295, 1907, 'B0209', '', '2018-12-12 12:22:38', 1),
(296, 1909, '', '', '2018-12-12 14:25:11', 1),
(297, 1913, 'P0041', '', '2018-12-12 14:25:11', 1),
(298, 1910, 'P0043', '', '2018-12-12 14:25:11', 1),
(299, 1914, 'P0042', '', '2018-12-12 14:25:11', 1),
(300, 1912, 'P0040', '', '2018-12-12 14:25:11', 1),
(301, 1911, 'B0206', '', '2018-12-12 14:25:11', 1),
(302, 1908, 'A0055', '', '2018-12-12 14:25:11', 1),
(303, 1916, '', '', '2018-12-13 08:16:51', 1),
(304, 1920, 'P0308', '', '2018-12-13 08:16:51', 1),
(305, 1925, 'P0309', '', '2018-12-13 08:16:51', 1),
(306, 1921, 'P0304', '', '2018-12-13 08:16:51', 1),
(307, 1917, 'P0305', '', '2018-12-13 08:16:51', 1),
(308, 1924, 'P0306', '', '2018-12-13 08:16:51', 1),
(309, 1919, 'P0313', '', '2018-12-13 08:16:51', 1),
(310, 1926, 'P0311', 'С разъемом для питания дисковода', '2018-12-13 08:16:51', 1),
(311, 1915, 'A0056', 'На верхнюю панель выведен нестандартный разъем расширения. Есть самодельный джойстик для этого разъема.', '2018-12-13 08:16:51', 1),
(312, 1918, 'P0307', '', '2018-12-13 08:16:51', 1),
(313, 1923, 'B0125', '', '2018-12-13 08:16:51', 1),
(314, 1929, 'B0130', '', '2018-12-13 08:16:51', 1),
(315, 1930, 'B0129', '', '2018-12-13 08:16:51', 1),
(316, 1928, 'B0128', '', '2018-12-13 08:16:51', 1),
(317, 1922, 'B0126', '', '2018-12-13 08:16:51', 1),
(318, 1927, 'B0127', '', '2018-12-13 08:16:51', 1),
(319, 1916, '', '', '2018-12-13 08:28:15', 1),
(320, 1924, 'P0073', '', '2018-12-13 08:28:15', 1),
(321, 1919, 'P0074', '', '2018-12-13 08:28:15', 1),
(322, 1926, 'P0075', '', '2018-12-13 08:28:15', 1),
(323, 1915, 'A0070', 'Похоже, что напаяна дополнительная ПЗУ, переключаемая тумблером', '2018-12-13 08:28:15', 1),
(324, 1932, '', '', '2018-12-14 08:17:34', 1),
(325, 1933, 'P0044', '', '2018-12-14 08:17:34', 1),
(326, 1935, 'P0392', '', '2018-12-14 08:17:34', 1),
(327, 1931, 'A0058', '', '2018-12-14 08:17:34', 1),
(328, 1934, 'B0179', '', '2018-12-14 08:17:34', 1),
(329, 1937, '', '', '2018-12-14 08:48:35', 1),
(330, 1945, 'P0328', '', '2018-12-14 08:48:35', 1),
(331, 1943, 'P0331', '', '2018-12-14 08:48:35', 1),
(332, 1944, 'P0332', '', '2018-12-14 08:48:35', 1),
(333, 1946, 'P0330', '', '2018-12-14 08:48:35', 1),
(334, 1896, 'S0422', '', '2018-12-14 08:48:35', 1),
(335, 1939, 'P0329', '', '2018-12-14 08:48:35', 1),
(336, 1938, 'B0139', '', '2018-12-14 08:48:35', 1),
(337, 1940, 'B0140', '', '2018-12-14 08:48:35', 1),
(338, 1942, 'B0141', '', '2018-12-14 08:48:35', 1),
(339, 1941, 'B0138', '', '2018-12-14 08:48:35', 1),
(340, 1936, 'A0057', '', '2018-12-14 08:48:35', 1),
(341, 1948, '', '', '2018-12-24 07:46:31', 1),
(342, 1950, 'P0228', '', '2018-12-24 07:46:31', 1),
(343, 1949, 'P0229', '', '2018-12-24 07:46:31', 1),
(344, 1854, 'P0069', '', '2018-12-24 07:46:31', 1),
(345, 1951, 'P0227', '', '2018-12-24 07:46:31', 1),
(346, 1947, 'A0065', '', '2018-12-24 07:46:31', 1),
(347, 1953, '', '', '2018-12-24 08:03:54', 1),
(348, 1956, 'P0176', '', '2018-12-24 08:03:54', 1),
(349, 1955, 'P0171', '', '2018-12-24 08:03:54', 1),
(350, 1954, 'S0037', '', '2018-12-24 08:03:54', 1),
(351, 1960, 'B0026', '', '2018-12-24 08:03:54', 1),
(352, 1959, 'P0175', '', '2018-12-24 08:03:54', 1),
(353, 1961, 'P0177', '', '2018-12-24 08:03:54', 1),
(354, 1958, 'P0174', '', '2018-12-24 08:03:54', 1),
(355, 1957, 'B0024', '', '2018-12-24 08:03:54', 1),
(356, 1962, 'B0025', '', '2018-12-24 08:03:54', 1),
(357, 1952, 'A0066', '', '2018-12-24 08:03:54', 1),
(358, 1963, 'A0074', 'One of the joysticks does not work.', '2019-01-09 06:39:42', 1),
(359, 1964, 'A0079', 'С питанием от сети, шильдик оторван, может быть модель С3-22', '2019-01-09 07:05:41', 1),
(360, 1966, '', '', '2019-01-09 07:10:49', 1),
(361, 1967, 'P0374', 'Input and output cables are missing.', '2019-01-09 07:10:49', 1),
(362, 1965, 'A0081', '', '2019-01-09 07:10:49', 1),
(363, 1969, '', '', '2019-01-09 07:36:15', 1),
(364, 1974, 'S0551', 'Бытовой компьютер Дубна. Тест', '2019-01-09 07:36:16', 1),
(365, 1973, 'P0404', '', '2019-01-09 07:36:16', 1),
(366, 1970, 'P0405', '', '2019-01-09 07:36:16', 1),
(367, 1971, 'P0406', '', '2019-01-09 07:36:16', 1),
(368, 1972, 'B0205', '', '2019-01-09 07:36:16', 1),
(369, 1968, 'A0082', '', '2019-01-09 07:36:16', 1),
(370, 1849, 'A0083', 'Корпус без винтов, не хватает двух кнопок на клавиатуре', '2019-01-09 09:23:31', 1),
(371, 1977, '', '', '2019-01-09 13:19:47', 1),
(372, 1976, 'A0098', '', '2019-01-09 13:19:47', 1),
(373, 1978, 'P0002', '', '2019-01-09 13:19:47', 1),
(374, 1981, '', '', '2019-01-09 13:48:15', 1),
(375, 1982, 'P0003', '', '2019-01-09 13:48:15', 1),
(376, 1980, 'A0099', '', '2019-01-09 13:48:15', 1),
(377, 1985, 'A0100', '', '2019-01-10 07:35:49', 1),
(378, 1985, 'A0109', '', '2019-01-10 07:36:20', 1),
(379, 1986, 'A0110', 'No battery lid.', '2019-01-10 07:38:48', 1),
(380, 1988, '', '', '2019-01-10 07:52:49', 1),
(381, 1989, 'P0004', '', '2019-01-10 07:52:49', 1),
(382, 1990, 'B0002', '', '2019-01-10 07:52:49', 1),
(383, 1987, 'A0103', '', '2019-01-10 07:52:49', 1),
(384, 1992, '', '', '2019-01-10 12:24:56', 1),
(385, 1993, 'P0194', '', '2019-01-10 12:24:56', 1),
(386, 1991, 'A0101', '', '2019-01-10 12:24:56', 1),
(387, 1995, '', '', '2019-01-10 12:39:31', 1),
(388, 1998, 'P0005', '', '2019-01-10 12:39:31', 1),
(389, 1994, 'A0104', '', '2019-01-10 12:39:31', 1),
(390, 2000, '', '', '2019-01-14 11:34:47', 1),
(391, 2002, 'P0220', '', '2019-01-14 11:34:47', 1),
(392, 1999, 'A0105', '', '2019-01-14 11:34:47', 1),
(393, 2001, 'B0045', '', '2019-01-14 11:34:47', 1),
(394, 2005, '', '', '2019-01-18 08:04:37', 1),
(395, 2008, 'P0190', '', '2019-01-18 08:04:37', 1),
(396, 2006, 'P0192', '', '2019-01-18 08:04:37', 1),
(397, 2009, 'P0191', '', '2019-01-18 08:04:37', 1),
(398, 2007, 'B0031', '', '2019-01-18 08:04:37', 1),
(399, 2004, 'A0106', '', '2019-01-18 08:04:37', 1),
(400, 2005, '', '', '2019-01-18 08:08:41', 1),
(401, 2006, 'P0189', '', '2019-01-18 08:08:41', 1),
(402, 2004, 'A0122', '', '2019-01-18 08:08:41', 1),
(403, 2005, '', '', '2019-01-18 08:09:40', 1),
(404, 2006, 'P0221', '', '2019-01-18 08:09:40', 1),
(405, 2004, 'A0123', '', '2019-01-18 08:09:40', 1),
(406, 2012, '', '', '2019-01-25 13:15:15', 1),
(407, 2020, 'P0186', '', '2019-01-25 13:15:15', 1),
(408, 2018, 'P0187', '', '2019-01-25 13:15:15', 1),
(409, 2019, 'P0188', '', '2019-01-25 13:15:15', 1),
(410, 2017, 'B0029', '', '2019-01-25 13:15:15', 1),
(411, 2013, 'B0027', '', '2019-01-25 13:15:15', 1),
(412, 2014, 'B0028', '', '2019-01-25 13:15:15', 1),
(413, 2016, 'B0030', '', '2019-01-25 13:15:15', 1),
(414, 2011, 'A0107', '', '2019-01-25 13:15:15', 1),
(415, 2024, '', '', '2019-03-14 09:29:03', 1),
(416, 2028, 'P0226', '', '2019-03-14 09:29:03', 1),
(417, 2023, 'A0102', '', '2019-03-14 09:29:03', 1),
(418, 2026, 'P0224', '', '2019-03-14 09:29:03', 1),
(419, 2025, 'S0335', '', '2019-03-14 09:29:03', 1),
(420, 2027, 'P0225', '', '2019-03-14 09:29:03', 1),
(421, 2031, '', '', '2019-03-14 12:22:50', 1),
(422, 2038, 'P0083', '', '2019-03-14 12:22:50', 1),
(423, 2035, 'P0079', '', '2019-03-14 12:22:50', 1),
(424, 2039, 'P0084', '', '2019-03-14 12:22:50', 1),
(425, 2032, 'S0038', '', '2019-03-14 12:22:50', 1),
(426, 2030, 'A0115', '', '2019-03-14 12:22:50', 1),
(427, 2037, 'P0081', '', '2019-03-14 12:22:50', 1),
(428, 2034, 'B0214', '', '2019-03-14 12:22:50', 1),
(429, 2040, 'P0085', '', '2019-03-14 12:22:50', 1),
(430, 2033, 'S0039', '', '2019-03-14 12:22:50', 1),
(431, 2041, 'P0086', '', '2019-03-14 12:22:50', 1),
(432, 2036, 'P0080', '', '2019-03-14 12:22:50', 1),
(433, 2043, '', '', '2019-03-14 12:53:12', 1),
(434, 2044, 'P0078', '', '2019-03-14 12:53:12', 1),
(435, 2042, 'A0114', '', '2019-03-14 12:53:12', 1),
(436, 2046, '', '', '2019-03-14 13:15:37', 1),
(437, 2045, 'A0126', '', '2019-03-14 13:15:37', 1),
(438, 2049, 'P0323', '', '2019-03-14 13:15:37', 1),
(439, 2050, 'P0193', '', '2019-03-14 13:15:37', 1),
(440, 2048, 'B0136', '', '2019-03-14 13:15:37', 1),
(441, 2052, '', '', '2019-04-19 08:08:32', 1),
(442, 2051, 'A0085', '', '2019-04-19 08:08:32', 1),
(443, 2053, 'P0476', '', '2019-04-19 08:08:33', 1),
(444, 2057, '', '', '2019-07-08 11:48:12', 1),
(445, 2058, 'P0479', '', '2019-07-08 11:48:12', 1),
(446, 2059, 'P0478', '', '2019-07-08 11:48:12', 1),
(447, 2056, 'M0006', '', '2019-07-08 11:48:12', 1);

-- --------------------------------------------------------

--
-- Структура таблицы `item_attribute`
--

CREATE TABLE `item_attribute` (
  `id` int(11) NOT NULL,
  `type` int(11) NOT NULL,
  `item_id` int(11) NOT NULL,
  `value_id` int(11) NOT NULL
) ENGINE=InnoDB DEFAULT CHARSET=utf8 COLLATE=utf8_general_mysql500_ci;

--
-- Дамп данных таблицы `item_attribute`
--

INSERT INTO `item_attribute` (`id`, `type`, `item_id`, `value_id`) VALUES
(1, 1, 11, 2),
(2, 1, 2, 3),
(3, 1, 3, 4),
(4, 1, 4, 5),
(5, 1, 8, 6),
(6, 1, 6, 7),
(7, 1, 20, 8),
(8, 1, 26, 10),
(9, 1, 27, 11),
(10, 1, 31, 13),
(11, 1, 32, 18),
(12, 1, 36, 19),
(13, 1, 43, 23),
(14, 1, 45, 24),
(15, 1, 46, 25),
(16, 1, 50, 36),
(17, 1, 57, 37),
(18, 1, 64, 40),
(20, 1, 62, 42),
(21, 1, 62, 43),
(22, 1, 112, 45),
(23, 1, 114, 48),
(24, 1, 116, 49),
(25, 1, 127, 52),
(26, 1, 128, 54),
(27, 1, 131, 59),
(28, 1, 133, 67),
(29, 1, 137, 71),
(30, 1, 139, 73),
(31, 1, 140, 75),
(32, 1, 145, 76),
(33, 1, 148, 79),
(34, 1, 149, 83),
(35, 1, 152, 85),
(36, 1, 204, 86),
(37, 1, 206, 88),
(38, 1, 214, 91),
(39, 1, 221, 92),
(40, 1, 257, 94),
(41, 1, 262, 97),
(42, 1, 268, 99),
(43, 1, 271, 102),
(44, 1, 278, 103),
(45, 1, 289, 105),
(46, 1, 294, 107),
(47, 1, 302, 110),
(48, 1, 311, 111),
(49, 1, 327, 113),
(50, 1, 340, 115),
(51, 1, 357, 117),
(52, 1, 362, 118),
(53, 1, 244, 119),
(54, 1, 372, 121),
(55, 1, 376, 123),
(56, 1, 377, 128),
(57, 1, 378, 129),
(58, 1, 379, 130),
(59, 1, 383, 131),
(60, 1, 386, 133),
(61, 1, 389, 134),
(62, 1, 392, 135),
(63, 1, 399, 138),
(64, 1, 414, 139),
(65, 1, 417, 142),
(67, 1, 426, 145),
(68, 1, 435, 147),
(69, 1, 437, 149);

-- --------------------------------------------------------

--
-- Структура таблицы `item_comment`
--

CREATE TABLE `item_comment` (
  `comment_id` int(11) NOT NULL,
  `ref_id` int(11) NOT NULL
) ENGINE=InnoDB DEFAULT CHARSET=utf8 COLLATE=utf8_general_mysql500_ci;

--
-- Дамп данных таблицы `item_comment`
--

INSERT INTO `item_comment` (`comment_id`, `ref_id`) VALUES
(1, 3);

-- --------------------------------------------------------

--
-- Структура таблицы `item_relation`
--

CREATE TABLE `item_relation` (
  `id` int(11) NOT NULL,
  `item_id1` int(11) NOT NULL,
  `item_id2` int(11) NOT NULL,
  `type` int(11) NOT NULL
) ENGINE=InnoDB DEFAULT CHARSET=utf8 COLLATE=utf8_general_mysql500_ci;

--
-- Дамп данных таблицы `item_relation`
--

INSERT INTO `item_relation` (`id`, `item_id1`, `item_id2`, `type`) VALUES
(1, 10, 11, 1),
(2, 10, 12, 1),
(3, 10, 13, 1),
(4, 10, 14, 1),
(5, 10, 15, 1),
(6, 10, 16, 1),
(7, 10, 17, 1),
(8, 10, 18, 1),
(9, 19, 20, 1),
(10, 19, 21, 1),
(11, 19, 22, 1),
(12, 19, 23, 1),
(13, 19, 24, 1),
(14, 19, 25, 1),
(15, 27, 28, 1),
(16, 27, 29, 1),
(17, 27, 30, 1),
(18, 32, 33, 1),
(19, 32, 34, 1),
(20, 35, 36, 1),
(21, 35, 37, 1),
(22, 35, 38, 1),
(23, 39, 40, 1),
(24, 39, 41, 1),
(25, 39, 42, 1),
(26, 39, 43, 1),
(27, 39, 44, 1),
(28, 49, 50, 1),
(29, 49, 51, 1),
(30, 52, 53, 1),
(31, 52, 54, 1),
(32, 52, 55, 1),
(33, 52, 56, 1),
(34, 52, 57, 1),
(35, 58, 59, 1),
(36, 58, 60, 1),
(37, 58, 61, 1),
(38, 65, 66, 1),
(39, 65, 67, 1),
(40, 65, 68, 1),
(41, 65, 69, 1),
(42, 65, 70, 1),
(43, 65, 71, 1),
(44, 73, 74, 1),
(45, 73, 75, 1),
(46, 76, 77, 1),
(47, 76, 78, 1),
(48, 76, 79, 1),
(49, 76, 80, 1),
(50, 76, 81, 1),
(51, 76, 82, 1),
(52, 76, 83, 1),
(53, 76, 84, 1),
(54, 76, 85, 1),
(55, 89, 90, 1),
(56, 89, 91, 1),
(57, 89, 92, 1),
(58, 89, 93, 1),
(59, 89, 94, 1),
(60, 89, 95, 1),
(61, 96, 97, 1),
(62, 96, 98, 1),
(63, 96, 99, 1),
(64, 100, 101, 1),
(65, 100, 102, 1),
(66, 103, 104, 1),
(67, 103, 105, 1),
(68, 103, 106, 1),
(69, 103, 107, 1),
(70, 103, 108, 1),
(71, 103, 109, 1),
(72, 103, 110, 1),
(73, 103, 111, 1),
(74, 103, 112, 1),
(75, 103, 113, 1),
(76, 115, 116, 1),
(77, 115, 117, 1),
(78, 115, 118, 1),
(79, 115, 119, 1),
(80, 115, 120, 1),
(81, 115, 121, 1),
(82, 115, 122, 1),
(83, 115, 123, 1),
(84, 115, 124, 1),
(85, 115, 125, 1),
(86, 129, 130, 1),
(87, 129, 131, 1),
(88, 134, 135, 1),
(89, 134, 136, 1),
(90, 134, 137, 1),
(91, 134, 138, 1),
(92, 140, 141, 1),
(93, 140, 142, 1),
(94, 140, 143, 1),
(95, 140, 144, 1),
(96, 140, 145, 1),
(97, 146, 147, 1),
(98, 146, 148, 1),
(99, 150, 151, 1),
(100, 150, 152, 1),
(101, 150, 153, 1),
(102, 150, 154, 1),
(103, 150, 158, 1),
(104, 150, 155, 1),
(105, 150, 156, 1),
(106, 150, 157, 1),
(107, 160, 161, 1),
(108, 160, 162, 1),
(109, 160, 163, 1),
(110, 160, 164, 1),
(111, 160, 165, 1),
(112, 160, 166, 1),
(113, 160, 167, 1),
(114, 160, 168, 1),
(115, 160, 169, 1),
(116, 160, 170, 1),
(117, 160, 171, 1),
(118, 160, 172, 1),
(119, 160, 173, 1),
(120, 174, 175, 1),
(121, 174, 176, 1),
(122, 174, 177, 1),
(123, 174, 178, 1),
(124, 174, 179, 1),
(125, 174, 180, 1),
(126, 174, 181, 1),
(127, 174, 182, 1),
(128, 174, 183, 1),
(129, 174, 184, 1),
(130, 174, 185, 1),
(131, 174, 186, 1),
(132, 174, 187, 1),
(133, 174, 188, 1),
(134, 174, 189, 1),
(135, 174, 190, 1),
(136, 174, 191, 1),
(137, 174, 192, 1),
(138, 174, 193, 1),
(139, 174, 194, 1),
(140, 174, 195, 1),
(141, 196, 197, 1),
(142, 196, 198, 1),
(143, 196, 199, 1),
(144, 196, 200, 1),
(145, 196, 201, 1),
(146, 196, 202, 1),
(147, 196, 203, 1),
(148, 196, 204, 1),
(149, 205, 206, 1),
(150, 205, 207, 1),
(151, 205, 208, 1),
(152, 205, 209, 1),
(153, 205, 210, 1),
(154, 205, 211, 1),
(155, 212, 213, 1),
(156, 212, 214, 1),
(157, 212, 215, 1),
(158, 212, 216, 1),
(159, 212, 217, 1),
(160, 212, 218, 1),
(161, 219, 220, 1),
(162, 219, 221, 1),
(163, 219, 222, 1),
(164, 219, 223, 1),
(165, 224, 225, 1),
(166, 224, 226, 1),
(167, 224, 227, 1),
(168, 224, 228, 1),
(169, 224, 229, 1),
(170, 224, 230, 1),
(171, 224, 231, 1),
(172, 224, 232, 1),
(173, 233, 234, 1),
(174, 233, 235, 1),
(175, 233, 236, 1),
(176, 233, 237, 1),
(177, 233, 238, 1),
(178, 233, 239, 1),
(179, 233, 240, 1),
(180, 233, 241, 1),
(181, 242, 243, 1),
(182, 242, 244, 1),
(183, 242, 245, 1),
(184, 242, 246, 1),
(185, 250, 251, 1),
(186, 250, 252, 1),
(188, 250, 254, 1),
(189, 250, 255, 1),
(190, 250, 256, 1),
(191, 250, 257, 1),
(192, 250, 258, 1),
(193, 250, 259, 1),
(194, 250, 260, 1),
(195, 250, 261, 1),
(196, 264, 265, 1),
(197, 264, 266, 1),
(198, 264, 267, 1),
(199, 269, 270, 1),
(200, 269, 271, 1),
(201, 269, 272, 1),
(202, 273, 274, 1),
(203, 273, 275, 1),
(204, 273, 276, 1),
(205, 273, 277, 1),
(206, 273, 278, 1),
(207, 279, 280, 1),
(208, 279, 281, 1),
(209, 279, 282, 1),
(210, 279, 283, 1),
(211, 279, 284, 1),
(212, 279, 285, 1),
(213, 279, 286, 1),
(214, 279, 287, 1),
(215, 279, 288, 1),
(216, 279, 289, 1),
(217, 279, 290, 1),
(218, 291, 292, 1),
(219, 291, 293, 1),
(220, 291, 294, 1),
(221, 291, 295, 1),
(222, 296, 297, 1),
(223, 296, 298, 1),
(224, 296, 299, 1),
(225, 296, 300, 1),
(226, 296, 301, 1),
(227, 296, 302, 1),
(228, 303, 304, 1),
(229, 303, 305, 1),
(230, 303, 306, 1),
(231, 303, 307, 1),
(232, 303, 308, 1),
(233, 303, 309, 1),
(234, 303, 310, 1),
(235, 303, 311, 1),
(236, 303, 312, 1),
(237, 303, 313, 1),
(238, 303, 314, 1),
(239, 303, 315, 1),
(240, 303, 316, 1),
(241, 303, 317, 1),
(242, 303, 318, 1),
(243, 319, 320, 1),
(244, 319, 321, 1),
(245, 319, 322, 1),
(246, 319, 323, 1),
(247, 324, 325, 1),
(248, 324, 326, 1),
(249, 324, 327, 1),
(250, 324, 328, 1),
(251, 329, 330, 1),
(252, 329, 331, 1),
(253, 329, 332, 1),
(254, 329, 333, 1),
(255, 329, 334, 1),
(256, 329, 335, 1),
(257, 329, 336, 1),
(258, 329, 337, 1),
(259, 329, 338, 1),
(260, 329, 339, 1),
(261, 329, 340, 1),
(262, 341, 342, 1),
(263, 341, 343, 1),
(264, 341, 344, 1),
(265, 341, 345, 1),
(266, 341, 346, 1),
(267, 347, 348, 1),
(268, 347, 349, 1),
(269, 347, 350, 1),
(270, 347, 351, 1),
(271, 347, 352, 1),
(272, 347, 353, 1),
(273, 347, 354, 1),
(274, 347, 355, 1),
(275, 347, 356, 1),
(276, 347, 357, 1),
(277, 360, 361, 1),
(278, 360, 362, 1),
(279, 363, 364, 1),
(280, 363, 365, 1),
(281, 363, 366, 1),
(282, 363, 367, 1),
(283, 363, 368, 1),
(284, 363, 369, 1),
(285, 371, 372, 1),
(286, 371, 373, 1),
(287, 374, 375, 1),
(288, 374, 376, 1),
(289, 380, 381, 1),
(290, 380, 382, 1),
(291, 380, 383, 1),
(292, 384, 385, 1),
(293, 384, 386, 1),
(294, 387, 388, 1),
(295, 387, 389, 1),
(296, 390, 391, 1),
(297, 390, 392, 1),
(298, 390, 393, 1),
(299, 394, 395, 1),
(300, 394, 396, 1),
(301, 394, 397, 1),
(302, 394, 398, 1),
(303, 394, 399, 1),
(304, 400, 401, 1),
(305, 400, 402, 1),
(306, 403, 404, 1),
(307, 403, 405, 1),
(308, 406, 407, 1),
(309, 406, 408, 1),
(310, 406, 409, 1),
(311, 406, 410, 1),
(312, 406, 411, 1),
(313, 406, 412, 1),
(314, 406, 413, 1),
(315, 406, 414, 1),
(316, 415, 416, 1),
(317, 415, 417, 1),
(318, 415, 418, 1),
(319, 415, 419, 1),
(320, 415, 420, 1),
(321, 421, 422, 1),
(322, 421, 423, 1),
(323, 421, 424, 1),
(324, 421, 425, 1),
(325, 421, 426, 1),
(326, 421, 427, 1),
(327, 421, 428, 1),
(328, 421, 429, 1),
(329, 421, 430, 1),
(330, 421, 431, 1),
(331, 421, 432, 1),
(332, 433, 434, 1),
(333, 433, 435, 1),
(334, 436, 437, 1),
(335, 436, 438, 1),
(336, 436, 439, 1),
(337, 436, 440, 1),
(338, 441, 442, 1),
(339, 441, 443, 1),
(340, 444, 445, 1),
(341, 444, 446, 1),
(342, 444, 447, 1);

-- --------------------------------------------------------

--
-- Структура таблицы `user`
--

CREATE TABLE `user` (
  `id` int(11) NOT NULL,
  `username` varchar(64) COLLATE utf8_general_mysql500_ci NOT NULL,
  `password` text COLLATE utf8_general_mysql500_ci NOT NULL,
  `admin` tinyint(1) NOT NULL DEFAULT '0',
  `email` varchar(128) COLLATE utf8_general_mysql500_ci NOT NULL
) ENGINE=InnoDB DEFAULT CHARSET=utf8 COLLATE=utf8_general_mysql500_ci;

--
-- Дамп данных таблицы `user`
--

INSERT INTO `user` (`id`, `username`, `password`, `admin`, `email`) VALUES
(1, 'Pavel Dovgalyuk', 'pbkdf2:sha256:50000$kGE9OJ4I$d0ca43526b27c624554cb1ec518c4d59dbc47fe99084967c4bc0d2591e7fa975', 1, 'pavel.dovgaluk@gmail.com'),
(2, 'TsarN', 'pbkdf2:sha256:50000$vgCqAHT4$660e77294490edec625f2b8f07e92c0c2938e59c89c105b4c0df1cabbd69a777', 0, 'TsarN');

--
-- Индексы сохранённых таблиц
--

--
-- Индексы таблицы `catalog`
--
ALTER TABLE `catalog`
  ADD PRIMARY KEY (`id`),
  ADD KEY `type_id` (`type_id`),
  ADD KEY `owner_id` (`owner_id`),
  ADD KEY `company_id` (`company_id`);

--
-- Индексы таблицы `catalog_attribute`
--
ALTER TABLE `catalog_attribute`
  ADD PRIMARY KEY (`id`),
  ADD KEY `catalog_id` (`catalog_id`);

--
-- Индексы таблицы `catalog_comment`
--
ALTER TABLE `catalog_comment`
  ADD PRIMARY KEY (`comment_id`),
  ADD KEY `ref_id` (`ref_id`);

--
-- Индексы таблицы `catalog_history`
--
ALTER TABLE `catalog_history`
  ADD PRIMARY KEY (`id`),
  ADD KEY `catalog_id` (`catalog_id`),
  ADD KEY `user_id` (`user_id`);

--
-- Индексы таблицы `catalog_item_relation`
--
ALTER TABLE `catalog_item_relation`
  ADD PRIMARY KEY (`id`),
  ADD KEY `catalog_id` (`catalog_id`),
  ADD KEY `item_id` (`item_id`);

--
-- Индексы таблицы `catalog_relation`
--
ALTER TABLE `catalog_relation`
  ADD PRIMARY KEY (`id`),
  ADD KEY `catalog_id1` (`catalog_id1`),
  ADD KEY `catalog_id2` (`catalog_id2`);

--
-- Индексы таблицы `catalog_type`
--
ALTER TABLE `catalog_type`
  ADD PRIMARY KEY (`id`);

--
-- Индексы таблицы `collection`
--
ALTER TABLE `collection`
  ADD PRIMARY KEY (`id`),
  ADD KEY `owner_id` (`owner_id`);

--
-- Индексы таблицы `comment`
--
ALTER TABLE `comment`
  ADD PRIMARY KEY (`id`),
  ADD KEY `user_id` (`user_id`);

--
-- Индексы таблицы `company`
--
ALTER TABLE `company`
  ADD PRIMARY KEY (`id`);

--
-- Индексы таблицы `image`
--
ALTER TABLE `image`
  ADD PRIMARY KEY (`id`),
  ADD KEY `owner_id` (`owner_id`);

--
-- Индексы таблицы `item`
--
ALTER TABLE `item`
  ADD PRIMARY KEY (`id`),
  ADD KEY `catalog_id` (`catalog_id`),
  ADD KEY `collection_id` (`collection_id`);

--
-- Индексы таблицы `item_attribute`
--
ALTER TABLE `item_attribute`
  ADD PRIMARY KEY (`id`),
  ADD KEY `item_id` (`item_id`);

--
-- Индексы таблицы `item_comment`
--
ALTER TABLE `item_comment`
  ADD PRIMARY KEY (`comment_id`),
  ADD KEY `ref_id` (`ref_id`);

--
-- Индексы таблицы `item_relation`
--
ALTER TABLE `item_relation`
  ADD PRIMARY KEY (`id`),
  ADD KEY `item_id1` (`item_id1`),
  ADD KEY `item_id2` (`item_id2`);

--
-- Индексы таблицы `user`
--
ALTER TABLE `user`
  ADD PRIMARY KEY (`id`),
  ADD UNIQUE KEY `email` (`email`);

--
-- AUTO_INCREMENT для сохранённых таблиц
--

--
-- AUTO_INCREMENT для таблицы `catalog`
--
ALTER TABLE `catalog`
  MODIFY `id` int(11) NOT NULL AUTO_INCREMENT, AUTO_INCREMENT=2069;
--
-- AUTO_INCREMENT для таблицы `catalog_attribute`
--
ALTER TABLE `catalog_attribute`
  MODIFY `id` int(11) NOT NULL AUTO_INCREMENT, AUTO_INCREMENT=82;
--
-- AUTO_INCREMENT для таблицы `catalog_history`
--
ALTER TABLE `catalog_history`
  MODIFY `id` int(11) NOT NULL AUTO_INCREMENT;
--
-- AUTO_INCREMENT для таблицы `catalog_item_relation`
--
ALTER TABLE `catalog_item_relation`
  MODIFY `id` int(11) NOT NULL AUTO_INCREMENT, AUTO_INCREMENT=3;
--
-- AUTO_INCREMENT для таблицы `catalog_relation`
--
ALTER TABLE `catalog_relation`
  MODIFY `id` int(11) NOT NULL AUTO_INCREMENT, AUTO_INCREMENT=636;
--
-- AUTO_INCREMENT для таблицы `catalog_type`
--
ALTER TABLE `catalog_type`
  MODIFY `id` int(11) NOT NULL AUTO_INCREMENT, AUTO_INCREMENT=24;
--
-- AUTO_INCREMENT для таблицы `collection`
--
ALTER TABLE `collection`
  MODIFY `id` int(11) NOT NULL AUTO_INCREMENT, AUTO_INCREMENT=3;
--
-- AUTO_INCREMENT для таблицы `comment`
--
ALTER TABLE `comment`
  MODIFY `id` int(11) NOT NULL AUTO_INCREMENT, AUTO_INCREMENT=2;
--
-- AUTO_INCREMENT для таблицы `company`
--
ALTER TABLE `company`
  MODIFY `id` int(11) NOT NULL AUTO_INCREMENT, AUTO_INCREMENT=502;
--
-- AUTO_INCREMENT для таблицы `image`
--
ALTER TABLE `image`
  MODIFY `id` int(11) NOT NULL AUTO_INCREMENT, AUTO_INCREMENT=152;
--
-- AUTO_INCREMENT для таблицы `item`
--
ALTER TABLE `item`
  MODIFY `id` int(11) NOT NULL AUTO_INCREMENT, AUTO_INCREMENT=448;
--
-- AUTO_INCREMENT для таблицы `item_attribute`
--
ALTER TABLE `item_attribute`
  MODIFY `id` int(11) NOT NULL AUTO_INCREMENT, AUTO_INCREMENT=70;
--
-- AUTO_INCREMENT для таблицы `item_relation`
--
ALTER TABLE `item_relation`
  MODIFY `id` int(11) NOT NULL AUTO_INCREMENT, AUTO_INCREMENT=343;
--
-- AUTO_INCREMENT для таблицы `user`
--
ALTER TABLE `user`
  MODIFY `id` int(11) NOT NULL AUTO_INCREMENT, AUTO_INCREMENT=3;
--
-- Ограничения внешнего ключа сохраненных таблиц
--

--
-- Ограничения внешнего ключа таблицы `catalog`
--
ALTER TABLE `catalog`
  ADD CONSTRAINT `catalog_ibfk_1` FOREIGN KEY (`type_id`) REFERENCES `catalog_type` (`id`),
  ADD CONSTRAINT `catalog_ibfk_2` FOREIGN KEY (`owner_id`) REFERENCES `user` (`id`),
  ADD CONSTRAINT `catalog_ibfk_3` FOREIGN KEY (`company_id`) REFERENCES `company` (`id`);

--
-- Ограничения внешнего ключа таблицы `catalog_attribute`
--
ALTER TABLE `catalog_attribute`
  ADD CONSTRAINT `catalog_attribute_ibfk_1` FOREIGN KEY (`catalog_id`) REFERENCES `catalog` (`id`);

--
-- Ограничения внешнего ключа таблицы `catalog_comment`
--
ALTER TABLE `catalog_comment`
  ADD CONSTRAINT `catalog_comment_ibfk_1` FOREIGN KEY (`comment_id`) REFERENCES `comment` (`id`),
  ADD CONSTRAINT `catalog_comment_ibfk_2` FOREIGN KEY (`ref_id`) REFERENCES `catalog` (`id`);

--
-- Ограничения внешнего ключа таблицы `catalog_history`
--
ALTER TABLE `catalog_history`
  ADD CONSTRAINT `catalog_history_ibfk_1` FOREIGN KEY (`catalog_id`) REFERENCES `catalog` (`id`),
  ADD CONSTRAINT `catalog_history_ibfk_2` FOREIGN KEY (`user_id`) REFERENCES `user` (`id`);

--
-- Ограничения внешнего ключа таблицы `catalog_item_relation`
--
ALTER TABLE `catalog_item_relation`
  ADD CONSTRAINT `catalog_item_relation_ibfk_1` FOREIGN KEY (`catalog_id`) REFERENCES `catalog` (`id`),
  ADD CONSTRAINT `catalog_item_relation_ibfk_2` FOREIGN KEY (`item_id`) REFERENCES `item` (`id`);

--
-- Ограничения внешнего ключа таблицы `catalog_relation`
--
ALTER TABLE `catalog_relation`
  ADD CONSTRAINT `catalog_relation_ibfk_1` FOREIGN KEY (`catalog_id1`) REFERENCES `catalog` (`id`),
  ADD CONSTRAINT `catalog_relation_ibfk_2` FOREIGN KEY (`catalog_id2`) REFERENCES `catalog` (`id`);

--
-- Ограничения внешнего ключа таблицы `collection`
--
ALTER TABLE `collection`
  ADD CONSTRAINT `collection_ibfk_1` FOREIGN KEY (`owner_id`) REFERENCES `user` (`id`);

--
-- Ограничения внешнего ключа таблицы `comment`
--
ALTER TABLE `comment`
  ADD CONSTRAINT `comment_ibfk_1` FOREIGN KEY (`user_id`) REFERENCES `user` (`id`);

--
-- Ограничения внешнего ключа таблицы `image`
--
ALTER TABLE `image`
  ADD CONSTRAINT `image_ibfk_1` FOREIGN KEY (`owner_id`) REFERENCES `user` (`id`);

--
-- Ограничения внешнего ключа таблицы `item`
--
ALTER TABLE `item`
  ADD CONSTRAINT `item_ibfk_1` FOREIGN KEY (`catalog_id`) REFERENCES `catalog` (`id`),
  ADD CONSTRAINT `item_ibfk_2` FOREIGN KEY (`collection_id`) REFERENCES `collection` (`id`);

--
-- Ограничения внешнего ключа таблицы `item_attribute`
--
ALTER TABLE `item_attribute`
  ADD CONSTRAINT `item_attribute_ibfk_1` FOREIGN KEY (`item_id`) REFERENCES `item` (`id`);

--
-- Ограничения внешнего ключа таблицы `item_comment`
--
ALTER TABLE `item_comment`
  ADD CONSTRAINT `item_comment_ibfk_1` FOREIGN KEY (`comment_id`) REFERENCES `comment` (`id`),
  ADD CONSTRAINT `item_comment_ibfk_2` FOREIGN KEY (`ref_id`) REFERENCES `item` (`id`);

--
-- Ограничения внешнего ключа таблицы `item_relation`
--
ALTER TABLE `item_relation`
  ADD CONSTRAINT `item_relation_ibfk_1` FOREIGN KEY (`item_id1`) REFERENCES `item` (`id`),
  ADD CONSTRAINT `item_relation_ibfk_2` FOREIGN KEY (`item_id2`) REFERENCES `item` (`id`);

/*!40101 SET CHARACTER_SET_CLIENT=@OLD_CHARACTER_SET_CLIENT */;
/*!40101 SET CHARACTER_SET_RESULTS=@OLD_CHARACTER_SET_RESULTS */;
/*!40101 SET COLLATION_CONNECTION=@OLD_COLLATION_CONNECTION */;
